pv_kw,battery_kwh,connections,inverter_kw,inverter_limits_battery,lcoe,feasible,worst_year_unmet_fraction,unmet_fraction,scenario
20,0,300,160,True,2.76486,False,0.930676,0.886164,rwanda pen=1.0 phi=0.0 flat
20,20,300,160,True,2.79061,False,0.930676,0.885579,rwanda pen=1.0 phi=0.0 flat
20,40,300,160,True,2.84213,False,0.930676,0.885576,rwanda pen=1.0 phi=0.0 flat
20,60,300,160,True,2.89365,False,0.930676,0.885573,rwanda pen=1.0 phi=0.0 flat
20,80,300,160,True,2.94516,False,0.930676,0.885569,rwanda pen=1.0 phi=0.0 flat
20,100,300,160,True,2.99667,False,0.930676,0.885566,rwanda pen=1.0 phi=0.0 flat
20,120,300,160,True,3.04817,False,0.930676,0.885562,rwanda pen=1.0 phi=0.0 flat
20,140,300,160,True,3.09967,False,0.930676,0.885559,rwanda pen=1.0 phi=0.0 flat
20,160,300,160,True,3.15117,False,0.930676,0.885556,rwanda pen=1.0 phi=0.0 flat
20,180,300,160,True,3.20266,False,0.930676,0.885552,rwanda pen=1.0 phi=0.0 flat
20,200,300,160,True,3.25414,False,0.930676,0.885549,rwanda pen=1.0 phi=0.0 flat
20,220,300,160,True,3.30562,False,0.930676,0.885546,rwanda pen=1.0 phi=0.0 flat
20,240,300,160,True,3.3571,False,0.930676,0.885542,rwanda pen=1.0 phi=0.0 flat
20,260,300,160,True,3.40857,False,0.930676,0.885539,rwanda pen=1.0 phi=0.0 flat
20,280,300,160,True,3.46004,False,0.930676,0.885536,rwanda pen=1.0 phi=0.0 flat
20,300,300,160,True,3.5115,False,0.930676,0.885532,rwanda pen=1.0 phi=0.0 flat
20,320,300,160,True,3.56296,False,0.930676,0.885529,rwanda pen=1.0 phi=0.0 flat
20,340,300,160,True,3.61441,False,0.930676,0.885525,rwanda pen=1.0 phi=0.0 flat
20,360,300,160,True,3.66586,False,0.930676,0.885522,rwanda pen=1.0 phi=0.0 flat
20,380,300,160,True,3.7173,False,0.930676,0.885519,rwanda pen=1.0 phi=0.0 flat
20,400,300,160,True,3.76874,False,0.930676,0.885515,rwanda pen=1.0 phi=0.0 flat
20,420,300,160,True,3.82017,False,0.930676,0.885512,rwanda pen=1.0 phi=0.0 flat
20,440,300,160,True,3.8716,False,0.930676,0.885509,rwanda pen=1.0 phi=0.0 flat
20,460,300,160,True,3.92303,False,0.930676,0.885505,rwanda pen=1.0 phi=0.0 flat
20,480,300,160,True,3.97445,False,0.930676,0.885502,rwanda pen=1.0 phi=0.0 flat
20,500,300,160,True,4.02586,False,0.930676,0.885499,rwanda pen=1.0 phi=0.0 flat
20,520,300,160,True,4.07727,False,0.930676,0.885495,rwanda pen=1.0 phi=0.0 flat
20,540,300,160,True,4.12868,False,0.930676,0.885492,rwanda pen=1.0 phi=0.0 flat
20,560,300,160,True,4.18008,False,0.930676,0.885488,rwanda pen=1.0 phi=0.0 flat
20,580,300,160,True,4.23148,False,0.930676,0.885485,rwanda pen=1.0 phi=0.0 flat
20,600,300,160,True,4.28287,False,0.930676,0.885482,rwanda pen=1.0 phi=0.0 flat
20,620,300,160,True,4.33426,False,0.930676,0.885478,rwanda pen=1.0 phi=0.0 flat
20,640,300,160,True,4.38564,False,0.930676,0.885475,rwanda pen=1.0 phi=0.0 flat
20,660,300,160,True,4.43702,False,0.930676,0.885472,rwanda pen=1.0 phi=0.0 flat
20,680,300,160,True,4.48839,False,0.930676,0.885468,rwanda pen=1.0 phi=0.0 flat
20,700,300,160,True,4.53976,False,0.930676,0.885465,rwanda pen=1.0 phi=0.0 flat
20,720,300,160,True,4.59113,False,0.930676,0.885462,rwanda pen=1.0 phi=0.0 flat
20,740,300,160,True,4.64249,False,0.930676,0.885458,rwanda pen=1.0 phi=0.0 flat
20,760,300,160,True,4.69384,False,0.930676,0.885455,rwanda pen=1.0 phi=0.0 flat
20,780,300,160,True,4.74519,False,0.930676,0.885451,rwanda pen=1.0 phi=0.0 flat
20,800,300,160,True,4.79654,False,0.930676,0.885448,rwanda pen=1.0 phi=0.0 flat
20,820,300,160,True,4.84788,False,0.930676,0.885445,rwanda pen=1.0 phi=0.0 flat
20,840,300,160,True,4.89922,False,0.930676,0.885441,rwanda pen=1.0 phi=0.0 flat
20,860,300,160,True,4.95055,False,0.930676,0.885438,rwanda pen=1.0 phi=0.0 flat
20,880,300,160,True,5.00188,False,0.930676,0.885435,rwanda pen=1.0 phi=0.0 flat
20,900,300,160,True,5.0532,False,0.930676,0.885431,rwanda pen=1.0 phi=0.0 flat
20,920,300,160,True,5.10452,False,0.930676,0.885428,rwanda pen=1.0 phi=0.0 flat
20,940,300,160,True,5.15583,False,0.930676,0.885425,rwanda pen=1.0 phi=0.0 flat
20,960,300,160,True,5.20714,False,0.930676,0.885421,rwanda pen=1.0 phi=0.0 flat
20,980,300,160,True,5.25844,False,0.930676,0.885418,rwanda pen=1.0 phi=0.0 flat
20,1000,300,160,True,5.30974,False,0.930676,0.885414,rwanda pen=1.0 phi=0.0 flat
20,1020,300,160,True,5.36104,False,0.930676,0.885411,rwanda pen=1.0 phi=0.0 flat
20,1040,300,160,True,5.41233,False,0.930676,0.885408,rwanda pen=1.0 phi=0.0 flat
20,1060,300,160,True,5.46361,False,0.930676,0.885404,rwanda pen=1.0 phi=0.0 flat
20,1080,300,160,True,5.5149,False,0.930676,0.885401,rwanda pen=1.0 phi=0.0 flat
20,1100,300,160,True,5.56617,False,0.930676,0.885398,rwanda pen=1.0 phi=0.0 flat
20,1120,300,160,True,5.61744,False,0.930676,0.885394,rwanda pen=1.0 phi=0.0 flat
20,1140,300,160,True,5.66871,False,0.930676,0.885391,rwanda pen=1.0 phi=0.0 flat
20,1160,300,160,True,5.71997,False,0.930676,0.885388,rwanda pen=1.0 phi=0.0 flat
20,1180,300,160,True,5.77123,False,0.930676,0.885384,rwanda pen=1.0 phi=0.0 flat
20,1200,300,160,True,5.82249,False,0.930676,0.885381,rwanda pen=1.0 phi=0.0 flat
20,1220,300,160,True,5.87373,False,0.930676,0.885377,rwanda pen=1.0 phi=0.0 flat
20,1240,300,160,True,5.92498,False,0.930676,0.885374,rwanda pen=1.0 phi=0.0 flat
20,1260,300,160,True,5.97622,False,0.930676,0.885371,rwanda pen=1.0 phi=0.0 flat
20,1280,300,160,True,6.02745,False,0.930676,0.885367,rwanda pen=1.0 phi=0.0 flat
20,1300,300,160,True,6.07868,False,0.930676,0.885364,rwanda pen=1.0 phi=0.0 flat
20,1320,300,160,True,6.12991,False,0.930676,0.885361,rwanda pen=1.0 phi=0.0 flat
20,1340,300,160,True,6.18113,False,0.930676,0.885357,rwanda pen=1.0 phi=0.0 flat
20,1360,300,160,True,6.23235,False,0.930676,0.885354,rwanda pen=1.0 phi=0.0 flat
20,1380,300,160,True,6.28356,False,0.930676,0.885351,rwanda pen=1.0 phi=0.0 flat
20,1400,300,160,True,6.33477,False,0.930676,0.885347,rwanda pen=1.0 phi=0.0 flat
25,0,300,160,True,2.28068,False,0.913349,0.859006,rwanda pen=1.0 phi=0.0 flat
25,20,300,160,True,2.27003,False,0.913345,0.857107,rwanda pen=1.0 phi=0.0 flat
25,40,300,160,True,2.31126,False,0.913345,0.857102,rwanda pen=1.0 phi=0.0 flat
25,60,300,160,True,2.35255,False,0.913345,0.857098,rwanda pen=1.0 phi=0.0 flat
25,80,300,160,True,2.39385,False,0.913345,0.857095,rwanda pen=1.0 phi=0.0 flat
25,100,300,160,True,2.43514,False,0.913345,0.857092,rwanda pen=1.0 phi=0.0 flat
25,120,300,160,True,2.47642,False,0.913345,0.857088,rwanda pen=1.0 phi=0.0 flat
25,140,300,160,True,2.51771,False,0.913345,0.857085,rwanda pen=1.0 phi=0.0 flat
25,160,300,160,True,2.55899,False,0.913345,0.857081,rwanda pen=1.0 phi=0.0 flat
25,180,300,160,True,2.60027,False,0.913345,0.857078,rwanda pen=1.0 phi=0.0 flat
25,200,300,160,True,2.64154,False,0.913345,0.857075,rwanda pen=1.0 phi=0.0 flat
25,220,300,160,True,2.68282,False,0.913345,0.857071,rwanda pen=1.0 phi=0.0 flat
25,240,300,160,True,2.72408,False,0.913345,0.857068,rwanda pen=1.0 phi=0.0 flat
25,260,300,160,True,2.76535,False,0.913345,0.857065,rwanda pen=1.0 phi=0.0 flat
25,280,300,160,True,2.80661,False,0.913345,0.857061,rwanda pen=1.0 phi=0.0 flat
25,300,300,160,True,2.84788,False,0.913345,0.857058,rwanda pen=1.0 phi=0.0 flat
25,320,300,160,True,2.88913,False,0.913345,0.857055,rwanda pen=1.0 phi=0.0 flat
25,340,300,160,True,2.93039,False,0.913345,0.857051,rwanda pen=1.0 phi=0.0 flat
25,360,300,160,True,2.97164,False,0.913345,0.857048,rwanda pen=1.0 phi=0.0 flat
25,380,300,160,True,3.01289,False,0.913345,0.857044,rwanda pen=1.0 phi=0.0 flat
25,400,300,160,True,3.05413,False,0.913345,0.857041,rwanda pen=1.0 phi=0.0 flat
25,420,300,160,True,3.09537,False,0.913345,0.857038,rwanda pen=1.0 phi=0.0 flat
25,440,300,160,True,3.13661,False,0.913345,0.857034,rwanda pen=1.0 phi=0.0 flat
25,460,300,160,True,3.17785,False,0.913345,0.857031,rwanda pen=1.0 phi=0.0 flat
25,480,300,160,True,3.21908,False,0.913345,0.857028,rwanda pen=1.0 phi=0.0 flat
25,500,300,160,True,3.26031,False,0.913345,0.857024,rwanda pen=1.0 phi=0.0 flat
25,520,300,160,True,3.30154,False,0.913345,0.857021,rwanda pen=1.0 phi=0.0 flat
25,540,300,160,True,3.34277,False,0.913345,0.857018,rwanda pen=1.0 phi=0.0 flat
25,560,300,160,True,3.38399,False,0.913345,0.857014,rwanda pen=1.0 phi=0.0 flat
25,580,300,160,True,3.42521,False,0.913345,0.857011,rwanda pen=1.0 phi=0.0 flat
25,600,300,160,True,3.46642,False,0.913345,0.857007,rwanda pen=1.0 phi=0.0 flat
25,620,300,160,True,3.50764,False,0.913345,0.857004,rwanda pen=1.0 phi=0.0 flat
25,640,300,160,True,3.54885,False,0.913345,0.857001,rwanda pen=1.0 phi=0.0 flat
25,660,300,160,True,3.59005,False,0.913345,0.856997,rwanda pen=1.0 phi=0.0 flat
25,680,300,160,True,3.63126,False,0.913345,0.856994,rwanda pen=1.0 phi=0.0 flat
25,700,300,160,True,3.67246,False,0.913345,0.856991,rwanda pen=1.0 phi=0.0 flat
25,720,300,160,True,3.71365,False,0.913345,0.856987,rwanda pen=1.0 phi=0.0 flat
25,740,300,160,True,3.75485,False,0.913345,0.856984,rwanda pen=1.0 phi=0.0 flat
25,760,300,160,True,3.79604,False,0.913345,0.856981,rwanda pen=1.0 phi=0.0 flat
25,780,300,160,True,3.83723,False,0.913345,0.856977,rwanda pen=1.0 phi=0.0 flat
25,800,300,160,True,3.87842,False,0.913345,0.856974,rwanda pen=1.0 phi=0.0 flat
25,820,300,160,True,3.9196,False,0.913345,0.85697,rwanda pen=1.0 phi=0.0 flat
25,840,300,160,True,3.96078,False,0.913345,0.856967,rwanda pen=1.0 phi=0.0 flat
25,860,300,160,True,4.00195,False,0.913345,0.856964,rwanda pen=1.0 phi=0.0 flat
25,880,300,160,True,4.04313,False,0.913345,0.85696,rwanda pen=1.0 phi=0.0 flat
25,900,300,160,True,4.0843,False,0.913345,0.856957,rwanda pen=1.0 phi=0.0 flat
25,920,300,160,True,4.12547,False,0.913345,0.856954,rwanda pen=1.0 phi=0.0 flat
25,940,300,160,True,4.16663,False,0.913345,0.85695,rwanda pen=1.0 phi=0.0 flat
25,960,300,160,True,4.20779,False,0.913345,0.856947,rwanda pen=1.0 phi=0.0 flat
25,980,300,160,True,4.24895,False,0.913345,0.856944,rwanda pen=1.0 phi=0.0 flat
25,1000,300,160,True,4.29011,False,0.913345,0.85694,rwanda pen=1.0 phi=0.0 flat
25,1020,300,160,True,4.33126,False,0.913345,0.856937,rwanda pen=1.0 phi=0.0 flat
25,1040,300,160,True,4.37241,False,0.913345,0.856933,rwanda pen=1.0 phi=0.0 flat
25,1060,300,160,True,4.41356,False,0.913345,0.85693,rwanda pen=1.0 phi=0.0 flat
25,1080,300,160,True,4.4547,False,0.913345,0.856927,rwanda pen=1.0 phi=0.0 flat
25,1100,300,160,True,4.49585,False,0.913345,0.856923,rwanda pen=1.0 phi=0.0 flat
25,1120,300,160,True,4.53698,False,0.913345,0.85692,rwanda pen=1.0 phi=0.0 flat
25,1140,300,160,True,4.57812,False,0.913345,0.856917,rwanda pen=1.0 phi=0.0 flat
25,1160,300,160,True,4.61925,False,0.913345,0.856913,rwanda pen=1.0 phi=0.0 flat
25,1180,300,160,True,4.66038,False,0.913345,0.85691,rwanda pen=1.0 phi=0.0 flat
25,1200,300,160,True,4.70151,False,0.913345,0.856907,rwanda pen=1.0 phi=0.0 flat
25,1220,300,160,True,4.74263,False,0.913345,0.856903,rwanda pen=1.0 phi=0.0 flat
25,1240,300,160,True,4.78375,False,0.913345,0.8569,rwanda pen=1.0 phi=0.0 flat
25,1260,300,160,True,4.82487,False,0.913345,0.856896,rwanda pen=1.0 phi=0.0 flat
25,1280,300,160,True,4.86598,False,0.913345,0.856893,rwanda pen=1.0 phi=0.0 flat
25,1300,300,160,True,4.90709,False,0.913345,0.85689,rwanda pen=1.0 phi=0.0 flat
25,1320,300,160,True,4.9482,False,0.913345,0.856886,rwanda pen=1.0 phi=0.0 flat
25,1340,300,160,True,4.98931,False,0.913345,0.856883,rwanda pen=1.0 phi=0.0 flat
25,1360,300,160,True,5.03041,False,0.913345,0.85688,rwanda pen=1.0 phi=0.0 flat
25,1380,300,160,True,5.07151,False,0.913345,0.856876,rwanda pen=1.0 phi=0.0 flat
25,1400,300,160,True,5.11261,False,0.913345,0.856873,rwanda pen=1.0 phi=0.0 flat
30,0,300,160,True,1.96937,False,0.89605,0.833025,rwanda pen=1.0 phi=0.0 flat
30,20,300,160,True,1.92604,False,0.896017,0.828842,rwanda pen=1.0 phi=0.0 flat
30,40,300,160,True,1.95835,False,0.896017,0.828745,rwanda pen=1.0 phi=0.0 flat
30,60,300,160,True,1.99285,False,0.896017,0.828742,rwanda pen=1.0 phi=0.0 flat
30,80,300,160,True,2.02734,False,0.896017,0.828738,rwanda pen=1.0 phi=0.0 flat
30,100,300,160,True,2.06183,False,0.896017,0.828735,rwanda pen=1.0 phi=0.0 flat
30,120,300,160,True,2.09631,False,0.896017,0.828732,rwanda pen=1.0 phi=0.0 flat
30,140,300,160,True,2.1308,False,0.896017,0.828728,rwanda pen=1.0 phi=0.0 flat
30,160,300,160,True,2.16528,False,0.896017,0.828725,rwanda pen=1.0 phi=0.0 flat
30,180,300,160,True,2.19976,False,0.896017,0.828722,rwanda pen=1.0 phi=0.0 flat
30,200,300,160,True,2.23424,False,0.896017,0.828718,rwanda pen=1.0 phi=0.0 flat
30,220,300,160,True,2.26871,False,0.896017,0.828715,rwanda pen=1.0 phi=0.0 flat
30,240,300,160,True,2.30319,False,0.896017,0.828711,rwanda pen=1.0 phi=0.0 flat
30,260,300,160,True,2.33766,False,0.896017,0.828708,rwanda pen=1.0 phi=0.0 flat
30,280,300,160,True,2.37213,False,0.896017,0.828705,rwanda pen=1.0 phi=0.0 flat
30,300,300,160,True,2.4066,False,0.896017,0.828701,rwanda pen=1.0 phi=0.0 flat
30,320,300,160,True,2.44106,False,0.896017,0.828698,rwanda pen=1.0 phi=0.0 flat
30,340,300,160,True,2.47553,False,0.896017,0.828695,rwanda pen=1.0 phi=0.0 flat
30,360,300,160,True,2.50999,False,0.896017,0.828691,rwanda pen=1.0 phi=0.0 flat
30,380,300,160,True,2.54445,False,0.896017,0.828688,rwanda pen=1.0 phi=0.0 flat
30,400,300,160,True,2.5789,False,0.896017,0.828685,rwanda pen=1.0 phi=0.0 flat
30,420,300,160,True,2.61336,False,0.896017,0.828681,rwanda pen=1.0 phi=0.0 flat
30,440,300,160,True,2.64781,False,0.896017,0.828678,rwanda pen=1.0 phi=0.0 flat
30,460,300,160,True,2.68226,False,0.896017,0.828674,rwanda pen=1.0 phi=0.0 flat
30,480,300,160,True,2.71671,False,0.896017,0.828671,rwanda pen=1.0 phi=0.0 flat
30,500,300,160,True,2.75116,False,0.896017,0.828668,rwanda pen=1.0 phi=0.0 flat
30,520,300,160,True,2.7856,False,0.896017,0.828664,rwanda pen=1.0 phi=0.0 flat
30,540,300,160,True,2.82005,False,0.896017,0.828661,rwanda pen=1.0 phi=0.0 flat
30,560,300,160,True,2.85449,False,0.896017,0.828658,rwanda pen=1.0 phi=0.0 flat
30,580,300,160,True,2.88893,False,0.896017,0.828654,rwanda pen=1.0 phi=0.0 flat
30,600,300,160,True,2.92336,False,0.896017,0.828651,rwanda pen=1.0 phi=0.0 flat
30,620,300,160,True,2.9578,False,0.896017,0.828648,rwanda pen=1.0 phi=0.0 flat
30,640,300,160,True,2.99223,False,0.896017,0.828644,rwanda pen=1.0 phi=0.0 flat
30,660,300,160,True,3.02666,False,0.896017,0.828641,rwanda pen=1.0 phi=0.0 flat
30,680,300,160,True,3.06109,False,0.896017,0.828637,rwanda pen=1.0 phi=0.0 flat
30,700,300,160,True,3.09551,False,0.896017,0.828634,rwanda pen=1.0 phi=0.0 flat
30,720,300,160,True,3.12994,False,0.896017,0.828631,rwanda pen=1.0 phi=0.0 flat
30,740,300,160,True,3.16436,False,0.896017,0.828627,rwanda pen=1.0 phi=0.0 flat
30,760,300,160,True,3.19878,False,0.896017,0.828624,rwanda pen=1.0 phi=0.0 flat
30,780,300,160,True,3.2332,False,0.896017,0.828621,rwanda pen=1.0 phi=0.0 flat
30,800,300,160,True,3.26761,False,0.896017,0.828617,rwanda pen=1.0 phi=0.0 flat
30,820,300,160,True,3.30203,False,0.896017,0.828614,rwanda pen=1.0 phi=0.0 flat
30,840,300,160,True,3.33644,False,0.896017,0.828611,rwanda pen=1.0 phi=0.0 flat
30,860,300,160,True,3.37085,False,0.896017,0.828607,rwanda pen=1.0 phi=0.0 flat
30,880,300,160,True,3.40526,False,0.896017,0.828604,rwanda pen=1.0 phi=0.0 flat
30,900,300,160,True,3.43966,False,0.896017,0.8286,rwanda pen=1.0 phi=0.0 flat
30,920,300,160,True,3.47407,False,0.896017,0.828597,rwanda pen=1.0 phi=0.0 flat
30,940,300,160,True,3.50847,False,0.896017,0.828594,rwanda pen=1.0 phi=0.0 flat
30,960,300,160,True,3.54287,False,0.896017,0.82859,rwanda pen=1.0 phi=0.0 flat
30,980,300,160,True,3.57726,False,0.896017,0.828587,rwanda pen=1.0 phi=0.0 flat
30,1000,300,160,True,3.61166,False,0.896017,0.828584,rwanda pen=1.0 phi=0.0 flat
30,1020,300,160,True,3.64605,False,0.896017,0.82858,rwanda pen=1.0 phi=0.0 flat
30,1040,300,160,True,3.68044,False,0.896017,0.828577,rwanda pen=1.0 phi=0.0 flat
30,1060,300,160,True,3.71483,False,0.896017,0.828574,rwanda pen=1.0 phi=0.0 flat
30,1080,300,160,True,3.74922,False,0.896017,0.82857,rwanda pen=1.0 phi=0.0 flat
30,1100,300,160,True,3.7836,False,0.896017,0.828567,rwanda pen=1.0 phi=0.0 flat
30,1120,300,160,True,3.81798,False,0.896017,0.828563,rwanda pen=1.0 phi=0.0 flat
30,1140,300,160,True,3.85236,False,0.896017,0.82856,rwanda pen=1.0 phi=0.0 flat
30,1160,300,160,True,3.88674,False,0.896017,0.828557,rwanda pen=1.0 phi=0.0 flat
30,1180,300,160,True,3.92112,False,0.896017,0.828553,rwanda pen=1.0 phi=0.0 flat
30,1200,300,160,True,3.95549,False,0.896017,0.82855,rwanda pen=1.0 phi=0.0 flat
30,1220,300,160,True,3.98987,False,0.896017,0.828547,rwanda pen=1.0 phi=0.0 flat
30,1240,300,160,True,4.02424,False,0.896017,0.828543,rwanda pen=1.0 phi=0.0 flat
30,1260,300,160,True,4.0586,False,0.896017,0.82854,rwanda pen=1.0 phi=0.0 flat
30,1280,300,160,True,4.09297,False,0.896017,0.828537,rwanda pen=1.0 phi=0.0 flat
30,1300,300,160,True,4.12733,False,0.896017,0.828533,rwanda pen=1.0 phi=0.0 flat
30,1320,300,160,True,4.16169,False,0.896017,0.82853,rwanda pen=1.0 phi=0.0 flat
30,1340,300,160,True,4.19605,False,0.896017,0.828526,rwanda pen=1.0 phi=0.0 flat
30,1360,300,160,True,4.23041,False,0.896017,0.828523,rwanda pen=1.0 phi=0.0 flat
30,1380,300,160,True,4.26477,False,0.896017,0.82852,rwanda pen=1.0 phi=0.0 flat
30,1400,300,160,True,4.29912,False,0.896017,0.828516,rwanda pen=1.0 phi=0.0 flat
35,0,300,160,True,1.75631,False,0.878823,0.808434,rwanda pen=1.0 phi=0.0 flat
35,20,300,160,True,1.69114,False,0.878696,0.801358,rwanda pen=1.0 phi=0.0 flat
35,40,300,160,True,1.70714,False,0.878696,0.800534,rwanda pen=1.0 phi=0.0 flat
35,60,300,160,True,1.73665,False,0.878696,0.800524,rwanda pen=1.0 phi=0.0 flat
35,80,300,160,True,1.76629,False,0.878696,0.800521,rwanda pen=1.0 phi=0.0 flat
35,100,300,160,True,1.79593,False,0.878696,0.800517,rwanda pen=1.0 phi=0.0 flat
35,120,300,160,True,1.82557,False,0.878696,0.800514,rwanda pen=1.0 phi=0.0 flat
35,140,300,160,True,1.8552,False,0.878696,0.800511,rwanda pen=1.0 phi=0.0 flat
35,160,300,160,True,1.88483,False,0.878696,0.800507,rwanda pen=1.0 phi=0.0 flat
35,180,300,160,True,1.91447,False,0.878696,0.800504,rwanda pen=1.0 phi=0.0 flat
35,200,300,160,True,1.9441,False,0.878696,0.800501,rwanda pen=1.0 phi=0.0 flat
35,220,300,160,True,1.97373,False,0.878696,0.800497,rwanda pen=1.0 phi=0.0 flat
35,240,300,160,True,2.00335,False,0.878696,0.800494,rwanda pen=1.0 phi=0.0 flat
35,260,300,160,True,2.03298,False,0.878696,0.800491,rwanda pen=1.0 phi=0.0 flat
35,280,300,160,True,2.06261,False,0.878696,0.800487,rwanda pen=1.0 phi=0.0 flat
35,300,300,160,True,2.09223,False,0.878696,0.800484,rwanda pen=1.0 phi=0.0 flat
35,320,300,160,True,2.12185,False,0.878696,0.80048,rwanda pen=1.0 phi=0.0 flat
35,340,300,160,True,2.15147,False,0.878696,0.800477,rwanda pen=1.0 phi=0.0 flat
35,360,300,160,True,2.18109,False,0.878696,0.800474,rwanda pen=1.0 phi=0.0 flat
35,380,300,160,True,2.2107,False,0.878696,0.80047,rwanda pen=1.0 phi=0.0 flat
35,400,300,160,True,2.24032,False,0.878696,0.800467,rwanda pen=1.0 phi=0.0 flat
35,420,300,160,True,2.26993,False,0.878696,0.800464,rwanda pen=1.0 phi=0.0 flat
35,440,300,160,True,2.29955,False,0.878696,0.80046,rwanda pen=1.0 phi=0.0 flat
35,460,300,160,True,2.32916,False,0.878696,0.800457,rwanda pen=1.0 phi=0.0 flat
35,480,300,160,True,2.35877,False,0.878696,0.800454,rwanda pen=1.0 phi=0.0 flat
35,500,300,160,True,2.38837,False,0.878696,0.80045,rwanda pen=1.0 phi=0.0 flat
35,520,300,160,True,2.41798,False,0.878696,0.800447,rwanda pen=1.0 phi=0.0 flat
35,540,300,160,True,2.44758,False,0.878696,0.800443,rwanda pen=1.0 phi=0.0 flat
35,560,300,160,True,2.47719,False,0.878696,0.80044,rwanda pen=1.0 phi=0.0 flat
35,580,300,160,True,2.50679,False,0.878696,0.800437,rwanda pen=1.0 phi=0.0 flat
35,600,300,160,True,2.53639,False,0.878696,0.800433,rwanda pen=1.0 phi=0.0 flat
35,620,300,160,True,2.56599,False,0.878696,0.80043,rwanda pen=1.0 phi=0.0 flat
35,640,300,160,True,2.59558,False,0.878696,0.800427,rwanda pen=1.0 phi=0.0 flat
35,660,300,160,True,2.62518,False,0.878696,0.800423,rwanda pen=1.0 phi=0.0 flat
35,680,300,160,True,2.65477,False,0.878696,0.80042,rwanda pen=1.0 phi=0.0 flat
35,700,300,160,True,2.68437,False,0.878696,0.800417,rwanda pen=1.0 phi=0.0 flat
35,720,300,160,True,2.71396,False,0.878696,0.800413,rwanda pen=1.0 phi=0.0 flat
35,740,300,160,True,2.74355,False,0.878696,0.80041,rwanda pen=1.0 phi=0.0 flat
35,760,300,160,True,2.77313,False,0.878696,0.800406,rwanda pen=1.0 phi=0.0 flat
35,780,300,160,True,2.80272,False,0.878696,0.800403,rwanda pen=1.0 phi=0.0 flat
35,800,300,160,True,2.8323,False,0.878696,0.8004,rwanda pen=1.0 phi=0.0 flat
35,820,300,160,True,2.86189,False,0.878696,0.800396,rwanda pen=1.0 phi=0.0 flat
35,840,300,160,True,2.89147,False,0.878696,0.800393,rwanda pen=1.0 phi=0.0 flat
35,860,300,160,True,2.92105,False,0.878696,0.80039,rwanda pen=1.0 phi=0.0 flat
35,880,300,160,True,2.95063,False,0.878696,0.800386,rwanda pen=1.0 phi=0.0 flat
35,900,300,160,True,2.9802,False,0.878696,0.800383,rwanda pen=1.0 phi=0.0 flat
35,920,300,160,True,3.00978,False,0.878696,0.80038,rwanda pen=1.0 phi=0.0 flat
35,940,300,160,True,3.03935,False,0.878696,0.800376,rwanda pen=1.0 phi=0.0 flat
35,960,300,160,True,3.06893,False,0.878696,0.800373,rwanda pen=1.0 phi=0.0 flat
35,980,300,160,True,3.0985,False,0.878696,0.800369,rwanda pen=1.0 phi=0.0 flat
35,1000,300,160,True,3.12807,False,0.878696,0.800366,rwanda pen=1.0 phi=0.0 flat
35,1020,300,160,True,3.15763,False,0.878696,0.800363,rwanda pen=1.0 phi=0.0 flat
35,1040,300,160,True,3.1872,False,0.878696,0.800359,rwanda pen=1.0 phi=0.0 flat
35,1060,300,160,True,3.21676,False,0.878696,0.800356,rwanda pen=1.0 phi=0.0 flat
35,1080,300,160,True,3.24633,False,0.878696,0.800353,rwanda pen=1.0 phi=0.0 flat
35,1100,300,160,True,3.27589,False,0.878696,0.800349,rwanda pen=1.0 phi=0.0 flat
35,1120,300,160,True,3.30545,False,0.878696,0.800346,rwanda pen=1.0 phi=0.0 flat
35,1140,300,160,True,3.33501,False,0.878696,0.800343,rwanda pen=1.0 phi=0.0 flat
35,1160,300,160,True,3.36456,False,0.878696,0.800339,rwanda pen=1.0 phi=0.0 flat
35,1180,300,160,True,3.39412,False,0.878696,0.800336,rwanda pen=1.0 phi=0.0 flat
35,1200,300,160,True,3.42367,False,0.878696,0.800332,rwanda pen=1.0 phi=0.0 flat
35,1220,300,160,True,3.45323,False,0.878696,0.800329,rwanda pen=1.0 phi=0.0 flat
35,1240,300,160,True,3.48278,False,0.878696,0.800326,rwanda pen=1.0 phi=0.0 flat
35,1260,300,160,True,3.51233,False,0.878696,0.800322,rwanda pen=1.0 phi=0.0 flat
35,1280,300,160,True,3.54187,False,0.878696,0.800319,rwanda pen=1.0 phi=0.0 flat
35,1300,300,160,True,3.57142,False,0.878696,0.800316,rwanda pen=1.0 phi=0.0 flat
35,1320,300,160,True,3.60096,False,0.878696,0.800312,rwanda pen=1.0 phi=0.0 flat
35,1340,300,160,True,3.63051,False,0.878696,0.800309,rwanda pen=1.0 phi=0.0 flat
35,1360,300,160,True,3.66005,False,0.878696,0.800306,rwanda pen=1.0 phi=0.0 flat
35,1380,300,160,True,3.68959,False,0.878696,0.800302,rwanda pen=1.0 phi=0.0 flat
35,1400,300,160,True,3.71913,False,0.878696,0.800299,rwanda pen=1.0 phi=0.0 flat
40,0,300,160,True,1.60379,False,0.861817,0.785338,rwanda pen=1.0 phi=0.0 flat
40,20,300,160,True,1.52962,False,0.861398,0.775414,rwanda pen=1.0 phi=0.0 flat
40,40,300,160,True,1.52289,False,0.861398,0.772735,rwanda pen=1.0 phi=0.0 flat
40,60,300,160,True,1.54511,False,0.861398,0.772464,rwanda pen=1.0 phi=0.0 flat
40,80,300,160,True,1.57099,False,0.861398,0.772453,rwanda pen=1.0 phi=0.0 flat
40,100,300,160,True,1.597,False,0.861398,0.772449,rwanda pen=1.0 phi=0.0 flat
40,120,300,160,True,1.623,False,0.861398,0.772446,rwanda pen=1.0 phi=0.0 flat
40,140,300,160,True,1.64901,False,0.861398,0.772443,rwanda pen=1.0 phi=0.0 flat
40,160,300,160,True,1.67501,False,0.861398,0.772439,rwanda pen=1.0 phi=0.0 flat
40,180,300,160,True,1.70101,False,0.861398,0.772436,rwanda pen=1.0 phi=0.0 flat
40,200,300,160,True,1.72701,False,0.861398,0.772433,rwanda pen=1.0 phi=0.0 flat
40,220,300,160,True,1.75301,False,0.861398,0.772429,rwanda pen=1.0 phi=0.0 flat
40,240,300,160,True,1.77901,False,0.861398,0.772426,rwanda pen=1.0 phi=0.0 flat
40,260,300,160,True,1.805,False,0.861398,0.772423,rwanda pen=1.0 phi=0.0 flat
40,280,300,160,True,1.831,False,0.861398,0.772419,rwanda pen=1.0 phi=0.0 flat
40,300,300,160,True,1.85699,False,0.861398,0.772416,rwanda pen=1.0 phi=0.0 flat
40,320,300,160,True,1.88298,False,0.861398,0.772412,rwanda pen=1.0 phi=0.0 flat
40,340,300,160,True,1.90898,False,0.861398,0.772409,rwanda pen=1.0 phi=0.0 flat
40,360,300,160,True,1.93497,False,0.861398,0.772406,rwanda pen=1.0 phi=0.0 flat
40,380,300,160,True,1.96096,False,0.861398,0.772402,rwanda pen=1.0 phi=0.0 flat
40,400,300,160,True,1.98694,False,0.861398,0.772399,rwanda pen=1.0 phi=0.0 flat
40,420,300,160,True,2.01293,False,0.861398,0.772396,rwanda pen=1.0 phi=0.0 flat
40,440,300,160,True,2.03892,False,0.861398,0.772392,rwanda pen=1.0 phi=0.0 flat
40,460,300,160,True,2.0649,False,0.861398,0.772389,rwanda pen=1.0 phi=0.0 flat
40,480,300,160,True,2.09088,False,0.861398,0.772386,rwanda pen=1.0 phi=0.0 flat
40,500,300,160,True,2.11687,False,0.861398,0.772382,rwanda pen=1.0 phi=0.0 flat
40,520,300,160,True,2.14285,False,0.861398,0.772379,rwanda pen=1.0 phi=0.0 flat
40,540,300,160,True,2.16883,False,0.861398,0.772375,rwanda pen=1.0 phi=0.0 flat
40,560,300,160,True,2.1948,False,0.861398,0.772372,rwanda pen=1.0 phi=0.0 flat
40,580,300,160,True,2.22078,False,0.861398,0.772369,rwanda pen=1.0 phi=0.0 flat
40,600,300,160,True,2.24676,False,0.861398,0.772365,rwanda pen=1.0 phi=0.0 flat
40,620,300,160,True,2.27273,False,0.861398,0.772362,rwanda pen=1.0 phi=0.0 flat
40,640,300,160,True,2.29871,False,0.861398,0.772359,rwanda pen=1.0 phi=0.0 flat
40,660,300,160,True,2.32468,False,0.861398,0.772355,rwanda pen=1.0 phi=0.0 flat
40,680,300,160,True,2.35065,False,0.861398,0.772352,rwanda pen=1.0 phi=0.0 flat
40,700,300,160,True,2.37662,False,0.861398,0.772349,rwanda pen=1.0 phi=0.0 flat
40,720,300,160,True,2.40259,False,0.861398,0.772345,rwanda pen=1.0 phi=0.0 flat
40,740,300,160,True,2.42856,False,0.861398,0.772342,rwanda pen=1.0 phi=0.0 flat
40,760,300,160,True,2.45452,False,0.861398,0.772338,rwanda pen=1.0 phi=0.0 flat
40,780,300,160,True,2.48049,False,0.861398,0.772335,rwanda pen=1.0 phi=0.0 flat
40,800,300,160,True,2.50645,False,0.861398,0.772332,rwanda pen=1.0 phi=0.0 flat
40,820,300,160,True,2.53242,False,0.861398,0.772328,rwanda pen=1.0 phi=0.0 flat
40,840,300,160,True,2.55838,False,0.861398,0.772325,rwanda pen=1.0 phi=0.0 flat
40,860,300,160,True,2.58434,False,0.861398,0.772322,rwanda pen=1.0 phi=0.0 flat
40,880,300,160,True,2.6103,False,0.861398,0.772318,rwanda pen=1.0 phi=0.0 flat
40,900,300,160,True,2.63626,False,0.861398,0.772315,rwanda pen=1.0 phi=0.0 flat
40,920,300,160,True,2.66221,False,0.861398,0.772312,rwanda pen=1.0 phi=0.0 flat
40,940,300,160,True,2.68817,False,0.861398,0.772308,rwanda pen=1.0 phi=0.0 flat
40,960,300,160,True,2.71412,False,0.861398,0.772305,rwanda pen=1.0 phi=0.0 flat
40,980,300,160,True,2.74008,False,0.861398,0.772301,rwanda pen=1.0 phi=0.0 flat
40,1000,300,160,True,2.76603,False,0.861398,0.772298,rwanda pen=1.0 phi=0.0 flat
40,1020,300,160,True,2.79198,False,0.861398,0.772295,rwanda pen=1.0 phi=0.0 flat
40,1040,300,160,True,2.81793,False,0.861398,0.772291,rwanda pen=1.0 phi=0.0 flat
40,1060,300,160,True,2.84388,False,0.861398,0.772288,rwanda pen=1.0 phi=0.0 flat
40,1080,300,160,True,2.86983,False,0.861398,0.772285,rwanda pen=1.0 phi=0.0 flat
40,1100,300,160,True,2.89578,False,0.861398,0.772281,rwanda pen=1.0 phi=0.0 flat
40,1120,300,160,True,2.92172,False,0.861398,0.772278,rwanda pen=1.0 phi=0.0 flat
40,1140,300,160,True,2.94767,False,0.861398,0.772275,rwanda pen=1.0 phi=0.0 flat
40,1160,300,160,True,2.97361,False,0.861398,0.772271,rwanda pen=1.0 phi=0.0 flat
40,1180,300,160,True,2.99955,False,0.861398,0.772268,rwanda pen=1.0 phi=0.0 flat
40,1200,300,160,True,3.02549,False,0.861398,0.772264,rwanda pen=1.0 phi=0.0 flat
40,1220,300,160,True,3.05143,False,0.861398,0.772261,rwanda pen=1.0 phi=0.0 flat
40,1240,300,160,True,3.07737,False,0.861398,0.772258,rwanda pen=1.0 phi=0.0 flat
40,1260,300,160,True,3.10331,False,0.861398,0.772254,rwanda pen=1.0 phi=0.0 flat
40,1280,300,160,True,3.12924,False,0.861398,0.772251,rwanda pen=1.0 phi=0.0 flat
40,1300,300,160,True,3.15518,False,0.861398,0.772248,rwanda pen=1.0 phi=0.0 flat
40,1320,300,160,True,3.18111,False,0.861398,0.772244,rwanda pen=1.0 phi=0.0 flat
40,1340,300,160,True,3.20704,False,0.861398,0.772241,rwanda pen=1.0 phi=0.0 flat
40,1360,300,160,True,3.23297,False,0.861398,0.772238,rwanda pen=1.0 phi=0.0 flat
40,1380,300,160,True,3.2589,False,0.861398,0.772234,rwanda pen=1.0 phi=0.0 flat
40,1400,300,160,True,3.28483,False,0.861398,0.772231,rwanda pen=1.0 phi=0.0 flat
45,0,300,160,True,1.49133,False,0.845143,0.763786,rwanda pen=1.0 phi=0.0 flat
45,20,300,160,True,1.41541,False,0.844136,0.751317,rwanda pen=1.0 phi=0.0 flat
45,40,300,160,True,1.39067,False,0.844132,0.746168,rwanda pen=1.0 phi=0.0 flat
45,60,300,160,True,1.39921,False,0.844132,0.74479,rwanda pen=1.0 phi=0.0 flat
45,80,300,160,True,1.41979,False,0.844132,0.744567,rwanda pen=1.0 phi=0.0 flat
45,100,300,160,True,1.44262,False,0.844132,0.744536,rwanda pen=1.0 phi=0.0 flat
45,120,300,160,True,1.46581,False,0.844132,0.744532,rwanda pen=1.0 phi=0.0 flat
45,140,300,160,True,1.48899,False,0.844132,0.744529,rwanda pen=1.0 phi=0.0 flat
45,160,300,160,True,1.51217,False,0.844132,0.744526,rwanda pen=1.0 phi=0.0 flat
45,180,300,160,True,1.53535,False,0.844132,0.744522,rwanda pen=1.0 phi=0.0 flat
45,200,300,160,True,1.55853,False,0.844132,0.744519,rwanda pen=1.0 phi=0.0 flat
45,220,300,160,True,1.5817,False,0.844132,0.744516,rwanda pen=1.0 phi=0.0 flat
45,240,300,160,True,1.60488,False,0.844132,0.744512,rwanda pen=1.0 phi=0.0 flat
45,260,300,160,True,1.62806,False,0.844132,0.744509,rwanda pen=1.0 phi=0.0 flat
45,280,300,160,True,1.65123,False,0.844132,0.744506,rwanda pen=1.0 phi=0.0 flat
45,300,300,160,True,1.67441,False,0.844132,0.744502,rwanda pen=1.0 phi=0.0 flat
45,320,300,160,True,1.69758,False,0.844132,0.744499,rwanda pen=1.0 phi=0.0 flat
45,340,300,160,True,1.72075,False,0.844132,0.744495,rwanda pen=1.0 phi=0.0 flat
45,360,300,160,True,1.74392,False,0.844132,0.744492,rwanda pen=1.0 phi=0.0 flat
45,380,300,160,True,1.76709,False,0.844132,0.744489,rwanda pen=1.0 phi=0.0 flat
45,400,300,160,True,1.79026,False,0.844132,0.744485,rwanda pen=1.0 phi=0.0 flat
45,420,300,160,True,1.81343,False,0.844132,0.744482,rwanda pen=1.0 phi=0.0 flat
45,440,300,160,True,1.8366,False,0.844132,0.744479,rwanda pen=1.0 phi=0.0 flat
45,460,300,160,True,1.85976,False,0.844132,0.744475,rwanda pen=1.0 phi=0.0 flat
45,480,300,160,True,1.88293,False,0.844132,0.744472,rwanda pen=1.0 phi=0.0 flat
45,500,300,160,True,1.90609,False,0.844132,0.744469,rwanda pen=1.0 phi=0.0 flat
45,520,300,160,True,1.92926,False,0.844132,0.744465,rwanda pen=1.0 phi=0.0 flat
45,540,300,160,True,1.95242,False,0.844132,0.744462,rwanda pen=1.0 phi=0.0 flat
45,560,300,160,True,1.97558,False,0.844132,0.744458,rwanda pen=1.0 phi=0.0 flat
45,580,300,160,True,1.99874,False,0.844132,0.744455,rwanda pen=1.0 phi=0.0 flat
45,600,300,160,True,2.0219,False,0.844132,0.744452,rwanda pen=1.0 phi=0.0 flat
45,620,300,160,True,2.04506,False,0.844132,0.744448,rwanda pen=1.0 phi=0.0 flat
45,640,300,160,True,2.06822,False,0.844132,0.744445,rwanda pen=1.0 phi=0.0 flat
45,660,300,160,True,2.09138,False,0.844132,0.744442,rwanda pen=1.0 phi=0.0 flat
45,680,300,160,True,2.11453,False,0.844132,0.744438,rwanda pen=1.0 phi=0.0 flat
45,700,300,160,True,2.13769,False,0.844132,0.744435,rwanda pen=1.0 phi=0.0 flat
45,720,300,160,True,2.16084,False,0.844132,0.744432,rwanda pen=1.0 phi=0.0 flat
45,740,300,160,True,2.18399,False,0.844132,0.744428,rwanda pen=1.0 phi=0.0 flat
45,760,300,160,True,2.20715,False,0.844132,0.744425,rwanda pen=1.0 phi=0.0 flat
45,780,300,160,True,2.2303,False,0.844132,0.744421,rwanda pen=1.0 phi=0.0 flat
45,800,300,160,True,2.25345,False,0.844132,0.744418,rwanda pen=1.0 phi=0.0 flat
45,820,300,160,True,2.2766,False,0.844132,0.744415,rwanda pen=1.0 phi=0.0 flat
45,840,300,160,True,2.29975,False,0.844132,0.744411,rwanda pen=1.0 phi=0.0 flat
45,860,300,160,True,2.32289,False,0.844132,0.744408,rwanda pen=1.0 phi=0.0 flat
45,880,300,160,True,2.34604,False,0.844132,0.744405,rwanda pen=1.0 phi=0.0 flat
45,900,300,160,True,2.36919,False,0.844132,0.744401,rwanda pen=1.0 phi=0.0 flat
45,920,300,160,True,2.39233,False,0.844132,0.744398,rwanda pen=1.0 phi=0.0 flat
45,940,300,160,True,2.41547,False,0.844132,0.744395,rwanda pen=1.0 phi=0.0 flat
45,960,300,160,True,2.43862,False,0.844132,0.744391,rwanda pen=1.0 phi=0.0 flat
45,980,300,160,True,2.46176,False,0.844132,0.744388,rwanda pen=1.0 phi=0.0 flat
45,1000,300,160,True,2.4849,False,0.844132,0.744384,rwanda pen=1.0 phi=0.0 flat
45,1020,300,160,True,2.50804,False,0.844132,0.744381,rwanda pen=1.0 phi=0.0 flat
45,1040,300,160,True,2.53118,False,0.844132,0.744378,rwanda pen=1.0 phi=0.0 flat
45,1060,300,160,True,2.55432,False,0.844132,0.744374,rwanda pen=1.0 phi=0.0 flat
45,1080,300,160,True,2.57746,False,0.844132,0.744371,rwanda pen=1.0 phi=0.0 flat
45,1100,300,160,True,2.60059,False,0.844132,0.744368,rwanda pen=1.0 phi=0.0 flat
45,1120,300,160,True,2.62373,False,0.844132,0.744364,rwanda pen=1.0 phi=0.0 flat
45,1140,300,160,True,2.64686,False,0.844132,0.744361,rwanda pen=1.0 phi=0.0 flat
45,1160,300,160,True,2.67,False,0.844132,0.744358,rwanda pen=1.0 phi=0.0 flat
45,1180,300,160,True,2.69313,False,0.844132,0.744354,rwanda pen=1.0 phi=0.0 flat
45,1200,300,160,True,2.71626,False,0.844132,0.744351,rwanda pen=1.0 phi=0.0 flat
45,1220,300,160,True,2.73939,False,0.844132,0.744347,rwanda pen=1.0 phi=0.0 flat
45,1240,300,160,True,2.76252,False,0.844132,0.744344,rwanda pen=1.0 phi=0.0 flat
45,1260,300,160,True,2.78565,False,0.844132,0.744341,rwanda pen=1.0 phi=0.0 flat
45,1280,300,160,True,2.80878,False,0.844132,0.744337,rwanda pen=1.0 phi=0.0 flat
45,1300,300,160,True,2.8319,False,0.844132,0.744334,rwanda pen=1.0 phi=0.0 flat
45,1320,300,160,True,2.85503,False,0.844132,0.744331,rwanda pen=1.0 phi=0.0 flat
45,1340,300,160,True,2.87815,False,0.844132,0.744327,rwanda pen=1.0 phi=0.0 flat
45,1360,300,160,True,2.90128,False,0.844132,0.744324,rwanda pen=1.0 phi=0.0 flat
45,1380,300,160,True,2.9244,False,0.844132,0.744321,rwanda pen=1.0 phi=0.0 flat
45,1400,300,160,True,2.94752,False,0.844132,0.744317,rwanda pen=1.0 phi=0.0 flat
50,0,300,160,True,1.40735,False,0.82895,0.74383,rwanda pen=1.0 phi=0.0 flat
50,20,300,160,True,1.33254,False,0.82695,0.729123,rwanda pen=1.0 phi=0.0 flat
50,40,300,160,True,1.29764,False,0.826915,0.721558,rwanda pen=1.0 phi=0.0 flat
50,60,300,160,True,1.2911,False,0.826915,0.718238,rwanda pen=1.0 phi=0.0 flat
50,80,300,160,True,1.30207,False,0.826915,0.717148,rwanda pen=1.0 phi=0.0 flat
50,100,300,160,True,1.32011,False,0.826915,0.716849,rwanda pen=1.0 phi=0.0 flat
50,120,300,160,True,1.34039,False,0.826915,0.716783,rwanda pen=1.0 phi=0.0 flat
50,140,300,160,True,1.36127,False,0.826915,0.716775,rwanda pen=1.0 phi=0.0 flat
50,160,300,160,True,1.38219,False,0.826915,0.716772,rwanda pen=1.0 phi=0.0 flat
50,180,300,160,True,1.40312,False,0.826915,0.716768,rwanda pen=1.0 phi=0.0 flat
50,200,300,160,True,1.42404,False,0.826915,0.716765,rwanda pen=1.0 phi=0.0 flat
50,220,300,160,True,1.44497,False,0.826915,0.716762,rwanda pen=1.0 phi=0.0 flat
50,240,300,160,True,1.46589,False,0.826915,0.716758,rwanda pen=1.0 phi=0.0 flat
50,260,300,160,True,1.48681,False,0.826915,0.716755,rwanda pen=1.0 phi=0.0 flat
50,280,300,160,True,1.50773,False,0.826915,0.716751,rwanda pen=1.0 phi=0.0 flat
50,300,300,160,True,1.52865,False,0.826915,0.716748,rwanda pen=1.0 phi=0.0 flat
50,320,300,160,True,1.54957,False,0.826915,0.716745,rwanda pen=1.0 phi=0.0 flat
50,340,300,160,True,1.57049,False,0.826915,0.716741,rwanda pen=1.0 phi=0.0 flat
50,360,300,160,True,1.59141,False,0.826915,0.716738,rwanda pen=1.0 phi=0.0 flat
50,380,300,160,True,1.61232,False,0.826915,0.716735,rwanda pen=1.0 phi=0.0 flat
50,400,300,160,True,1.63324,False,0.826915,0.716731,rwanda pen=1.0 phi=0.0 flat
50,420,300,160,True,1.65416,False,0.826915,0.716728,rwanda pen=1.0 phi=0.0 flat
50,440,300,160,True,1.67507,False,0.826915,0.716725,rwanda pen=1.0 phi=0.0 flat
50,460,300,160,True,1.69599,False,0.826915,0.716721,rwanda pen=1.0 phi=0.0 flat
50,480,300,160,True,1.7169,False,0.826915,0.716718,rwanda pen=1.0 phi=0.0 flat
50,500,300,160,True,1.73781,False,0.826915,0.716714,rwanda pen=1.0 phi=0.0 flat
50,520,300,160,True,1.75872,False,0.826915,0.716711,rwanda pen=1.0 phi=0.0 flat
50,540,300,160,True,1.77964,False,0.826915,0.716708,rwanda pen=1.0 phi=0.0 flat
50,560,300,160,True,1.80055,False,0.826915,0.716704,rwanda pen=1.0 phi=0.0 flat
50,580,300,160,True,1.82146,False,0.826915,0.716701,rwanda pen=1.0 phi=0.0 flat
50,600,300,160,True,1.84236,False,0.826915,0.716698,rwanda pen=1.0 phi=0.0 flat
50,620,300,160,True,1.86327,False,0.826915,0.716694,rwanda pen=1.0 phi=0.0 flat
50,640,300,160,True,1.88418,False,0.826915,0.716691,rwanda pen=1.0 phi=0.0 flat
50,660,300,160,True,1.90509,False,0.826915,0.716688,rwanda pen=1.0 phi=0.0 flat
50,680,300,160,True,1.92599,False,0.826915,0.716684,rwanda pen=1.0 phi=0.0 flat
50,700,300,160,True,1.9469,False,0.826915,0.716681,rwanda pen=1.0 phi=0.0 flat
50,720,300,160,True,1.9678,False,0.826915,0.716678,rwanda pen=1.0 phi=0.0 flat
50,740,300,160,True,1.9887,False,0.826915,0.716674,rwanda pen=1.0 phi=0.0 flat
50,760,300,160,True,2.00961,False,0.826915,0.716671,rwanda pen=1.0 phi=0.0 flat
50,780,300,160,True,2.03051,False,0.826915,0.716667,rwanda pen=1.0 phi=0.0 flat
50,800,300,160,True,2.05141,False,0.826915,0.716664,rwanda pen=1.0 phi=0.0 flat
50,820,300,160,True,2.07231,False,0.826915,0.716661,rwanda pen=1.0 phi=0.0 flat
50,840,300,160,True,2.09321,False,0.826915,0.716657,rwanda pen=1.0 phi=0.0 flat
50,860,300,160,True,2.11411,False,0.826915,0.716654,rwanda pen=1.0 phi=0.0 flat
50,880,300,160,True,2.13501,False,0.826915,0.716651,rwanda pen=1.0 phi=0.0 flat
50,900,300,160,True,2.1559,False,0.826915,0.716647,rwanda pen=1.0 phi=0.0 flat
50,920,300,160,True,2.1768,False,0.826915,0.716644,rwanda pen=1.0 phi=0.0 flat
50,940,300,160,True,2.1977,False,0.826915,0.716641,rwanda pen=1.0 phi=0.0 flat
50,960,300,160,True,2.21859,False,0.826915,0.716637,rwanda pen=1.0 phi=0.0 flat
50,980,300,160,True,2.23949,False,0.826915,0.716634,rwanda pen=1.0 phi=0.0 flat
50,1000,300,160,True,2.26038,False,0.826915,0.71663,rwanda pen=1.0 phi=0.0 flat
50,1020,300,160,True,2.28127,False,0.826915,0.716627,rwanda pen=1.0 phi=0.0 flat
50,1040,300,160,True,2.30216,False,0.826915,0.716624,rwanda pen=1.0 phi=0.0 flat
50,1060,300,160,True,2.32306,False,0.826915,0.71662,rwanda pen=1.0 phi=0.0 flat
50,1080,300,160,True,2.34395,False,0.826915,0.716617,rwanda pen=1.0 phi=0.0 flat
50,1100,300,160,True,2.36484,False,0.826915,0.716614,rwanda pen=1.0 phi=0.0 flat
50,1120,300,160,True,2.38573,False,0.826915,0.71661,rwanda pen=1.0 phi=0.0 flat
50,1140,300,160,True,2.40661,False,0.826915,0.716607,rwanda pen=1.0 phi=0.0 flat
50,1160,300,160,True,2.4275,False,0.826915,0.716604,rwanda pen=1.0 phi=0.0 flat
50,1180,300,160,True,2.44839,False,0.826915,0.7166,rwanda pen=1.0 phi=0.0 flat
50,1200,300,160,True,2.46927,False,0.826915,0.716597,rwanda pen=1.0 phi=0.0 flat
50,1220,300,160,True,2.49016,False,0.826915,0.716593,rwanda pen=1.0 phi=0.0 flat
50,1240,300,160,True,2.51104,False,0.826915,0.71659,rwanda pen=1.0 phi=0.0 flat
50,1260,300,160,True,2.53193,False,0.826915,0.716587,rwanda pen=1.0 phi=0.0 flat
50,1280,300,160,True,2.55281,False,0.826915,0.716583,rwanda pen=1.0 phi=0.0 flat
50,1300,300,160,True,2.57369,False,0.826915,0.71658,rwanda pen=1.0 phi=0.0 flat
50,1320,300,160,True,2.59457,False,0.826915,0.716577,rwanda pen=1.0 phi=0.0 flat
50,1340,300,160,True,2.61545,False,0.826915,0.716573,rwanda pen=1.0 phi=0.0 flat
50,1360,300,160,True,2.63633,False,0.826915,0.71657,rwanda pen=1.0 phi=0.0 flat
50,1380,300,160,True,2.65721,False,0.826915,0.716567,rwanda pen=1.0 phi=0.0 flat
50,1400,300,160,True,2.67809,False,0.826915,0.716563,rwanda pen=1.0 phi=0.0 flat
55,0,300,160,True,1.34405,False,0.813289,0.725452,rwanda pen=1.0 phi=0.0 flat
55,20,300,160,True,1.27125,False,0.809912,0.708807,rwanda pen=1.0 phi=0.0 flat
55,40,300,160,True,1.23114,False,0.809751,0.699039,rwanda pen=1.0 phi=0.0 flat
55,60,300,160,True,1.2133,False,0.809751,0.693524,rwanda pen=1.0 phi=0.0 flat
55,80,300,160,True,1.21311,False,0.809751,0.690867,rwanda pen=1.0 phi=0.0 flat
55,100,300,160,True,1.22343,False,0.809751,0.68974,rwanda pen=1.0 phi=0.0 flat
55,120,300,160,True,1.2391,False,0.809751,0.68932,rwanda pen=1.0 phi=0.0 flat
55,140,300,160,True,1.25715,False,0.809751,0.689197,rwanda pen=1.0 phi=0.0 flat
55,160,300,160,True,1.27606,False,0.809751,0.689175,rwanda pen=1.0 phi=0.0 flat
55,180,300,160,True,1.29514,False,0.809751,0.689172,rwanda pen=1.0 phi=0.0 flat
55,200,300,160,True,1.31422,False,0.809751,0.689169,rwanda pen=1.0 phi=0.0 flat
55,220,300,160,True,1.3333,False,0.809751,0.689165,rwanda pen=1.0 phi=0.0 flat
55,240,300,160,True,1.35238,False,0.809751,0.689162,rwanda pen=1.0 phi=0.0 flat
55,260,300,160,True,1.37146,False,0.809751,0.689159,rwanda pen=1.0 phi=0.0 flat
55,280,300,160,True,1.39054,False,0.809751,0.689155,rwanda pen=1.0 phi=0.0 flat
55,300,300,160,True,1.40962,False,0.809751,0.689152,rwanda pen=1.0 phi=0.0 flat
55,320,300,160,True,1.4287,False,0.809751,0.689148,rwanda pen=1.0 phi=0.0 flat
55,340,300,160,True,1.44777,False,0.809751,0.689145,rwanda pen=1.0 phi=0.0 flat
55,360,300,160,True,1.46685,False,0.809751,0.689142,rwanda pen=1.0 phi=0.0 flat
55,380,300,160,True,1.48592,False,0.809751,0.689138,rwanda pen=1.0 phi=0.0 flat
55,400,300,160,True,1.505,False,0.809751,0.689135,rwanda pen=1.0 phi=0.0 flat
55,420,300,160,True,1.52407,False,0.809751,0.689132,rwanda pen=1.0 phi=0.0 flat
55,440,300,160,True,1.54315,False,0.809751,0.689128,rwanda pen=1.0 phi=0.0 flat
55,460,300,160,True,1.56222,False,0.809751,0.689125,rwanda pen=1.0 phi=0.0 flat
55,480,300,160,True,1.58129,False,0.809751,0.689122,rwanda pen=1.0 phi=0.0 flat
55,500,300,160,True,1.60036,False,0.809751,0.689118,rwanda pen=1.0 phi=0.0 flat
55,520,300,160,True,1.61943,False,0.809751,0.689115,rwanda pen=1.0 phi=0.0 flat
55,540,300,160,True,1.6385,False,0.809751,0.689111,rwanda pen=1.0 phi=0.0 flat
55,560,300,160,True,1.65757,False,0.809751,0.689108,rwanda pen=1.0 phi=0.0 flat
55,580,300,160,True,1.67664,False,0.809751,0.689105,rwanda pen=1.0 phi=0.0 flat
55,600,300,160,True,1.69571,False,0.809751,0.689101,rwanda pen=1.0 phi=0.0 flat
55,620,300,160,True,1.71478,False,0.809751,0.689098,rwanda pen=1.0 phi=0.0 flat
55,640,300,160,True,1.73384,False,0.809751,0.689095,rwanda pen=1.0 phi=0.0 flat
55,660,300,160,True,1.75291,False,0.809751,0.689091,rwanda pen=1.0 phi=0.0 flat
55,680,300,160,True,1.77198,False,0.809751,0.689088,rwanda pen=1.0 phi=0.0 flat
55,700,300,160,True,1.79104,False,0.809751,0.689085,rwanda pen=1.0 phi=0.0 flat
55,720,300,160,True,1.81011,False,0.809751,0.689081,rwanda pen=1.0 phi=0.0 flat
55,740,300,160,True,1.82917,False,0.809751,0.689078,rwanda pen=1.0 phi=0.0 flat
55,760,300,160,True,1.84823,False,0.809751,0.689074,rwanda pen=1.0 phi=0.0 flat
55,780,300,160,True,1.8673,False,0.809751,0.689071,rwanda pen=1.0 phi=0.0 flat
55,800,300,160,True,1.88636,False,0.809751,0.689068,rwanda pen=1.0 phi=0.0 flat
55,820,300,160,True,1.90542,False,0.809751,0.689064,rwanda pen=1.0 phi=0.0 flat
55,840,300,160,True,1.92448,False,0.809751,0.689061,rwanda pen=1.0 phi=0.0 flat
55,860,300,160,True,1.94354,False,0.809751,0.689058,rwanda pen=1.0 phi=0.0 flat
55,880,300,160,True,1.9626,False,0.809751,0.689054,rwanda pen=1.0 phi=0.0 flat
55,900,300,160,True,1.98166,False,0.809751,0.689051,rwanda pen=1.0 phi=0.0 flat
55,920,300,160,True,2.00072,False,0.809751,0.689048,rwanda pen=1.0 phi=0.0 flat
55,940,300,160,True,2.01977,False,0.809751,0.689044,rwanda pen=1.0 phi=0.0 flat
55,960,300,160,True,2.03883,False,0.809751,0.689041,rwanda pen=1.0 phi=0.0 flat
55,980,300,160,True,2.05789,False,0.809751,0.689037,rwanda pen=1.0 phi=0.0 flat
55,1000,300,160,True,2.07694,False,0.809751,0.689034,rwanda pen=1.0 phi=0.0 flat
55,1020,300,160,True,2.096,False,0.809751,0.689031,rwanda pen=1.0 phi=0.0 flat
55,1040,300,160,True,2.11505,False,0.809751,0.689027,rwanda pen=1.0 phi=0.0 flat
55,1060,300,160,True,2.1341,False,0.809751,0.689024,rwanda pen=1.0 phi=0.0 flat
55,1080,300,160,True,2.15316,False,0.809751,0.689021,rwanda pen=1.0 phi=0.0 flat
55,1100,300,160,True,2.17221,False,0.809751,0.689017,rwanda pen=1.0 phi=0.0 flat
55,1120,300,160,True,2.19126,False,0.809751,0.689014,rwanda pen=1.0 phi=0.0 flat
55,1140,300,160,True,2.21031,False,0.809751,0.689011,rwanda pen=1.0 phi=0.0 flat
55,1160,300,160,True,2.22936,False,0.809751,0.689007,rwanda pen=1.0 phi=0.0 flat
55,1180,300,160,True,2.24841,False,0.809751,0.689004,rwanda pen=1.0 phi=0.0 flat
55,1200,300,160,True,2.26746,False,0.809751,0.689,rwanda pen=1.0 phi=0.0 flat
55,1220,300,160,True,2.28651,False,0.809751,0.688997,rwanda pen=1.0 phi=0.0 flat
55,1240,300,160,True,2.30556,False,0.809751,0.688994,rwanda pen=1.0 phi=0.0 flat
55,1260,300,160,True,2.3246,False,0.809751,0.68899,rwanda pen=1.0 phi=0.0 flat
55,1280,300,160,True,2.34365,False,0.809751,0.688987,rwanda pen=1.0 phi=0.0 flat
55,1300,300,160,True,2.3627,False,0.809751,0.688984,rwanda pen=1.0 phi=0.0 flat
55,1320,300,160,True,2.38174,False,0.809751,0.68898,rwanda pen=1.0 phi=0.0 flat
55,1340,300,160,True,2.40079,False,0.809751,0.688977,rwanda pen=1.0 phi=0.0 flat
55,1360,300,160,True,2.41983,False,0.809751,0.688974,rwanda pen=1.0 phi=0.0 flat
55,1380,300,160,True,2.43887,False,0.809751,0.68897,rwanda pen=1.0 phi=0.0 flat
55,1400,300,160,True,2.45792,False,0.809751,0.688967,rwanda pen=1.0 phi=0.0 flat
60,0,300,160,True,1.29609,False,0.79807,0.708595,rwanda pen=1.0 phi=0.0 flat
60,20,300,160,True,1.22562,False,0.793148,0.690358,rwanda pen=1.0 phi=0.0 flat
60,40,300,160,True,1.18263,False,0.792637,0.678516,rwanda pen=1.0 phi=0.0 flat
60,60,300,160,True,1.15771,False,0.792631,0.670952,rwanda pen=1.0 phi=0.0 flat
60,80,300,160,True,1.14782,False,0.792631,0.666355,rwanda pen=1.0 phi=0.0 flat
60,100,300,160,True,1.14937,False,0.792631,0.663824,rwanda pen=1.0 phi=0.0 flat
60,120,300,160,True,1.15845,False,0.792631,0.662551,rwanda pen=1.0 phi=0.0 flat
60,140,300,160,True,1.17207,False,0.792631,0.661985,rwanda pen=1.0 phi=0.0 flat
60,160,300,160,True,1.18815,False,0.792631,0.661782,rwanda pen=1.0 phi=0.0 flat
60,180,300,160,True,1.20532,False,0.792631,0.661731,rwanda pen=1.0 phi=0.0 flat
60,200,300,160,True,1.22284,False,0.792631,0.661725,rwanda pen=1.0 phi=0.0 flat
60,220,300,160,True,1.24039,False,0.792631,0.661721,rwanda pen=1.0 phi=0.0 flat
60,240,300,160,True,1.25793,False,0.792631,0.661718,rwanda pen=1.0 phi=0.0 flat
60,260,300,160,True,1.27548,False,0.792631,0.661714,rwanda pen=1.0 phi=0.0 flat
60,280,300,160,True,1.29302,False,0.792631,0.661711,rwanda pen=1.0 phi=0.0 flat
60,300,300,160,True,1.31056,False,0.792631,0.661708,rwanda pen=1.0 phi=0.0 flat
60,320,300,160,True,1.3281,False,0.792631,0.661704,rwanda pen=1.0 phi=0.0 flat
60,340,300,160,True,1.34565,False,0.792631,0.661701,rwanda pen=1.0 phi=0.0 flat
60,360,300,160,True,1.36319,False,0.792631,0.661698,rwanda pen=1.0 phi=0.0 flat
60,380,300,160,True,1.38073,False,0.792631,0.661694,rwanda pen=1.0 phi=0.0 flat
60,400,300,160,True,1.39827,False,0.792631,0.661691,rwanda pen=1.0 phi=0.0 flat
60,420,300,160,True,1.41581,False,0.792631,0.661688,rwanda pen=1.0 phi=0.0 flat
60,440,300,160,True,1.43335,False,0.792631,0.661684,rwanda pen=1.0 phi=0.0 flat
60,460,300,160,True,1.45088,False,0.792631,0.661681,rwanda pen=1.0 phi=0.0 flat
60,480,300,160,True,1.46842,False,0.792631,0.661677,rwanda pen=1.0 phi=0.0 flat
60,500,300,160,True,1.48596,False,0.792631,0.661674,rwanda pen=1.0 phi=0.0 flat
60,520,300,160,True,1.5035,False,0.792631,0.661671,rwanda pen=1.0 phi=0.0 flat
60,540,300,160,True,1.52103,False,0.792631,0.661667,rwanda pen=1.0 phi=0.0 flat
60,560,300,160,True,1.53857,False,0.792631,0.661664,rwanda pen=1.0 phi=0.0 flat
60,580,300,160,True,1.5561,False,0.792631,0.661661,rwanda pen=1.0 phi=0.0 flat
60,600,300,160,True,1.57364,False,0.792631,0.661657,rwanda pen=1.0 phi=0.0 flat
60,620,300,160,True,1.59117,False,0.792631,0.661654,rwanda pen=1.0 phi=0.0 flat
60,640,300,160,True,1.60871,False,0.792631,0.661651,rwanda pen=1.0 phi=0.0 flat
60,660,300,160,True,1.62624,False,0.792631,0.661647,rwanda pen=1.0 phi=0.0 flat
60,680,300,160,True,1.64377,False,0.792631,0.661644,rwanda pen=1.0 phi=0.0 flat
60,700,300,160,True,1.6613,False,0.792631,0.66164,rwanda pen=1.0 phi=0.0 flat
60,720,300,160,True,1.67883,False,0.792631,0.661637,rwanda pen=1.0 phi=0.0 flat
60,740,300,160,True,1.69637,False,0.792631,0.661634,rwanda pen=1.0 phi=0.0 flat
60,760,300,160,True,1.7139,False,0.792631,0.66163,rwanda pen=1.0 phi=0.0 flat
60,780,300,160,True,1.73143,False,0.792631,0.661627,rwanda pen=1.0 phi=0.0 flat
60,800,300,160,True,1.74896,False,0.792631,0.661624,rwanda pen=1.0 phi=0.0 flat
60,820,300,160,True,1.76648,False,0.792631,0.66162,rwanda pen=1.0 phi=0.0 flat
60,840,300,160,True,1.78401,False,0.792631,0.661617,rwanda pen=1.0 phi=0.0 flat
60,860,300,160,True,1.80154,False,0.792631,0.661614,rwanda pen=1.0 phi=0.0 flat
60,880,300,160,True,1.81907,False,0.792631,0.66161,rwanda pen=1.0 phi=0.0 flat
60,900,300,160,True,1.83659,False,0.792631,0.661607,rwanda pen=1.0 phi=0.0 flat
60,920,300,160,True,1.85412,False,0.792631,0.661604,rwanda pen=1.0 phi=0.0 flat
60,940,300,160,True,1.87165,False,0.792631,0.6616,rwanda pen=1.0 phi=0.0 flat
60,960,300,160,True,1.88917,False,0.792631,0.661597,rwanda pen=1.0 phi=0.0 flat
60,980,300,160,True,1.90669,False,0.792631,0.661593,rwanda pen=1.0 phi=0.0 flat
60,1000,300,160,True,1.92422,False,0.792631,0.66159,rwanda pen=1.0 phi=0.0 flat
60,1020,300,160,True,1.94174,False,0.792631,0.661587,rwanda pen=1.0 phi=0.0 flat
60,1040,300,160,True,1.95926,False,0.792631,0.661583,rwanda pen=1.0 phi=0.0 flat
60,1060,300,160,True,1.97679,False,0.792631,0.66158,rwanda pen=1.0 phi=0.0 flat
60,1080,300,160,True,1.99431,False,0.792631,0.661577,rwanda pen=1.0 phi=0.0 flat
60,1100,300,160,True,2.01183,False,0.792631,0.661573,rwanda pen=1.0 phi=0.0 flat
60,1120,300,160,True,2.02935,False,0.792631,0.66157,rwanda pen=1.0 phi=0.0 flat
60,1140,300,160,True,2.04687,False,0.792631,0.661567,rwanda pen=1.0 phi=0.0 flat
60,1160,300,160,True,2.06439,False,0.792631,0.661563,rwanda pen=1.0 phi=0.0 flat
60,1180,300,160,True,2.08191,False,0.792631,0.66156,rwanda pen=1.0 phi=0.0 flat
60,1200,300,160,True,2.09943,False,0.792631,0.661556,rwanda pen=1.0 phi=0.0 flat
60,1220,300,160,True,2.11695,False,0.792631,0.661553,rwanda pen=1.0 phi=0.0 flat
60,1240,300,160,True,2.13446,False,0.792631,0.66155,rwanda pen=1.0 phi=0.0 flat
60,1260,300,160,True,2.15198,False,0.792631,0.661546,rwanda pen=1.0 phi=0.0 flat
60,1280,300,160,True,2.1695,False,0.792631,0.661543,rwanda pen=1.0 phi=0.0 flat
60,1300,300,160,True,2.18701,False,0.792631,0.66154,rwanda pen=1.0 phi=0.0 flat
60,1320,300,160,True,2.20453,False,0.792631,0.661536,rwanda pen=1.0 phi=0.0 flat
60,1340,300,160,True,2.22204,False,0.792631,0.661533,rwanda pen=1.0 phi=0.0 flat
60,1360,300,160,True,2.23956,False,0.792631,0.66153,rwanda pen=1.0 phi=0.0 flat
60,1380,300,160,True,2.25707,False,0.792631,0.661526,rwanda pen=1.0 phi=0.0 flat
60,1400,300,160,True,2.27458,False,0.792631,0.661523,rwanda pen=1.0 phi=0.0 flat
65,0,300,160,True,1.2597,False,0.78334,0.693195,rwanda pen=1.0 phi=0.0 flat
65,20,300,160,True,1.19154,False,0.776823,0.673693,rwanda pen=1.0 phi=0.0 flat
65,40,300,160,True,1.14677,False,0.775599,0.65989,rwanda pen=1.0 phi=0.0 flat
65,60,300,160,True,1.11752,False,0.77556,0.650443,rwanda pen=1.0 phi=0.0 flat
65,80,300,160,True,1.1007,False,0.77556,0.643942,rwanda pen=1.0 phi=0.0 flat
65,100,300,160,True,1.0943,False,0.77556,0.639663,rwanda pen=1.0 phi=0.0 flat
65,120,300,160,True,1.09611,False,0.77556,0.637048,rwanda pen=1.0 phi=0.0 flat
65,140,300,160,True,1.10393,False,0.77556,0.635582,rwanda pen=1.0 phi=0.0 flat
65,160,300,160,True,1.11578,False,0.77556,0.634848,rwanda pen=1.0 phi=0.0 flat
65,180,300,160,True,1.13007,False,0.77556,0.634538,rwanda pen=1.0 phi=0.0 flat
65,200,300,160,True,1.1457,False,0.77556,0.634442,rwanda pen=1.0 phi=0.0 flat
65,220,300,160,True,1.16184,False,0.77556,0.634423,rwanda pen=1.0 phi=0.0 flat
65,240,300,160,True,1.17808,False,0.77556,0.634419,rwanda pen=1.0 phi=0.0 flat
65,260,300,160,True,1.19433,False,0.77556,0.634416,rwanda pen=1.0 phi=0.0 flat
65,280,300,160,True,1.21057,False,0.77556,0.634413,rwanda pen=1.0 phi=0.0 flat
65,300,300,160,True,1.22681,False,0.77556,0.634409,rwanda pen=1.0 phi=0.0 flat
65,320,300,160,True,1.24306,False,0.77556,0.634406,rwanda pen=1.0 phi=0.0 flat
65,340,300,160,True,1.2593,False,0.77556,0.634403,rwanda pen=1.0 phi=0.0 flat
65,360,300,160,True,1.27554,False,0.77556,0.634399,rwanda pen=1.0 phi=0.0 flat
65,380,300,160,True,1.29178,False,0.77556,0.634396,rwanda pen=1.0 phi=0.0 flat
65,400,300,160,True,1.30802,False,0.77556,0.634392,rwanda pen=1.0 phi=0.0 flat
65,420,300,160,True,1.32426,False,0.77556,0.634389,rwanda pen=1.0 phi=0.0 flat
65,440,300,160,True,1.3405,False,0.77556,0.634386,rwanda pen=1.0 phi=0.0 flat
65,460,300,160,True,1.35674,False,0.77556,0.634382,rwanda pen=1.0 phi=0.0 flat
65,480,300,160,True,1.37298,False,0.77556,0.634379,rwanda pen=1.0 phi=0.0 flat
65,500,300,160,True,1.38922,False,0.77556,0.634376,rwanda pen=1.0 phi=0.0 flat
65,520,300,160,True,1.40546,False,0.77556,0.634372,rwanda pen=1.0 phi=0.0 flat
65,540,300,160,True,1.4217,False,0.77556,0.634369,rwanda pen=1.0 phi=0.0 flat
65,560,300,160,True,1.43794,False,0.77556,0.634366,rwanda pen=1.0 phi=0.0 flat
65,580,300,160,True,1.45417,False,0.77556,0.634362,rwanda pen=1.0 phi=0.0 flat
65,600,300,160,True,1.47041,False,0.77556,0.634359,rwanda pen=1.0 phi=0.0 flat
65,620,300,160,True,1.48665,False,0.77556,0.634355,rwanda pen=1.0 phi=0.0 flat
65,640,300,160,True,1.50288,False,0.77556,0.634352,rwanda pen=1.0 phi=0.0 flat
65,660,300,160,True,1.51912,False,0.77556,0.634349,rwanda pen=1.0 phi=0.0 flat
65,680,300,160,True,1.53535,False,0.77556,0.634345,rwanda pen=1.0 phi=0.0 flat
65,700,300,160,True,1.55159,False,0.77556,0.634342,rwanda pen=1.0 phi=0.0 flat
65,720,300,160,True,1.56782,False,0.77556,0.634339,rwanda pen=1.0 phi=0.0 flat
65,740,300,160,True,1.58405,False,0.77556,0.634335,rwanda pen=1.0 phi=0.0 flat
65,760,300,160,True,1.60029,False,0.77556,0.634332,rwanda pen=1.0 phi=0.0 flat
65,780,300,160,True,1.61652,False,0.77556,0.634329,rwanda pen=1.0 phi=0.0 flat
65,800,300,160,True,1.63275,False,0.77556,0.634325,rwanda pen=1.0 phi=0.0 flat
65,820,300,160,True,1.64898,False,0.77556,0.634322,rwanda pen=1.0 phi=0.0 flat
65,840,300,160,True,1.66521,False,0.77556,0.634318,rwanda pen=1.0 phi=0.0 flat
65,860,300,160,True,1.68144,False,0.77556,0.634315,rwanda pen=1.0 phi=0.0 flat
65,880,300,160,True,1.69767,False,0.77556,0.634312,rwanda pen=1.0 phi=0.0 flat
65,900,300,160,True,1.7139,False,0.77556,0.634308,rwanda pen=1.0 phi=0.0 flat
65,920,300,160,True,1.73013,False,0.77556,0.634305,rwanda pen=1.0 phi=0.0 flat
65,940,300,160,True,1.74636,False,0.77556,0.634302,rwanda pen=1.0 phi=0.0 flat
65,960,300,160,True,1.76259,False,0.77556,0.634298,rwanda pen=1.0 phi=0.0 flat
65,980,300,160,True,1.77882,False,0.77556,0.634295,rwanda pen=1.0 phi=0.0 flat
65,1000,300,160,True,1.79504,False,0.77556,0.634292,rwanda pen=1.0 phi=0.0 flat
65,1020,300,160,True,1.81127,False,0.77556,0.634288,rwanda pen=1.0 phi=0.0 flat
65,1040,300,160,True,1.8275,False,0.77556,0.634285,rwanda pen=1.0 phi=0.0 flat
65,1060,300,160,True,1.84372,False,0.77556,0.634281,rwanda pen=1.0 phi=0.0 flat
65,1080,300,160,True,1.85995,False,0.77556,0.634278,rwanda pen=1.0 phi=0.0 flat
65,1100,300,160,True,1.87617,False,0.77556,0.634275,rwanda pen=1.0 phi=0.0 flat
65,1120,300,160,True,1.8924,False,0.77556,0.634271,rwanda pen=1.0 phi=0.0 flat
65,1140,300,160,True,1.90862,False,0.77556,0.634268,rwanda pen=1.0 phi=0.0 flat
65,1160,300,160,True,1.92485,False,0.77556,0.634265,rwanda pen=1.0 phi=0.0 flat
65,1180,300,160,True,1.94107,False,0.77556,0.634261,rwanda pen=1.0 phi=0.0 flat
65,1200,300,160,True,1.95729,False,0.77556,0.634258,rwanda pen=1.0 phi=0.0 flat
65,1220,300,160,True,1.97351,False,0.77556,0.634255,rwanda pen=1.0 phi=0.0 flat
65,1240,300,160,True,1.98974,False,0.77556,0.634251,rwanda pen=1.0 phi=0.0 flat
65,1260,300,160,True,2.00596,False,0.77556,0.634248,rwanda pen=1.0 phi=0.0 flat
65,1280,300,160,True,2.02218,False,0.77556,0.634244,rwanda pen=1.0 phi=0.0 flat
65,1300,300,160,True,2.0384,False,0.77556,0.634241,rwanda pen=1.0 phi=0.0 flat
65,1320,300,160,True,2.05462,False,0.77556,0.634238,rwanda pen=1.0 phi=0.0 flat
65,1340,300,160,True,2.07084,False,0.77556,0.634234,rwanda pen=1.0 phi=0.0 flat
65,1360,300,160,True,2.08706,False,0.77556,0.634231,rwanda pen=1.0 phi=0.0 flat
65,1380,300,160,True,2.10328,False,0.77556,0.634228,rwanda pen=1.0 phi=0.0 flat
65,1400,300,160,True,2.11949,False,0.77556,0.634224,rwanda pen=1.0 phi=0.0 flat
70,0,300,160,True,1.2321,False,0.769102,0.679149,rwanda pen=1.0 phi=0.0 flat
70,20,300,160,True,1.16611,False,0.761137,0.658688,rwanda pen=1.0 phi=0.0 flat
70,40,300,160,True,1.12034,False,0.758698,0.643137,rwanda pen=1.0 phi=0.0 flat
70,60,300,160,True,1.08805,False,0.758547,0.631837,rwanda pen=1.0 phi=0.0 flat
70,80,300,160,True,1.0666,False,0.758538,0.623576,rwanda pen=1.0 phi=0.0 flat
70,100,300,160,True,1.05409,False,0.758538,0.617539,rwanda pen=1.0 phi=0.0 flat
70,120,300,160,True,1.0493,False,0.758538,0.613302,rwanda pen=1.0 phi=0.0 flat
70,140,300,160,True,1.0509,False,0.758538,0.610513,rwanda pen=1.0 phi=0.0 flat
70,160,300,160,True,1.05756,False,0.758538,0.608827,rwanda pen=1.0 phi=0.0 flat
70,180,300,160,True,1.06787,False,0.758538,0.607906,rwanda pen=1.0 phi=0.0 flat
70,200,300,160,True,1.08059,False,0.758538,0.607466,rwanda pen=1.0 phi=0.0 flat
70,220,300,160,True,1.0948,False,0.758538,0.607304,rwanda pen=1.0 phi=0.0 flat
70,240,300,160,True,1.10967,False,0.758538,0.607259,rwanda pen=1.0 phi=0.0 flat
70,260,300,160,True,1.12479,False,0.758538,0.607253,rwanda pen=1.0 phi=0.0 flat
70,280,300,160,True,1.13991,False,0.758538,0.60725,rwanda pen=1.0 phi=0.0 flat
70,300,300,160,True,1.15504,False,0.758538,0.607246,rwanda pen=1.0 phi=0.0 flat
70,320,300,160,True,1.17017,False,0.758538,0.607243,rwanda pen=1.0 phi=0.0 flat
70,340,300,160,True,1.1853,False,0.758538,0.60724,rwanda pen=1.0 phi=0.0 flat
70,360,300,160,True,1.20043,False,0.758538,0.607236,rwanda pen=1.0 phi=0.0 flat
70,380,300,160,True,1.21555,False,0.758538,0.607233,rwanda pen=1.0 phi=0.0 flat
70,400,300,160,True,1.23068,False,0.758538,0.607229,rwanda pen=1.0 phi=0.0 flat
70,420,300,160,True,1.24581,False,0.758538,0.607226,rwanda pen=1.0 phi=0.0 flat
70,440,300,160,True,1.26093,False,0.758538,0.607223,rwanda pen=1.0 phi=0.0 flat
70,460,300,160,True,1.27606,False,0.758538,0.607219,rwanda pen=1.0 phi=0.0 flat
70,480,300,160,True,1.29119,False,0.758538,0.607216,rwanda pen=1.0 phi=0.0 flat
70,500,300,160,True,1.30631,False,0.758538,0.607213,rwanda pen=1.0 phi=0.0 flat
70,520,300,160,True,1.32143,False,0.758538,0.607209,rwanda pen=1.0 phi=0.0 flat
70,540,300,160,True,1.33656,False,0.758538,0.607206,rwanda pen=1.0 phi=0.0 flat
70,560,300,160,True,1.35168,False,0.758538,0.607203,rwanda pen=1.0 phi=0.0 flat
70,580,300,160,True,1.36681,False,0.758538,0.607199,rwanda pen=1.0 phi=0.0 flat
70,600,300,160,True,1.38193,False,0.758538,0.607196,rwanda pen=1.0 phi=0.0 flat
70,620,300,160,True,1.39705,False,0.758538,0.607192,rwanda pen=1.0 phi=0.0 flat
70,640,300,160,True,1.41217,False,0.758538,0.607189,rwanda pen=1.0 phi=0.0 flat
70,660,300,160,True,1.4273,False,0.758538,0.607186,rwanda pen=1.0 phi=0.0 flat
70,680,300,160,True,1.44242,False,0.758538,0.607182,rwanda pen=1.0 phi=0.0 flat
70,700,300,160,True,1.45754,False,0.758538,0.607179,rwanda pen=1.0 phi=0.0 flat
70,720,300,160,True,1.47266,False,0.758538,0.607176,rwanda pen=1.0 phi=0.0 flat
70,740,300,160,True,1.48778,False,0.758538,0.607172,rwanda pen=1.0 phi=0.0 flat
70,760,300,160,True,1.5029,False,0.758538,0.607169,rwanda pen=1.0 phi=0.0 flat
70,780,300,160,True,1.51802,False,0.758538,0.607166,rwanda pen=1.0 phi=0.0 flat
70,800,300,160,True,1.53314,False,0.758538,0.607162,rwanda pen=1.0 phi=0.0 flat
70,820,300,160,True,1.54825,False,0.758538,0.607159,rwanda pen=1.0 phi=0.0 flat
70,840,300,160,True,1.56337,False,0.758538,0.607155,rwanda pen=1.0 phi=0.0 flat
70,860,300,160,True,1.57849,False,0.758538,0.607152,rwanda pen=1.0 phi=0.0 flat
70,880,300,160,True,1.59361,False,0.758538,0.607149,rwanda pen=1.0 phi=0.0 flat
70,900,300,160,True,1.60872,False,0.758538,0.607145,rwanda pen=1.0 phi=0.0 flat
70,920,300,160,True,1.62384,False,0.758538,0.607142,rwanda pen=1.0 phi=0.0 flat
70,940,300,160,True,1.63896,False,0.758538,0.607139,rwanda pen=1.0 phi=0.0 flat
70,960,300,160,True,1.65407,False,0.758538,0.607135,rwanda pen=1.0 phi=0.0 flat
70,980,300,160,True,1.66919,False,0.758538,0.607132,rwanda pen=1.0 phi=0.0 flat
70,1000,300,160,True,1.6843,False,0.758538,0.607129,rwanda pen=1.0 phi=0.0 flat
70,1020,300,160,True,1.69942,False,0.758538,0.607125,rwanda pen=1.0 phi=0.0 flat
70,1040,300,160,True,1.71453,False,0.758538,0.607122,rwanda pen=1.0 phi=0.0 flat
70,1060,300,160,True,1.72964,False,0.758538,0.607118,rwanda pen=1.0 phi=0.0 flat
70,1080,300,160,True,1.74476,False,0.758538,0.607115,rwanda pen=1.0 phi=0.0 flat
70,1100,300,160,True,1.75987,False,0.758538,0.607112,rwanda pen=1.0 phi=0.0 flat
70,1120,300,160,True,1.77498,False,0.758538,0.607108,rwanda pen=1.0 phi=0.0 flat
70,1140,300,160,True,1.7901,False,0.758538,0.607105,rwanda pen=1.0 phi=0.0 flat
70,1160,300,160,True,1.80521,False,0.758538,0.607102,rwanda pen=1.0 phi=0.0 flat
70,1180,300,160,True,1.82032,False,0.758538,0.607098,rwanda pen=1.0 phi=0.0 flat
70,1200,300,160,True,1.83543,False,0.758538,0.607095,rwanda pen=1.0 phi=0.0 flat
70,1220,300,160,True,1.85054,False,0.758538,0.607092,rwanda pen=1.0 phi=0.0 flat
70,1240,300,160,True,1.86565,False,0.758538,0.607088,rwanda pen=1.0 phi=0.0 flat
70,1260,300,160,True,1.88076,False,0.758538,0.607085,rwanda pen=1.0 phi=0.0 flat
70,1280,300,160,True,1.89587,False,0.758538,0.607081,rwanda pen=1.0 phi=0.0 flat
70,1300,300,160,True,1.91098,False,0.758538,0.607078,rwanda pen=1.0 phi=0.0 flat
70,1320,300,160,True,1.92609,False,0.758538,0.607075,rwanda pen=1.0 phi=0.0 flat
70,1340,300,160,True,1.94119,False,0.758538,0.607071,rwanda pen=1.0 phi=0.0 flat
70,1360,300,160,True,1.9563,False,0.758538,0.607068,rwanda pen=1.0 phi=0.0 flat
70,1380,300,160,True,1.97141,False,0.758538,0.607065,rwanda pen=1.0 phi=0.0 flat
70,1400,300,160,True,1.98652,False,0.758538,0.607061,rwanda pen=1.0 phi=0.0 flat
75,0,300,160,True,1.21125,False,0.75537,0.666353,rwanda pen=1.0 phi=0.0 flat
75,20,300,160,True,1.14718,False,0.746248,0.64517,rwanda pen=1.0 phi=0.0 flat
75,40,300,160,True,1.10091,False,0.74219,0.628166,rwanda pen=1.0 phi=0.0 flat
75,60,300,160,True,1.06638,False,0.741603,0.615027,rwanda pen=1.0 phi=0.0 flat
75,80,300,160,True,1.04163,False,0.741567,0.605084,rwanda pen=1.0 phi=0.0 flat
75,100,300,160,True,1.02484,False,0.741567,0.597421,rwanda pen=1.0 phi=0.0 flat
75,120,300,160,True,1.01476,False,0.741567,0.591529,rwanda pen=1.0 phi=0.0 flat
75,140,300,160,True,1.01077,False,0.741567,0.587201,rwanda pen=1.0 phi=0.0 flat
75,160,300,160,True,1.01205,False,0.741567,0.584207,rwanda pen=1.0 phi=0.0 flat
75,180,300,160,True,1.01767,False,0.741567,0.582283,rwanda pen=1.0 phi=0.0 flat
75,200,300,160,True,1.02666,False,0.741567,0.581159,rwanda pen=1.0 phi=0.0 flat
75,220,300,160,True,1.03797,False,0.741567,0.580568,rwanda pen=1.0 phi=0.0 flat
75,240,300,160,True,1.05086,False,0.741567,0.580314,rwanda pen=1.0 phi=0.0 flat
75,260,300,160,True,1.06461,False,0.741567,0.580235,rwanda pen=1.0 phi=0.0 flat
75,280,300,160,True,1.07869,False,0.741567,0.580217,rwanda pen=1.0 phi=0.0 flat
75,300,300,160,True,1.09283,False,0.741567,0.58021,rwanda pen=1.0 phi=0.0 flat
75,320,300,160,True,1.10698,False,0.741567,0.580205,rwanda pen=1.0 phi=0.0 flat
75,340,300,160,True,1.12114,False,0.741567,0.580201,rwanda pen=1.0 phi=0.0 flat
75,360,300,160,True,1.1353,False,0.741567,0.580198,rwanda pen=1.0 phi=0.0 flat
75,380,300,160,True,1.14946,False,0.741567,0.580195,rwanda pen=1.0 phi=0.0 flat
75,400,300,160,True,1.16362,False,0.741567,0.580191,rwanda pen=1.0 phi=0.0 flat
75,420,300,160,True,1.17778,False,0.741567,0.580188,rwanda pen=1.0 phi=0.0 flat
75,440,300,160,True,1.19194,False,0.741567,0.580185,rwanda pen=1.0 phi=0.0 flat
75,460,300,160,True,1.2061,False,0.741567,0.580181,rwanda pen=1.0 phi=0.0 flat
75,480,300,160,True,1.22026,False,0.741567,0.580178,rwanda pen=1.0 phi=0.0 flat
75,500,300,160,True,1.23442,False,0.741567,0.580175,rwanda pen=1.0 phi=0.0 flat
75,520,300,160,True,1.24857,False,0.741567,0.580171,rwanda pen=1.0 phi=0.0 flat
75,540,300,160,True,1.26273,False,0.741567,0.580168,rwanda pen=1.0 phi=0.0 flat
75,560,300,160,True,1.27689,False,0.741567,0.580164,rwanda pen=1.0 phi=0.0 flat
75,580,300,160,True,1.29104,False,0.741567,0.580161,rwanda pen=1.0 phi=0.0 flat
75,600,300,160,True,1.3052,False,0.741567,0.580158,rwanda pen=1.0 phi=0.0 flat
75,620,300,160,True,1.31936,False,0.741567,0.580154,rwanda pen=1.0 phi=0.0 flat
75,640,300,160,True,1.33351,False,0.741567,0.580151,rwanda pen=1.0 phi=0.0 flat
75,660,300,160,True,1.34767,False,0.741567,0.580148,rwanda pen=1.0 phi=0.0 flat
75,680,300,160,True,1.36182,False,0.741567,0.580144,rwanda pen=1.0 phi=0.0 flat
75,700,300,160,True,1.37598,False,0.741567,0.580141,rwanda pen=1.0 phi=0.0 flat
75,720,300,160,True,1.39013,False,0.741567,0.580138,rwanda pen=1.0 phi=0.0 flat
75,740,300,160,True,1.40428,False,0.741567,0.580134,rwanda pen=1.0 phi=0.0 flat
75,760,300,160,True,1.41844,False,0.741567,0.580131,rwanda pen=1.0 phi=0.0 flat
75,780,300,160,True,1.43259,False,0.741567,0.580127,rwanda pen=1.0 phi=0.0 flat
75,800,300,160,True,1.44674,False,0.741567,0.580124,rwanda pen=1.0 phi=0.0 flat
75,820,300,160,True,1.4609,False,0.741567,0.580121,rwanda pen=1.0 phi=0.0 flat
75,840,300,160,True,1.47505,False,0.741567,0.580117,rwanda pen=1.0 phi=0.0 flat
75,860,300,160,True,1.4892,False,0.741567,0.580114,rwanda pen=1.0 phi=0.0 flat
75,880,300,160,True,1.50335,False,0.741567,0.580111,rwanda pen=1.0 phi=0.0 flat
75,900,300,160,True,1.5175,False,0.741567,0.580107,rwanda pen=1.0 phi=0.0 flat
75,920,300,160,True,1.53165,False,0.741567,0.580104,rwanda pen=1.0 phi=0.0 flat
75,940,300,160,True,1.5458,False,0.741567,0.580101,rwanda pen=1.0 phi=0.0 flat
75,960,300,160,True,1.55995,False,0.741567,0.580097,rwanda pen=1.0 phi=0.0 flat
75,980,300,160,True,1.5741,False,0.741567,0.580094,rwanda pen=1.0 phi=0.0 flat
75,1000,300,160,True,1.58825,False,0.741567,0.580091,rwanda pen=1.0 phi=0.0 flat
75,1020,300,160,True,1.6024,False,0.741567,0.580087,rwanda pen=1.0 phi=0.0 flat
75,1040,300,160,True,1.61655,False,0.741567,0.580084,rwanda pen=1.0 phi=0.0 flat
75,1060,300,160,True,1.6307,False,0.741567,0.58008,rwanda pen=1.0 phi=0.0 flat
75,1080,300,160,True,1.64485,False,0.741567,0.580077,rwanda pen=1.0 phi=0.0 flat
75,1100,300,160,True,1.65899,False,0.741567,0.580074,rwanda pen=1.0 phi=0.0 flat
75,1120,300,160,True,1.67314,False,0.741567,0.58007,rwanda pen=1.0 phi=0.0 flat
75,1140,300,160,True,1.68729,False,0.741567,0.580067,rwanda pen=1.0 phi=0.0 flat
75,1160,300,160,True,1.70143,False,0.741567,0.580064,rwanda pen=1.0 phi=0.0 flat
75,1180,300,160,True,1.71558,False,0.741567,0.58006,rwanda pen=1.0 phi=0.0 flat
75,1200,300,160,True,1.72973,False,0.741567,0.580057,rwanda pen=1.0 phi=0.0 flat
75,1220,300,160,True,1.74387,False,0.741567,0.580054,rwanda pen=1.0 phi=0.0 flat
75,1240,300,160,True,1.75802,False,0.741567,0.58005,rwanda pen=1.0 phi=0.0 flat
75,1260,300,160,True,1.77216,False,0.741567,0.580047,rwanda pen=1.0 phi=0.0 flat
75,1280,300,160,True,1.78631,False,0.741567,0.580043,rwanda pen=1.0 phi=0.0 flat
75,1300,300,160,True,1.80045,False,0.741567,0.58004,rwanda pen=1.0 phi=0.0 flat
75,1320,300,160,True,1.81459,False,0.741567,0.580037,rwanda pen=1.0 phi=0.0 flat
75,1340,300,160,True,1.82874,False,0.741567,0.580033,rwanda pen=1.0 phi=0.0 flat
75,1360,300,160,True,1.84288,False,0.741567,0.58003,rwanda pen=1.0 phi=0.0 flat
75,1380,300,160,True,1.85702,False,0.741567,0.580027,rwanda pen=1.0 phi=0.0 flat
75,1400,300,160,True,1.87117,False,0.741567,0.580023,rwanda pen=1.0 phi=0.0 flat
80,0,300,160,True,1.19562,False,0.742155,0.6547,rwanda pen=1.0 phi=0.0 flat
80,20,300,160,True,1.13321,False,0.732186,0.632968,rwanda pen=1.0 phi=0.0 flat
80,40,300,160,True,1.08675,False,0.726323,0.614816,rwanda pen=1.0 phi=0.0 flat
80,60,300,160,True,1.05056,False,0.724795,0.599971,rwanda pen=1.0 phi=0.0 flat
80,80,300,160,True,1.02332,False,0.72466,0.588342,rwanda pen=1.0 phi=0.0 flat
80,100,300,160,True,1.00334,False,0.724647,0.579106,rwanda pen=1.0 phi=0.0 flat
80,120,300,160,True,0.989451,False,0.724647,0.5717,rwanda pen=1.0 phi=0.0 flat
80,140,300,160,True,0.98087,False,0.724647,0.565799,rwanda pen=1.0 phi=0.0 flat
80,160,300,160,True,0.977347,False,0.724647,0.561329,rwanda pen=1.0 phi=0.0 flat
80,180,300,160,True,0.978262,False,0.724647,0.558108,rwanda pen=1.0 phi=0.0 flat
80,200,300,160,True,0.982999,False,0.724647,0.55594,rwanda pen=1.0 phi=0.0 flat
80,220,300,160,True,0.990837,False,0.724647,0.5546,rwanda pen=1.0 phi=0.0 flat
80,240,300,160,True,1.00091,False,0.724647,0.553841,rwanda pen=1.0 phi=0.0 flat
80,260,300,160,True,1.0126,False,0.724647,0.553477,rwanda pen=1.0 phi=0.0 flat
80,280,300,160,True,1.02538,False,0.724647,0.553359,rwanda pen=1.0 phi=0.0 flat
80,300,300,160,True,1.03852,False,0.724647,0.553322,rwanda pen=1.0 phi=0.0 flat
80,320,300,160,True,1.05176,False,0.724647,0.553303,rwanda pen=1.0 phi=0.0 flat
80,340,300,160,True,1.065,False,0.724647,0.553287,rwanda pen=1.0 phi=0.0 flat
80,360,300,160,True,1.07827,False,0.724647,0.553276,rwanda pen=1.0 phi=0.0 flat
80,380,300,160,True,1.09157,False,0.724647,0.553271,rwanda pen=1.0 phi=0.0 flat
80,400,300,160,True,1.10489,False,0.724647,0.553268,rwanda pen=1.0 phi=0.0 flat
80,420,300,160,True,1.1182,False,0.724647,0.553264,rwanda pen=1.0 phi=0.0 flat
80,440,300,160,True,1.13151,False,0.724647,0.553261,rwanda pen=1.0 phi=0.0 flat
80,460,300,160,True,1.14482,False,0.724647,0.553258,rwanda pen=1.0 phi=0.0 flat
80,480,300,160,True,1.15813,False,0.724647,0.553254,rwanda pen=1.0 phi=0.0 flat
80,500,300,160,True,1.17144,False,0.724647,0.553251,rwanda pen=1.0 phi=0.0 flat
80,520,300,160,True,1.18475,False,0.724647,0.553247,rwanda pen=1.0 phi=0.0 flat
80,540,300,160,True,1.19806,False,0.724647,0.553244,rwanda pen=1.0 phi=0.0 flat
80,560,300,160,True,1.21137,False,0.724647,0.553241,rwanda pen=1.0 phi=0.0 flat
80,580,300,160,True,1.22468,False,0.724647,0.553237,rwanda pen=1.0 phi=0.0 flat
80,600,300,160,True,1.23799,False,0.724647,0.553234,rwanda pen=1.0 phi=0.0 flat
80,620,300,160,True,1.2513,False,0.724647,0.553231,rwanda pen=1.0 phi=0.0 flat
80,640,300,160,True,1.26461,False,0.724647,0.553227,rwanda pen=1.0 phi=0.0 flat
80,660,300,160,True,1.27792,False,0.724647,0.553224,rwanda pen=1.0 phi=0.0 flat
80,680,300,160,True,1.29122,False,0.724647,0.553221,rwanda pen=1.0 phi=0.0 flat
80,700,300,160,True,1.30453,False,0.724647,0.553217,rwanda pen=1.0 phi=0.0 flat
80,720,300,160,True,1.31784,False,0.724647,0.553214,rwanda pen=1.0 phi=0.0 flat
80,740,300,160,True,1.33115,False,0.724647,0.55321,rwanda pen=1.0 phi=0.0 flat
80,760,300,160,True,1.34445,False,0.724647,0.553207,rwanda pen=1.0 phi=0.0 flat
80,780,300,160,True,1.35776,False,0.724647,0.553204,rwanda pen=1.0 phi=0.0 flat
80,800,300,160,True,1.37106,False,0.724647,0.5532,rwanda pen=1.0 phi=0.0 flat
80,820,300,160,True,1.38437,False,0.724647,0.553197,rwanda pen=1.0 phi=0.0 flat
80,840,300,160,True,1.39767,False,0.724647,0.553194,rwanda pen=1.0 phi=0.0 flat
80,860,300,160,True,1.41098,False,0.724647,0.55319,rwanda pen=1.0 phi=0.0 flat
80,880,300,160,True,1.42428,False,0.724647,0.553187,rwanda pen=1.0 phi=0.0 flat
80,900,300,160,True,1.43759,False,0.724647,0.553184,rwanda pen=1.0 phi=0.0 flat
80,920,300,160,True,1.45089,False,0.724647,0.55318,rwanda pen=1.0 phi=0.0 flat
80,940,300,160,True,1.4642,False,0.724647,0.553177,rwanda pen=1.0 phi=0.0 flat
80,960,300,160,True,1.4775,False,0.724647,0.553173,rwanda pen=1.0 phi=0.0 flat
80,980,300,160,True,1.4908,False,0.724647,0.55317,rwanda pen=1.0 phi=0.0 flat
80,1000,300,160,True,1.50411,False,0.724647,0.553167,rwanda pen=1.0 phi=0.0 flat
80,1020,300,160,True,1.51741,False,0.724647,0.553163,rwanda pen=1.0 phi=0.0 flat
80,1040,300,160,True,1.53071,False,0.724647,0.55316,rwanda pen=1.0 phi=0.0 flat
80,1060,300,160,True,1.54401,False,0.724647,0.553157,rwanda pen=1.0 phi=0.0 flat
80,1080,300,160,True,1.55731,False,0.724647,0.553153,rwanda pen=1.0 phi=0.0 flat
80,1100,300,160,True,1.57062,False,0.724647,0.55315,rwanda pen=1.0 phi=0.0 flat
80,1120,300,160,True,1.58392,False,0.724647,0.553147,rwanda pen=1.0 phi=0.0 flat
80,1140,300,160,True,1.59722,False,0.724647,0.553143,rwanda pen=1.0 phi=0.0 flat
80,1160,300,160,True,1.61052,False,0.724647,0.55314,rwanda pen=1.0 phi=0.0 flat
80,1180,300,160,True,1.62382,False,0.724647,0.553136,rwanda pen=1.0 phi=0.0 flat
80,1200,300,160,True,1.63712,False,0.724647,0.553133,rwanda pen=1.0 phi=0.0 flat
80,1220,300,160,True,1.65042,False,0.724647,0.55313,rwanda pen=1.0 phi=0.0 flat
80,1240,300,160,True,1.66372,False,0.724647,0.553126,rwanda pen=1.0 phi=0.0 flat
80,1260,300,160,True,1.67701,False,0.724647,0.553123,rwanda pen=1.0 phi=0.0 flat
80,1280,300,160,True,1.69031,False,0.724647,0.55312,rwanda pen=1.0 phi=0.0 flat
80,1300,300,160,True,1.70361,False,0.724647,0.553116,rwanda pen=1.0 phi=0.0 flat
80,1320,300,160,True,1.71691,False,0.724647,0.553113,rwanda pen=1.0 phi=0.0 flat
80,1340,300,160,True,1.73021,False,0.724647,0.55311,rwanda pen=1.0 phi=0.0 flat
80,1360,300,160,True,1.7435,False,0.724647,0.553106,rwanda pen=1.0 phi=0.0 flat
80,1380,300,160,True,1.7568,False,0.724647,0.553103,rwanda pen=1.0 phi=0.0 flat
80,1400,300,160,True,1.7701,False,0.724647,0.553099,rwanda pen=1.0 phi=0.0 flat
85,0,300,160,True,1.18409,False,0.729551,0.644086,rwanda pen=1.0 phi=0.0 flat
85,20,300,160,True,1.12311,False,0.718929,0.621929,rwanda pen=1.0 phi=0.0 flat
85,40,300,160,True,1.07665,False,0.711419,0.602912,rwanda pen=1.0 phi=0.0 flat
85,60,300,160,True,1.03925,False,0.708444,0.586586,rwanda pen=1.0 phi=0.0 flat
85,80,300,160,True,1.01,False,0.707835,0.573258,rwanda pen=1.0 phi=0.0 flat
85,100,300,160,True,0.987574,False,0.707789,0.562494,rwanda pen=1.0 phi=0.0 flat
85,120,300,160,True,0.970773,False,0.707789,0.553613,rwanda pen=1.0 phi=0.0 flat
85,140,300,160,True,0.958803,False,0.707789,0.546273,rwanda pen=1.0 phi=0.0 flat
85,160,300,160,True,0.951301,False,0.707789,0.540307,rwanda pen=1.0 phi=0.0 flat
85,180,300,160,True,0.948053,False,0.707789,0.535664,rwanda pen=1.0 phi=0.0 flat
85,200,300,160,True,0.948622,False,0.707789,0.532208,rwanda pen=1.0 phi=0.0 flat
85,220,300,160,True,0.952592,False,0.707789,0.52979,rwanda pen=1.0 phi=0.0 flat
85,240,300,160,True,0.959421,False,0.707789,0.528222,rwanda pen=1.0 phi=0.0 flat
85,260,300,160,True,0.968491,False,0.707789,0.5273,rwanda pen=1.0 phi=0.0 flat
85,280,300,160,True,0.979289,False,0.707789,0.526849,rwanda pen=1.0 phi=0.0 flat
85,300,300,160,True,0.991172,False,0.707789,0.526679,rwanda pen=1.0 phi=0.0 flat
85,320,300,160,True,1.00346,False,0.707789,0.526613,rwanda pen=1.0 phi=0.0 flat
85,340,300,160,True,1.01586,False,0.707789,0.526573,rwanda pen=1.0 phi=0.0 flat
85,360,300,160,True,1.02829,False,0.707789,0.526539,rwanda pen=1.0 phi=0.0 flat
85,380,300,160,True,1.04073,False,0.707789,0.52651,rwanda pen=1.0 phi=0.0 flat
85,400,300,160,True,1.05319,False,0.707789,0.526486,rwanda pen=1.0 phi=0.0 flat
85,420,300,160,True,1.06568,False,0.707789,0.526469,rwanda pen=1.0 phi=0.0 flat
85,440,300,160,True,1.0782,False,0.707789,0.526456,rwanda pen=1.0 phi=0.0 flat
85,460,300,160,True,1.09072,False,0.707789,0.526446,rwanda pen=1.0 phi=0.0 flat
85,480,300,160,True,1.10325,False,0.707789,0.526436,rwanda pen=1.0 phi=0.0 flat
85,500,300,160,True,1.1158,False,0.707789,0.526431,rwanda pen=1.0 phi=0.0 flat
85,520,300,160,True,1.12836,False,0.707789,0.526428,rwanda pen=1.0 phi=0.0 flat
85,540,300,160,True,1.14092,False,0.707789,0.526424,rwanda pen=1.0 phi=0.0 flat
85,560,300,160,True,1.15348,False,0.707789,0.526421,rwanda pen=1.0 phi=0.0 flat
85,580,300,160,True,1.16604,False,0.707789,0.526418,rwanda pen=1.0 phi=0.0 flat
85,600,300,160,True,1.1786,False,0.707789,0.526414,rwanda pen=1.0 phi=0.0 flat
85,620,300,160,True,1.19116,False,0.707789,0.526411,rwanda pen=1.0 phi=0.0 flat
85,640,300,160,True,1.20372,False,0.707789,0.526407,rwanda pen=1.0 phi=0.0 flat
85,660,300,160,True,1.21628,False,0.707789,0.526404,rwanda pen=1.0 phi=0.0 flat
85,680,300,160,True,1.22884,False,0.707789,0.526401,rwanda pen=1.0 phi=0.0 flat
85,700,300,160,True,1.2414,False,0.707789,0.526397,rwanda pen=1.0 phi=0.0 flat
85,720,300,160,True,1.25396,False,0.707789,0.526394,rwanda pen=1.0 phi=0.0 flat
85,740,300,160,True,1.26651,False,0.707789,0.526391,rwanda pen=1.0 phi=0.0 flat
85,760,300,160,True,1.27907,False,0.707789,0.526387,rwanda pen=1.0 phi=0.0 flat
85,780,300,160,True,1.29163,False,0.707789,0.526384,rwanda pen=1.0 phi=0.0 flat
85,800,300,160,True,1.30418,False,0.707789,0.526381,rwanda pen=1.0 phi=0.0 flat
85,820,300,160,True,1.31674,False,0.707789,0.526377,rwanda pen=1.0 phi=0.0 flat
85,840,300,160,True,1.3293,False,0.707789,0.526374,rwanda pen=1.0 phi=0.0 flat
85,860,300,160,True,1.34185,False,0.707789,0.52637,rwanda pen=1.0 phi=0.0 flat
85,880,300,160,True,1.35441,False,0.707789,0.526367,rwanda pen=1.0 phi=0.0 flat
85,900,300,160,True,1.36697,False,0.707789,0.526364,rwanda pen=1.0 phi=0.0 flat
85,920,300,160,True,1.37952,False,0.707789,0.52636,rwanda pen=1.0 phi=0.0 flat
85,940,300,160,True,1.39208,False,0.707789,0.526357,rwanda pen=1.0 phi=0.0 flat
85,960,300,160,True,1.40463,False,0.707789,0.526354,rwanda pen=1.0 phi=0.0 flat
85,980,300,160,True,1.41719,False,0.707789,0.52635,rwanda pen=1.0 phi=0.0 flat
85,1000,300,160,True,1.42974,False,0.707789,0.526347,rwanda pen=1.0 phi=0.0 flat
85,1020,300,160,True,1.44229,False,0.707789,0.526344,rwanda pen=1.0 phi=0.0 flat
85,1040,300,160,True,1.45485,False,0.707789,0.52634,rwanda pen=1.0 phi=0.0 flat
85,1060,300,160,True,1.4674,False,0.707789,0.526337,rwanda pen=1.0 phi=0.0 flat
85,1080,300,160,True,1.47995,False,0.707789,0.526333,rwanda pen=1.0 phi=0.0 flat
85,1100,300,160,True,1.49251,False,0.707789,0.52633,rwanda pen=1.0 phi=0.0 flat
85,1120,300,160,True,1.50506,False,0.707789,0.526327,rwanda pen=1.0 phi=0.0 flat
85,1140,300,160,True,1.51761,False,0.707789,0.526323,rwanda pen=1.0 phi=0.0 flat
85,1160,300,160,True,1.53016,False,0.707789,0.52632,rwanda pen=1.0 phi=0.0 flat
85,1180,300,160,True,1.54272,False,0.707789,0.526317,rwanda pen=1.0 phi=0.0 flat
85,1200,300,160,True,1.55527,False,0.707789,0.526313,rwanda pen=1.0 phi=0.0 flat
85,1220,300,160,True,1.56782,False,0.707789,0.52631,rwanda pen=1.0 phi=0.0 flat
85,1240,300,160,True,1.58037,False,0.707789,0.526307,rwanda pen=1.0 phi=0.0 flat
85,1260,300,160,True,1.59292,False,0.707789,0.526303,rwanda pen=1.0 phi=0.0 flat
85,1280,300,160,True,1.60547,False,0.707789,0.5263,rwanda pen=1.0 phi=0.0 flat
85,1300,300,160,True,1.61802,False,0.707789,0.526296,rwanda pen=1.0 phi=0.0 flat
85,1320,300,160,True,1.63057,False,0.707789,0.526293,rwanda pen=1.0 phi=0.0 flat
85,1340,300,160,True,1.64312,False,0.707789,0.52629,rwanda pen=1.0 phi=0.0 flat
85,1360,300,160,True,1.65567,False,0.707789,0.526286,rwanda pen=1.0 phi=0.0 flat
85,1380,300,160,True,1.66822,False,0.707789,0.526283,rwanda pen=1.0 phi=0.0 flat
85,1400,300,160,True,1.68077,False,0.707789,0.52628,rwanda pen=1.0 phi=0.0 flat
90,0,300,160,True,1.17579,False,0.717536,0.634409,rwanda pen=1.0 phi=0.0 flat
90,20,300,160,True,1.11607,False,0.706352,0.611919,rwanda pen=1.0 phi=0.0 flat
90,40,300,160,True,1.06974,False,0.697566,0.592272,rwanda pen=1.0 phi=0.0 flat
90,60,300,160,True,1.03145,False,0.692754,0.574723,rwanda pen=1.0 phi=0.0 flat
90,80,300,160,True,1.00058,False,0.691208,0.55982,rwanda pen=1.0 phi=0.0 flat
90,100,300,160,True,0.976163,False,0.691007,0.547488,rwanda pen=1.0 phi=0.0 flat
90,120,300,160,True,0.957033,False,0.690989,0.537161,rwanda pen=1.0 phi=0.0 flat
90,140,300,160,True,0.942499,False,0.690989,0.528444,rwanda pen=1.0 phi=0.0 flat
90,160,300,160,True,0.931917,False,0.690989,0.521079,rwanda pen=1.0 phi=0.0 flat
90,180,300,160,True,0.92521,False,0.690989,0.515012,rwanda pen=1.0 phi=0.0 flat
90,200,300,160,True,0.922134,False,0.690989,0.510181,rwanda pen=1.0 phi=0.0 flat
90,220,300,160,True,0.922395,False,0.690989,0.506488,rwanda pen=1.0 phi=0.0 flat
90,240,300,160,True,0.925712,False,0.690989,0.503822,rwanda pen=1.0 phi=0.0 flat
90,260,300,160,True,0.931809,False,0.690989,0.502054,rwanda pen=1.0 phi=0.0 flat
90,280,300,160,True,0.940331,False,0.690989,0.501035,rwanda pen=1.0 phi=0.0 flat
90,300,300,160,True,0.950497,False,0.690989,0.500525,rwanda pen=1.0 phi=0.0 flat
90,320,300,160,True,0.961572,False,0.690989,0.500295,rwanda pen=1.0 phi=0.0 flat
90,340,300,160,True,0.973029,False,0.690989,0.500177,rwanda pen=1.0 phi=0.0 flat
90,360,300,160,True,0.984599,False,0.690989,0.500092,rwanda pen=1.0 phi=0.0 flat
90,380,300,160,True,0.996234,False,0.690989,0.500024,rwanda pen=1.0 phi=0.0 flat
90,400,300,160,True,1.00792,False,0.690989,0.499968,rwanda pen=1.0 phi=0.0 flat
90,420,300,160,True,1.01963,False,0.690989,0.499922,rwanda pen=1.0 phi=0.0 flat
90,440,300,160,True,1.03139,False,0.690989,0.499886,rwanda pen=1.0 phi=0.0 flat
90,460,300,160,True,1.04316,False,0.690989,0.499856,rwanda pen=1.0 phi=0.0 flat
90,480,300,160,True,1.05497,False,0.690989,0.499831,rwanda pen=1.0 phi=0.0 flat
90,500,300,160,True,1.06677,False,0.690989,0.499808,rwanda pen=1.0 phi=0.0 flat
90,520,300,160,True,1.07858,False,0.690989,0.499786,rwanda pen=1.0 phi=0.0 flat
90,540,300,160,True,1.0904,False,0.690989,0.499769,rwanda pen=1.0 phi=0.0 flat
90,560,300,160,True,1.10223,False,0.690989,0.499752,rwanda pen=1.0 phi=0.0 flat
90,580,300,160,True,1.11409,False,0.690989,0.499741,rwanda pen=1.0 phi=0.0 flat
90,600,300,160,True,1.12595,False,0.690989,0.499731,rwanda pen=1.0 phi=0.0 flat
90,620,300,160,True,1.13781,False,0.690989,0.499721,rwanda pen=1.0 phi=0.0 flat
90,640,300,160,True,1.14966,False,0.690989,0.499711,rwanda pen=1.0 phi=0.0 flat
90,660,300,160,True,1.16152,False,0.690989,0.499701,rwanda pen=1.0 phi=0.0 flat
90,680,300,160,True,1.17338,False,0.690989,0.499691,rwanda pen=1.0 phi=0.0 flat
90,700,300,160,True,1.18523,False,0.690989,0.499681,rwanda pen=1.0 phi=0.0 flat
90,720,300,160,True,1.19709,False,0.690989,0.499671,rwanda pen=1.0 phi=0.0 flat
90,740,300,160,True,1.20896,False,0.690989,0.499665,rwanda pen=1.0 phi=0.0 flat
90,760,300,160,True,1.22085,False,0.690989,0.499661,rwanda pen=1.0 phi=0.0 flat
90,780,300,160,True,1.23274,False,0.690989,0.499658,rwanda pen=1.0 phi=0.0 flat
90,800,300,160,True,1.24463,False,0.690989,0.499654,rwanda pen=1.0 phi=0.0 flat
90,820,300,160,True,1.25652,False,0.690989,0.499651,rwanda pen=1.0 phi=0.0 flat
90,840,300,160,True,1.26841,False,0.690989,0.499648,rwanda pen=1.0 phi=0.0 flat
90,860,300,160,True,1.2803,False,0.690989,0.499644,rwanda pen=1.0 phi=0.0 flat
90,880,300,160,True,1.29219,False,0.690989,0.499641,rwanda pen=1.0 phi=0.0 flat
90,900,300,160,True,1.30407,False,0.690989,0.499638,rwanda pen=1.0 phi=0.0 flat
90,920,300,160,True,1.31596,False,0.690989,0.499634,rwanda pen=1.0 phi=0.0 flat
90,940,300,160,True,1.32785,False,0.690989,0.499631,rwanda pen=1.0 phi=0.0 flat
90,960,300,160,True,1.33974,False,0.690989,0.499627,rwanda pen=1.0 phi=0.0 flat
90,980,300,160,True,1.35163,False,0.690989,0.499624,rwanda pen=1.0 phi=0.0 flat
90,1000,300,160,True,1.36351,False,0.690989,0.499621,rwanda pen=1.0 phi=0.0 flat
90,1020,300,160,True,1.3754,False,0.690989,0.499617,rwanda pen=1.0 phi=0.0 flat
90,1040,300,160,True,1.38729,False,0.690989,0.499614,rwanda pen=1.0 phi=0.0 flat
90,1060,300,160,True,1.39917,False,0.690989,0.499611,rwanda pen=1.0 phi=0.0 flat
90,1080,300,160,True,1.41106,False,0.690989,0.499607,rwanda pen=1.0 phi=0.0 flat
90,1100,300,160,True,1.42295,False,0.690989,0.499604,rwanda pen=1.0 phi=0.0 flat
90,1120,300,160,True,1.43483,False,0.690989,0.499601,rwanda pen=1.0 phi=0.0 flat
90,1140,300,160,True,1.44672,False,0.690989,0.499597,rwanda pen=1.0 phi=0.0 flat
90,1160,300,160,True,1.4586,False,0.690989,0.499594,rwanda pen=1.0 phi=0.0 flat
90,1180,300,160,True,1.47049,False,0.690989,0.49959,rwanda pen=1.0 phi=0.0 flat
90,1200,300,160,True,1.48237,False,0.690989,0.499587,rwanda pen=1.0 phi=0.0 flat
90,1220,300,160,True,1.49426,False,0.690989,0.499584,rwanda pen=1.0 phi=0.0 flat
90,1240,300,160,True,1.50614,False,0.690989,0.49958,rwanda pen=1.0 phi=0.0 flat
90,1260,300,160,True,1.51803,False,0.690989,0.499577,rwanda pen=1.0 phi=0.0 flat
90,1280,300,160,True,1.52991,False,0.690989,0.499574,rwanda pen=1.0 phi=0.0 flat
90,1300,300,160,True,1.54179,False,0.690989,0.49957,rwanda pen=1.0 phi=0.0 flat
90,1320,300,160,True,1.55368,False,0.690989,0.499567,rwanda pen=1.0 phi=0.0 flat
90,1340,300,160,True,1.56556,False,0.690989,0.499564,rwanda pen=1.0 phi=0.0 flat
90,1360,300,160,True,1.57744,False,0.690989,0.49956,rwanda pen=1.0 phi=0.0 flat
90,1380,300,160,True,1.58932,False,0.690989,0.499557,rwanda pen=1.0 phi=0.0 flat
90,1400,300,160,True,1.60121,False,0.690989,0.499553,rwanda pen=1.0 phi=0.0 flat
95,0,300,160,True,1.1701,False,0.706069,0.625577,rwanda pen=1.0 phi=0.0 flat
95,20,300,160,True,1.11147,False,0.694301,0.602827,rwanda pen=1.0 phi=0.0 flat
95,40,300,160,True,1.06533,False,0.684676,0.58272,rwanda pen=1.0 phi=0.0 flat
95,60,300,160,True,1.02645,False,0.678158,0.56423,rwanda pen=1.0 phi=0.0 flat
95,80,300,160,True,0.994255,False,0.675155,0.547924,rwanda pen=1.0 phi=0.0 flat
95,100,300,160,True,0.96815,False,0.67431,0.534046,rwanda pen=1.0 phi=0.0 flat
95,120,300,160,True,0.947163,False,0.674245,0.522288,rwanda pen=1.0 phi=0.0 flat
95,140,300,160,True,0.930452,False,0.674245,0.512185,rwanda pen=1.0 phi=0.0 flat
95,160,300,160,True,0.917584,False,0.674245,0.503507,rwanda pen=1.0 phi=0.0 flat
95,180,300,160,True,0.908088,False,0.674245,0.49608,rwanda pen=1.0 phi=0.0 flat
95,200,300,160,True,0.901979,False,0.674245,0.489885,rwanda pen=1.0 phi=0.0 flat
95,220,300,160,True,0.899031,False,0.674245,0.484866,rwanda pen=1.0 phi=0.0 flat
95,240,300,160,True,0.899032,False,0.674245,0.48094,rwanda pen=1.0 phi=0.0 flat
95,260,300,160,True,0.902014,False,0.674245,0.478085,rwanda pen=1.0 phi=0.0 flat
95,280,300,160,True,0.907979,False,0.674245,0.476241,rwanda pen=1.0 phi=0.0 flat
95,300,300,160,True,0.916188,False,0.674245,0.47517,rwanda pen=1.0 phi=0.0 flat
95,320,300,160,True,0.925755,False,0.674245,0.47459,rwanda pen=1.0 phi=0.0 flat
95,340,300,160,True,0.936111,False,0.674245,0.474292,rwanda pen=1.0 phi=0.0 flat
95,360,300,160,True,0.946826,False,0.674245,0.474116,rwanda pen=1.0 phi=0.0 flat
95,380,300,160,True,0.957654,False,0.674245,0.473978,rwanda pen=1.0 phi=0.0 flat
95,400,300,160,True,0.968547,False,0.674245,0.473861,rwanda pen=1.0 phi=0.0 flat
95,420,300,160,True,0.979512,False,0.674245,0.473765,rwanda pen=1.0 phi=0.0 flat
95,440,300,160,True,0.990561,False,0.674245,0.473691,rwanda pen=1.0 phi=0.0 flat
95,460,300,160,True,1.00165,False,0.674245,0.473629,rwanda pen=1.0 phi=0.0 flat
95,480,300,160,True,1.01278,False,0.674245,0.473579,rwanda pen=1.0 phi=0.0 flat
95,500,300,160,True,1.02391,False,0.674245,0.473532,rwanda pen=1.0 phi=0.0 flat
95,520,300,160,True,1.03507,False,0.674245,0.473491,rwanda pen=1.0 phi=0.0 flat
95,540,300,160,True,1.04623,False,0.674245,0.473451,rwanda pen=1.0 phi=0.0 flat
95,560,300,160,True,1.0574,False,0.674245,0.473418,rwanda pen=1.0 phi=0.0 flat
95,580,300,160,True,1.06858,False,0.674245,0.473384,rwanda pen=1.0 phi=0.0 flat
95,600,300,160,True,1.07977,False,0.674245,0.473356,rwanda pen=1.0 phi=0.0 flat
95,620,300,160,True,1.09097,False,0.674245,0.473329,rwanda pen=1.0 phi=0.0 flat
95,640,300,160,True,1.10218,False,0.674245,0.473304,rwanda pen=1.0 phi=0.0 flat
95,660,300,160,True,1.11339,False,0.674245,0.473281,rwanda pen=1.0 phi=0.0 flat
95,680,300,160,True,1.12459,False,0.674245,0.473257,rwanda pen=1.0 phi=0.0 flat
95,700,300,160,True,1.1358,False,0.674245,0.473234,rwanda pen=1.0 phi=0.0 flat
95,720,300,160,True,1.147,False,0.674245,0.47321,rwanda pen=1.0 phi=0.0 flat
95,740,300,160,True,1.1582,False,0.674245,0.473187,rwanda pen=1.0 phi=0.0 flat
95,760,300,160,True,1.16942,False,0.674245,0.473167,rwanda pen=1.0 phi=0.0 flat
95,780,300,160,True,1.18064,False,0.674245,0.473149,rwanda pen=1.0 phi=0.0 flat
95,800,300,160,True,1.19187,False,0.674245,0.473132,rwanda pen=1.0 phi=0.0 flat
95,820,300,160,True,1.20309,False,0.674245,0.473115,rwanda pen=1.0 phi=0.0 flat
95,840,300,160,True,1.21432,False,0.674245,0.473099,rwanda pen=1.0 phi=0.0 flat
95,860,300,160,True,1.22554,False,0.674245,0.473082,rwanda pen=1.0 phi=0.0 flat
95,880,300,160,True,1.23678,False,0.674245,0.473068,rwanda pen=1.0 phi=0.0 flat
95,900,300,160,True,1.24802,False,0.674245,0.473057,rwanda pen=1.0 phi=0.0 flat
95,920,300,160,True,1.25928,False,0.674245,0.473046,rwanda pen=1.0 phi=0.0 flat
95,940,300,160,True,1.27053,False,0.674245,0.473036,rwanda pen=1.0 phi=0.0 flat
95,960,300,160,True,1.28179,False,0.674245,0.473026,rwanda pen=1.0 phi=0.0 flat
95,980,300,160,True,1.29304,False,0.674245,0.473016,rwanda pen=1.0 phi=0.0 flat
95,1000,300,160,True,1.30429,False,0.674245,0.473006,rwanda pen=1.0 phi=0.0 flat
95,1020,300,160,True,1.31554,False,0.674245,0.472996,rwanda pen=1.0 phi=0.0 flat
95,1040,300,160,True,1.32679,False,0.674245,0.472986,rwanda pen=1.0 phi=0.0 flat
95,1060,300,160,True,1.33804,False,0.674245,0.472976,rwanda pen=1.0 phi=0.0 flat
95,1080,300,160,True,1.34929,False,0.674245,0.472966,rwanda pen=1.0 phi=0.0 flat
95,1100,300,160,True,1.36058,False,0.674245,0.472962,rwanda pen=1.0 phi=0.0 flat
95,1120,300,160,True,1.37187,False,0.674245,0.472959,rwanda pen=1.0 phi=0.0 flat
95,1140,300,160,True,1.38315,False,0.674245,0.472956,rwanda pen=1.0 phi=0.0 flat
95,1160,300,160,True,1.39444,False,0.674245,0.472952,rwanda pen=1.0 phi=0.0 flat
95,1180,300,160,True,1.40573,False,0.674245,0.472949,rwanda pen=1.0 phi=0.0 flat
95,1200,300,160,True,1.41701,False,0.674245,0.472945,rwanda pen=1.0 phi=0.0 flat
95,1220,300,160,True,1.4283,False,0.674245,0.472942,rwanda pen=1.0 phi=0.0 flat
95,1240,300,160,True,1.43959,False,0.674245,0.472939,rwanda pen=1.0 phi=0.0 flat
95,1260,300,160,True,1.45087,False,0.674245,0.472935,rwanda pen=1.0 phi=0.0 flat
95,1280,300,160,True,1.46216,False,0.674245,0.472932,rwanda pen=1.0 phi=0.0 flat
95,1300,300,160,True,1.47344,False,0.674245,0.472929,rwanda pen=1.0 phi=0.0 flat
95,1320,300,160,True,1.48473,False,0.674245,0.472925,rwanda pen=1.0 phi=0.0 flat
95,1340,300,160,True,1.49601,False,0.674245,0.472922,rwanda pen=1.0 phi=0.0 flat
95,1360,300,160,True,1.5073,False,0.674245,0.472919,rwanda pen=1.0 phi=0.0 flat
95,1380,300,160,True,1.51858,False,0.674245,0.472915,rwanda pen=1.0 phi=0.0 flat
95,1400,300,160,True,1.52987,False,0.674245,0.472912,rwanda pen=1.0 phi=0.0 flat
100,0,300,160,True,1.16653,False,0.6951,0.617511,rwanda pen=1.0 phi=0.0 flat
100,20,300,160,True,1.10886,False,0.682781,0.594564,rwanda pen=1.0 phi=0.0 flat
100,40,300,160,True,1.06289,False,0.672572,0.574104,rwanda pen=1.0 phi=0.0 flat
100,60,300,160,True,1.02364,False,0.664596,0.554912,rwanda pen=1.0 phi=0.0 flat
100,80,300,160,True,0.990423,False,0.659902,0.537438,rwanda pen=1.0 phi=0.0 flat
100,100,300,160,True,0.962882,False,0.658009,0.522133,rwanda pen=1.0 phi=0.0 flat
100,120,300,160,True,0.940282,False,0.657573,0.508917,rwanda pen=1.0 phi=0.0 flat
100,140,300,160,True,0.921829,False,0.65755,0.497464,rwanda pen=1.0 phi=0.0 flat
100,160,300,160,True,0.906989,False,0.65755,0.487463,rwanda pen=1.0 phi=0.0 flat
100,180,300,160,True,0.89541,False,0.65755,0.478763,rwanda pen=1.0 phi=0.0 flat
100,200,300,160,True,0.886783,False,0.65755,0.471245,rwanda pen=1.0 phi=0.0 flat
100,220,300,160,True,0.881154,False,0.65755,0.464914,rwanda pen=1.0 phi=0.0 flat
100,240,300,160,True,0.878315,False,0.65755,0.459706,rwanda pen=1.0 phi=0.0 flat
100,260,300,160,True,0.878425,False,0.65755,0.455644,rwanda pen=1.0 phi=0.0 flat
100,280,300,160,True,0.881757,False,0.65755,0.45277,rwanda pen=1.0 phi=0.0 flat
100,300,300,160,True,0.887814,False,0.65755,0.450922,rwanda pen=1.0 phi=0.0 flat
100,320,300,160,True,0.89573,False,0.65755,0.449806,rwanda pen=1.0 phi=0.0 flat
100,340,300,160,True,0.904786,False,0.65755,0.44916,rwanda pen=1.0 phi=0.0 flat
100,360,300,160,True,0.914506,False,0.65755,0.448789,rwanda pen=1.0 phi=0.0 flat
100,380,300,160,True,0.924565,False,0.65755,0.448548,rwanda pen=1.0 phi=0.0 flat
100,400,300,160,True,0.934733,False,0.65755,0.448351,rwanda pen=1.0 phi=0.0 flat
100,420,300,160,True,0.944988,False,0.65755,0.448183,rwanda pen=1.0 phi=0.0 flat
100,440,300,160,True,0.955352,False,0.65755,0.448049,rwanda pen=1.0 phi=0.0 flat
100,460,300,160,True,0.96578,False,0.65755,0.447936,rwanda pen=1.0 phi=0.0 flat
100,480,300,160,True,0.976262,False,0.65755,0.447842,rwanda pen=1.0 phi=0.0 flat
100,500,300,160,True,0.986815,False,0.65755,0.447768,rwanda pen=1.0 phi=0.0 flat
100,520,300,160,True,0.997376,False,0.65755,0.447699,rwanda pen=1.0 phi=0.0 flat
100,540,300,160,True,1.00796,False,0.65755,0.447636,rwanda pen=1.0 phi=0.0 flat
100,560,300,160,True,1.01855,False,0.65755,0.447577,rwanda pen=1.0 phi=0.0 flat
100,580,300,160,True,1.02916,False,0.65755,0.447526,rwanda pen=1.0 phi=0.0 flat
100,600,300,160,True,1.03978,False,0.65755,0.447479,rwanda pen=1.0 phi=0.0 flat
100,620,300,160,True,1.05041,False,0.65755,0.447434,rwanda pen=1.0 phi=0.0 flat
100,640,300,160,True,1.06105,False,0.65755,0.447394,rwanda pen=1.0 phi=0.0 flat
100,660,300,160,True,1.07169,False,0.65755,0.447354,rwanda pen=1.0 phi=0.0 flat
100,680,300,160,True,1.08233,False,0.65755,0.447316,rwanda pen=1.0 phi=0.0 flat
100,700,300,160,True,1.09298,False,0.65755,0.447279,rwanda pen=1.0 phi=0.0 flat
100,720,300,160,True,1.10362,False,0.65755,0.447242,rwanda pen=1.0 phi=0.0 flat
100,740,300,160,True,1.11426,False,0.65755,0.447205,rwanda pen=1.0 phi=0.0 flat
100,760,300,160,True,1.12491,False,0.65755,0.447171,rwanda pen=1.0 phi=0.0 flat
100,780,300,160,True,1.13557,False,0.65755,0.447141,rwanda pen=1.0 phi=0.0 flat
100,800,300,160,True,1.14625,False,0.65755,0.447114,rwanda pen=1.0 phi=0.0 flat
100,820,300,160,True,1.15692,False,0.65755,0.447087,rwanda pen=1.0 phi=0.0 flat
100,840,300,160,True,1.16759,False,0.65755,0.44706,rwanda pen=1.0 phi=0.0 flat
100,860,300,160,True,1.17826,False,0.65755,0.447033,rwanda pen=1.0 phi=0.0 flat
100,880,300,160,True,1.18893,False,0.65755,0.447009,rwanda pen=1.0 phi=0.0 flat
100,900,300,160,True,1.19961,False,0.65755,0.446985,rwanda pen=1.0 phi=0.0 flat
100,920,300,160,True,1.2103,False,0.65755,0.446965,rwanda pen=1.0 phi=0.0 flat
100,940,300,160,True,1.22099,False,0.65755,0.446945,rwanda pen=1.0 phi=0.0 flat
100,960,300,160,True,1.23168,False,0.65755,0.446924,rwanda pen=1.0 phi=0.0 flat
100,980,300,160,True,1.24237,False,0.65755,0.446904,rwanda pen=1.0 phi=0.0 flat
100,1000,300,160,True,1.25306,False,0.65755,0.446884,rwanda pen=1.0 phi=0.0 flat
100,1020,300,160,True,1.26374,False,0.65755,0.446864,rwanda pen=1.0 phi=0.0 flat
100,1040,300,160,True,1.27442,False,0.65755,0.446844,rwanda pen=1.0 phi=0.0 flat
100,1060,300,160,True,1.2851,False,0.65755,0.446824,rwanda pen=1.0 phi=0.0 flat
100,1080,300,160,True,1.29578,False,0.65755,0.446803,rwanda pen=1.0 phi=0.0 flat
100,1100,300,160,True,1.30646,False,0.65755,0.446784,rwanda pen=1.0 phi=0.0 flat
100,1120,300,160,True,1.31717,False,0.65755,0.446769,rwanda pen=1.0 phi=0.0 flat
100,1140,300,160,True,1.32787,False,0.65755,0.446756,rwanda pen=1.0 phi=0.0 flat
100,1160,300,160,True,1.33858,False,0.65755,0.446743,rwanda pen=1.0 phi=0.0 flat
100,1180,300,160,True,1.34929,False,0.65755,0.446729,rwanda pen=1.0 phi=0.0 flat
100,1200,300,160,True,1.35999,False,0.65755,0.446716,rwanda pen=1.0 phi=0.0 flat
100,1220,300,160,True,1.3707,False,0.65755,0.446702,rwanda pen=1.0 phi=0.0 flat
100,1240,300,160,True,1.38142,False,0.65755,0.446692,rwanda pen=1.0 phi=0.0 flat
100,1260,300,160,True,1.39214,False,0.65755,0.446682,rwanda pen=1.0 phi=0.0 flat
100,1280,300,160,True,1.40286,False,0.65755,0.446672,rwanda pen=1.0 phi=0.0 flat
100,1300,300,160,True,1.41358,False,0.65755,0.446662,rwanda pen=1.0 phi=0.0 flat
100,1320,300,160,True,1.4243,False,0.65755,0.446652,rwanda pen=1.0 phi=0.0 flat
100,1340,300,160,True,1.43502,False,0.65755,0.446642,rwanda pen=1.0 phi=0.0 flat
100,1360,300,160,True,1.44573,False,0.65755,0.446632,rwanda pen=1.0 phi=0.0 flat
100,1380,300,160,True,1.45645,False,0.65755,0.446622,rwanda pen=1.0 phi=0.0 flat
100,1400,300,160,True,1.46717,False,0.65755,0.446612,rwanda pen=1.0 phi=0.0 flat
105,0,300,160,True,1.16472,False,0.684649,0.610142,rwanda pen=1.0 phi=0.0 flat
105,20,300,160,True,1.10788,False,0.671794,0.587051,rwanda pen=1.0 phi=0.0 flat
105,40,300,160,True,1.06206,False,0.661133,0.566311,rwanda pen=1.0 phi=0.0 flat
105,60,300,160,True,1.02256,False,0.652157,0.546598,rwanda pen=1.0 phi=0.0 flat
105,80,300,160,True,0.988615,False,0.645775,0.52822,rwanda pen=1.0 phi=0.0 flat
105,100,300,160,True,0.959847,False,0.642437,0.511641,rwanda pen=1.0 phi=0.0 flat
105,120,300,160,True,0.935835,False,0.641142,0.497028,rwanda pen=1.0 phi=0.0 flat
105,140,300,160,True,0.915893,False,0.640913,0.484205,rwanda pen=1.0 phi=0.0 flat
105,160,300,160,True,0.899406,False,0.640907,0.472906,rwanda pen=1.0 phi=0.0 flat
105,180,300,160,True,0.886057,False,0.640907,0.462935,rwanda pen=1.0 phi=0.0 flat
105,200,300,160,True,0.875518,False,0.640907,0.45418,rwanda pen=1.0 phi=0.0 flat
105,220,300,160,True,0.867616,False,0.640907,0.446562,rwanda pen=1.0 phi=0.0 flat
105,240,300,160,True,0.862394,False,0.640907,0.440087,rwanda pen=1.0 phi=0.0 flat
105,260,300,160,True,0.860043,False,0.640907,0.434803,rwanda pen=1.0 phi=0.0 flat
105,280,300,160,True,0.861013,False,0.640907,0.430824,rwanda pen=1.0 phi=0.0 flat
105,300,300,160,True,0.864923,False,0.640907,0.428039,rwanda pen=1.0 phi=0.0 flat
105,320,300,160,True,0.871063,False,0.640907,0.426209,rwanda pen=1.0 phi=0.0 flat
105,340,300,160,True,0.878728,False,0.640907,0.42506,rwanda pen=1.0 phi=0.0 flat
105,360,300,160,True,0.887357,False,0.640907,0.424354,rwanda pen=1.0 phi=0.0 flat
105,380,300,160,True,0.896568,False,0.640907,0.423918,rwanda pen=1.0 phi=0.0 flat
105,400,300,160,True,0.906097,False,0.640907,0.423622,rwanda pen=1.0 phi=0.0 flat
105,420,300,160,True,0.915749,False,0.640907,0.423379,rwanda pen=1.0 phi=0.0 flat
105,440,300,160,True,0.925471,False,0.640907,0.423164,rwanda pen=1.0 phi=0.0 flat
105,460,300,160,True,0.935262,False,0.640907,0.422977,rwanda pen=1.0 phi=0.0 flat
105,480,300,160,True,0.94513,False,0.640907,0.422818,rwanda pen=1.0 phi=0.0 flat
105,500,300,160,True,0.955065,False,0.640907,0.422684,rwanda pen=1.0 phi=0.0 flat
105,520,300,160,True,0.965048,False,0.640907,0.422567,rwanda pen=1.0 phi=0.0 flat
105,540,300,160,True,0.975081,False,0.640907,0.422467,rwanda pen=1.0 phi=0.0 flat
105,560,300,160,True,0.98514,False,0.640907,0.422375,rwanda pen=1.0 phi=0.0 flat
105,580,300,160,True,0.99523,False,0.640907,0.422297,rwanda pen=1.0 phi=0.0 flat
105,600,300,160,True,1.00534,False,0.640907,0.422225,rwanda pen=1.0 phi=0.0 flat
105,620,300,160,True,1.01546,False,0.640907,0.42216,rwanda pen=1.0 phi=0.0 flat
105,640,300,160,True,1.0256,False,0.640907,0.422098,rwanda pen=1.0 phi=0.0 flat
105,660,300,160,True,1.03573,False,0.640907,0.422039,rwanda pen=1.0 phi=0.0 flat
105,680,300,160,True,1.04588,False,0.640907,0.421984,rwanda pen=1.0 phi=0.0 flat
105,700,300,160,True,1.05604,False,0.640907,0.42193,rwanda pen=1.0 phi=0.0 flat
105,720,300,160,True,1.06618,False,0.640907,0.421876,rwanda pen=1.0 phi=0.0 flat
105,740,300,160,True,1.07634,False,0.640907,0.421825,rwanda pen=1.0 phi=0.0 flat
105,760,300,160,True,1.08651,False,0.640907,0.421781,rwanda pen=1.0 phi=0.0 flat
105,780,300,160,True,1.0967,False,0.640907,0.421741,rwanda pen=1.0 phi=0.0 flat
105,800,300,160,True,1.10688,False,0.640907,0.4217,rwanda pen=1.0 phi=0.0 flat
105,820,300,160,True,1.11706,False,0.640907,0.42166,rwanda pen=1.0 phi=0.0 flat
105,840,300,160,True,1.12724,False,0.640907,0.42162,rwanda pen=1.0 phi=0.0 flat
105,860,300,160,True,1.13742,False,0.640907,0.421582,rwanda pen=1.0 phi=0.0 flat
105,880,300,160,True,1.14761,False,0.640907,0.421545,rwanda pen=1.0 phi=0.0 flat
105,900,300,160,True,1.15779,False,0.640907,0.421509,rwanda pen=1.0 phi=0.0 flat
105,920,300,160,True,1.16798,False,0.640907,0.421475,rwanda pen=1.0 phi=0.0 flat
105,940,300,160,True,1.17818,False,0.640907,0.421444,rwanda pen=1.0 phi=0.0 flat
105,960,300,160,True,1.18838,False,0.640907,0.421414,rwanda pen=1.0 phi=0.0 flat
105,980,300,160,True,1.19858,False,0.640907,0.421383,rwanda pen=1.0 phi=0.0 flat
105,1000,300,160,True,1.20878,False,0.640907,0.421353,rwanda pen=1.0 phi=0.0 flat
105,1020,300,160,True,1.21898,False,0.640907,0.421323,rwanda pen=1.0 phi=0.0 flat
105,1040,300,160,True,1.22917,False,0.640907,0.421293,rwanda pen=1.0 phi=0.0 flat
105,1060,300,160,True,1.23936,False,0.640907,0.421262,rwanda pen=1.0 phi=0.0 flat
105,1080,300,160,True,1.24955,False,0.640907,0.421232,rwanda pen=1.0 phi=0.0 flat
105,1100,300,160,True,1.25974,False,0.640907,0.421202,rwanda pen=1.0 phi=0.0 flat
105,1120,300,160,True,1.26994,False,0.640907,0.421177,rwanda pen=1.0 phi=0.0 flat
105,1140,300,160,True,1.28016,False,0.640907,0.421154,rwanda pen=1.0 phi=0.0 flat
105,1160,300,160,True,1.29036,False,0.640907,0.42113,rwanda pen=1.0 phi=0.0 flat
105,1180,300,160,True,1.30057,False,0.640907,0.421107,rwanda pen=1.0 phi=0.0 flat
105,1200,300,160,True,1.31078,False,0.640907,0.421083,rwanda pen=1.0 phi=0.0 flat
105,1220,300,160,True,1.32098,False,0.640907,0.421059,rwanda pen=1.0 phi=0.0 flat
105,1240,300,160,True,1.33119,False,0.640907,0.421038,rwanda pen=1.0 phi=0.0 flat
105,1260,300,160,True,1.34141,False,0.640907,0.421017,rwanda pen=1.0 phi=0.0 flat
105,1280,300,160,True,1.35162,False,0.640907,0.420997,rwanda pen=1.0 phi=0.0 flat
105,1300,300,160,True,1.36183,False,0.640907,0.420977,rwanda pen=1.0 phi=0.0 flat
105,1320,300,160,True,1.37205,False,0.640907,0.420957,rwanda pen=1.0 phi=0.0 flat
105,1340,300,160,True,1.38226,False,0.640907,0.420937,rwanda pen=1.0 phi=0.0 flat
105,1360,300,160,True,1.39247,False,0.640907,0.420918,rwanda pen=1.0 phi=0.0 flat
105,1380,300,160,True,1.4027,False,0.640907,0.420901,rwanda pen=1.0 phi=0.0 flat
105,1400,300,160,True,1.41292,False,0.640907,0.420884,rwanda pen=1.0 phi=0.0 flat
110,0,300,160,True,1.16438,False,0.674726,0.603405,rwanda pen=1.0 phi=0.0 flat
110,20,300,160,True,1.10825,False,0.661394,0.580216,rwanda pen=1.0 phi=0.0 flat
110,40,300,160,True,1.06256,False,0.650372,0.55925,rwanda pen=1.0 phi=0.0 flat
110,60,300,160,True,1.02287,False,0.640738,0.53914,rwanda pen=1.0 phi=0.0 flat
110,80,300,160,True,0.988391,False,0.632946,0.520083,rwanda pen=1.0 phi=0.0 flat
110,100,300,160,True,0.958664,False,0.627967,0.502442,rwanda pen=1.0 phi=0.0 flat
110,120,300,160,True,0.933415,False,0.625479,0.486552,rwanda pen=1.0 phi=0.0 flat
110,140,300,160,True,0.91214,False,0.624527,0.472391,rwanda pen=1.0 phi=0.0 flat
110,160,300,160,True,0.89426,False,0.624333,0.459786,rwanda pen=1.0 phi=0.0 flat
110,180,300,160,True,0.879369,False,0.624316,0.448555,rwanda pen=1.0 phi=0.0 flat
110,200,300,160,True,0.867222,False,0.624316,0.438565,rwanda pen=1.0 phi=0.0 flat
110,220,300,160,True,0.857558,False,0.624316,0.429737,rwanda pen=1.0 phi=0.0 flat
110,240,300,160,True,0.850306,False,0.624316,0.422025,rwanda pen=1.0 phi=0.0 flat
110,260,300,160,True,0.845874,False,0.624316,0.415527,rwanda pen=1.0 phi=0.0 flat
110,280,300,160,True,0.844842,False,0.624316,0.410436,rwanda pen=1.0 phi=0.0 flat
110,300,300,160,True,0.84685,False,0.624316,0.406661,rwanda pen=1.0 phi=0.0 flat
110,320,300,160,True,0.851286,False,0.624316,0.404003,rwanda pen=1.0 phi=0.0 flat
110,340,300,160,True,0.857568,False,0.624316,0.402228,rwanda pen=1.0 phi=0.0 flat
110,360,300,160,True,0.865046,False,0.624316,0.401062,rwanda pen=1.0 phi=0.0 flat
110,380,300,160,True,0.87333,False,0.624316,0.40031,rwanda pen=1.0 phi=0.0 flat
110,400,300,160,True,0.882122,False,0.624316,0.399818,rwanda pen=1.0 phi=0.0 flat
110,420,300,160,True,0.891218,False,0.624316,0.399473,rwanda pen=1.0 phi=0.0 flat
110,440,300,160,True,0.900439,False,0.624316,0.399185,rwanda pen=1.0 phi=0.0 flat
110,460,300,160,True,0.909734,False,0.624316,0.398931,rwanda pen=1.0 phi=0.0 flat
110,480,300,160,True,0.919087,False,0.624316,0.398706,rwanda pen=1.0 phi=0.0 flat
110,500,300,160,True,0.928485,False,0.624316,0.398503,rwanda pen=1.0 phi=0.0 flat
110,520,300,160,True,0.937943,False,0.624316,0.398325,rwanda pen=1.0 phi=0.0 flat
110,540,300,160,True,0.947454,False,0.624316,0.398168,rwanda pen=1.0 phi=0.0 flat
110,560,300,160,True,0.957029,False,0.624316,0.398034,rwanda pen=1.0 phi=0.0 flat
110,580,300,160,True,0.966658,False,0.624316,0.397922,rwanda pen=1.0 phi=0.0 flat
110,600,300,160,True,0.976333,False,0.624316,0.397826,rwanda pen=1.0 phi=0.0 flat
110,620,300,160,True,0.986034,False,0.624316,0.39774,rwanda pen=1.0 phi=0.0 flat
110,640,300,160,True,0.995748,False,0.624316,0.39766,rwanda pen=1.0 phi=0.0 flat
110,660,300,160,True,1.00546,False,0.624316,0.397581,rwanda pen=1.0 phi=0.0 flat
110,680,300,160,True,1.0152,False,0.624316,0.39751,rwanda pen=1.0 phi=0.0 flat
110,700,300,160,True,1.02494,False,0.624316,0.397442,rwanda pen=1.0 phi=0.0 flat
110,720,300,160,True,1.03469,False,0.624316,0.397377,rwanda pen=1.0 phi=0.0 flat
110,740,300,160,True,1.04444,False,0.624316,0.397316,rwanda pen=1.0 phi=0.0 flat
110,760,300,160,True,1.05419,False,0.624316,0.397257,rwanda pen=1.0 phi=0.0 flat
110,780,300,160,True,1.06395,False,0.624316,0.397198,rwanda pen=1.0 phi=0.0 flat
110,800,300,160,True,1.07369,False,0.624316,0.39714,rwanda pen=1.0 phi=0.0 flat
110,820,300,160,True,1.08345,False,0.624316,0.397084,rwanda pen=1.0 phi=0.0 flat
110,840,300,160,True,1.0932,False,0.624316,0.39703,rwanda pen=1.0 phi=0.0 flat
110,860,300,160,True,1.10296,False,0.624316,0.396978,rwanda pen=1.0 phi=0.0 flat
110,880,300,160,True,1.11272,False,0.624316,0.396927,rwanda pen=1.0 phi=0.0 flat
110,900,300,160,True,1.12248,False,0.624316,0.396879,rwanda pen=1.0 phi=0.0 flat
110,920,300,160,True,1.13224,False,0.624316,0.39683,rwanda pen=1.0 phi=0.0 flat
110,940,300,160,True,1.14199,False,0.624316,0.396781,rwanda pen=1.0 phi=0.0 flat
110,960,300,160,True,1.15174,False,0.624316,0.396732,rwanda pen=1.0 phi=0.0 flat
110,980,300,160,True,1.1615,False,0.624316,0.396685,rwanda pen=1.0 phi=0.0 flat
110,1000,300,160,True,1.17125,False,0.624316,0.396638,rwanda pen=1.0 phi=0.0 flat
110,1020,300,160,True,1.18102,False,0.624316,0.396594,rwanda pen=1.0 phi=0.0 flat
110,1040,300,160,True,1.19079,False,0.624316,0.396551,rwanda pen=1.0 phi=0.0 flat
110,1060,300,160,True,1.20055,False,0.624316,0.396507,rwanda pen=1.0 phi=0.0 flat
110,1080,300,160,True,1.21031,False,0.624316,0.396464,rwanda pen=1.0 phi=0.0 flat
110,1100,300,160,True,1.22008,False,0.624316,0.396424,rwanda pen=1.0 phi=0.0 flat
110,1120,300,160,True,1.22985,False,0.624316,0.396387,rwanda pen=1.0 phi=0.0 flat
110,1140,300,160,True,1.23964,False,0.624316,0.396353,rwanda pen=1.0 phi=0.0 flat
110,1160,300,160,True,1.24944,False,0.624316,0.396322,rwanda pen=1.0 phi=0.0 flat
110,1180,300,160,True,1.25925,False,0.624316,0.396294,rwanda pen=1.0 phi=0.0 flat
110,1200,300,160,True,1.26906,False,0.624316,0.396267,rwanda pen=1.0 phi=0.0 flat
110,1220,300,160,True,1.27888,False,0.624316,0.396241,rwanda pen=1.0 phi=0.0 flat
110,1240,300,160,True,1.28872,False,0.624316,0.396221,rwanda pen=1.0 phi=0.0 flat
110,1260,300,160,True,1.29856,False,0.624316,0.3962,rwanda pen=1.0 phi=0.0 flat
110,1280,300,160,True,1.30839,False,0.624316,0.39618,rwanda pen=1.0 phi=0.0 flat
110,1300,300,160,True,1.31823,False,0.624316,0.39616,rwanda pen=1.0 phi=0.0 flat
110,1320,300,160,True,1.32807,False,0.624316,0.39614,rwanda pen=1.0 phi=0.0 flat
110,1340,300,160,True,1.3379,False,0.624316,0.39612,rwanda pen=1.0 phi=0.0 flat
110,1360,300,160,True,1.34774,False,0.624316,0.396102,rwanda pen=1.0 phi=0.0 flat
110,1380,300,160,True,1.35758,False,0.624316,0.396083,rwanda pen=1.0 phi=0.0 flat
110,1400,300,160,True,1.36742,False,0.624316,0.396065,rwanda pen=1.0 phi=0.0 flat
115,0,300,160,True,1.16527,False,0.665252,0.597243,rwanda pen=1.0 phi=0.0 flat
115,20,300,160,True,1.10975,False,0.6515,0.573989,rwanda pen=1.0 phi=0.0 flat
115,40,300,160,True,1.06416,False,0.64023,0.552848,rwanda pen=1.0 phi=0.0 flat
115,60,300,160,True,1.02432,False,0.63008,0.532425,rwanda pen=1.0 phi=0.0 flat
115,80,300,160,True,0.98941,False,0.621341,0.512845,rwanda pen=1.0 phi=0.0 flat
115,100,300,160,True,0.958968,False,0.614822,0.494379,rwanda pen=1.0 phi=0.0 flat
115,120,300,160,True,0.932672,False,0.610898,0.477372,rwanda pen=1.0 phi=0.0 flat
115,140,300,160,True,0.9102,False,0.608833,0.461958,rwanda pen=1.0 phi=0.0 flat
115,160,300,160,True,0.891093,False,0.608044,0.448076,rwanda pen=1.0 phi=0.0 flat
115,180,300,160,True,0.874885,False,0.607824,0.435584,rwanda pen=1.0 phi=0.0 flat
115,200,300,160,True,0.861316,False,0.607771,0.42437,rwanda pen=1.0 phi=0.0 flat
115,220,300,160,True,0.850179,False,0.607771,0.41434,rwanda pen=1.0 phi=0.0 flat
115,240,300,160,True,0.841301,False,0.607771,0.405434,rwanda pen=1.0 phi=0.0 flat
115,260,300,160,True,0.835118,False,0.607771,0.397768,rwanda pen=1.0 phi=0.0 flat
115,280,300,160,True,0.832373,False,0.607771,0.391563,rwanda pen=1.0 phi=0.0 flat
115,300,300,160,True,0.832852,False,0.607771,0.386809,rwanda pen=1.0 phi=0.0 flat
115,320,300,160,True,0.835844,False,0.607771,0.383295,rwanda pen=1.0 phi=0.0 flat
115,340,300,160,True,0.840764,False,0.607771,0.380798,rwanda pen=1.0 phi=0.0 flat
115,360,300,160,True,0.847143,False,0.607771,0.379087,rwanda pen=1.0 phi=0.0 flat
115,380,300,160,True,0.85451,False,0.607771,0.37793,rwanda pen=1.0 phi=0.0 flat
115,400,300,160,True,0.862547,False,0.607771,0.377154,rwanda pen=1.0 phi=0.0 flat
115,420,300,160,True,0.87102,False,0.607771,0.376622,rwanda pen=1.0 phi=0.0 flat
115,440,300,160,True,0.87973,False,0.607771,0.376224,rwanda pen=1.0 phi=0.0 flat
115,460,300,160,True,0.888586,False,0.607771,0.375893,rwanda pen=1.0 phi=0.0 flat
115,480,300,160,True,0.897539,False,0.607771,0.375608,rwanda pen=1.0 phi=0.0 flat
115,500,300,160,True,0.906553,False,0.607771,0.375356,rwanda pen=1.0 phi=0.0 flat
115,520,300,160,True,0.915617,False,0.607771,0.37513,rwanda pen=1.0 phi=0.0 flat
115,540,300,160,True,0.924729,False,0.607771,0.374926,rwanda pen=1.0 phi=0.0 flat
115,560,300,160,True,0.933874,False,0.607771,0.374738,rwanda pen=1.0 phi=0.0 flat
115,580,300,160,True,0.943079,False,0.607771,0.374579,rwanda pen=1.0 phi=0.0 flat
115,600,300,160,True,0.952327,False,0.607771,0.374438,rwanda pen=1.0 phi=0.0 flat
115,620,300,160,True,0.961627,False,0.607771,0.374316,rwanda pen=1.0 phi=0.0 flat
115,640,300,160,True,0.970982,False,0.607771,0.374217,rwanda pen=1.0 phi=0.0 flat
115,660,300,160,True,0.980368,False,0.607771,0.374129,rwanda pen=1.0 phi=0.0 flat
115,680,300,160,True,0.989767,False,0.607771,0.374047,rwanda pen=1.0 phi=0.0 flat
115,700,300,160,True,0.999163,False,0.607771,0.373964,rwanda pen=1.0 phi=0.0 flat
115,720,300,160,True,1.00856,False,0.607771,0.373884,rwanda pen=1.0 phi=0.0 flat
115,740,300,160,True,1.01796,False,0.607771,0.373808,rwanda pen=1.0 phi=0.0 flat
115,760,300,160,True,1.02736,False,0.607771,0.373735,rwanda pen=1.0 phi=0.0 flat
115,780,300,160,True,1.03677,False,0.607771,0.373663,rwanda pen=1.0 phi=0.0 flat
115,800,300,160,True,1.04617,False,0.607771,0.373593,rwanda pen=1.0 phi=0.0 flat
115,820,300,160,True,1.05558,False,0.607771,0.373525,rwanda pen=1.0 phi=0.0 flat
115,840,300,160,True,1.06499,False,0.607771,0.373461,rwanda pen=1.0 phi=0.0 flat
115,860,300,160,True,1.07441,False,0.607771,0.373399,rwanda pen=1.0 phi=0.0 flat
115,880,300,160,True,1.08382,False,0.607771,0.373337,rwanda pen=1.0 phi=0.0 flat
115,900,300,160,True,1.09326,False,0.607771,0.37328,rwanda pen=1.0 phi=0.0 flat
115,920,300,160,True,1.1027,False,0.607771,0.373227,rwanda pen=1.0 phi=0.0 flat
115,940,300,160,True,1.11215,False,0.607771,0.373175,rwanda pen=1.0 phi=0.0 flat
115,960,300,160,True,1.1216,False,0.607771,0.373127,rwanda pen=1.0 phi=0.0 flat
115,980,300,160,True,1.13105,False,0.607771,0.373078,rwanda pen=1.0 phi=0.0 flat
115,1000,300,160,True,1.1405,False,0.607771,0.373029,rwanda pen=1.0 phi=0.0 flat
115,1020,300,160,True,1.14996,False,0.607771,0.372983,rwanda pen=1.0 phi=0.0 flat
115,1040,300,160,True,1.15941,False,0.607771,0.372938,rwanda pen=1.0 phi=0.0 flat
115,1060,300,160,True,1.16888,False,0.607771,0.372896,rwanda pen=1.0 phi=0.0 flat
115,1080,300,160,True,1.17835,False,0.607771,0.372857,rwanda pen=1.0 phi=0.0 flat
115,1100,300,160,True,1.18781,False,0.607771,0.372819,rwanda pen=1.0 phi=0.0 flat
115,1120,300,160,True,1.19728,False,0.607771,0.37278,rwanda pen=1.0 phi=0.0 flat
115,1140,300,160,True,1.20675,False,0.607771,0.372745,rwanda pen=1.0 phi=0.0 flat
115,1160,300,160,True,1.21623,False,0.607771,0.372709,rwanda pen=1.0 phi=0.0 flat
115,1180,300,160,True,1.2257,False,0.607771,0.372676,rwanda pen=1.0 phi=0.0 flat
115,1200,300,160,True,1.23519,False,0.607771,0.372644,rwanda pen=1.0 phi=0.0 flat
115,1220,300,160,True,1.24468,False,0.607771,0.372616,rwanda pen=1.0 phi=0.0 flat
115,1240,300,160,True,1.25417,False,0.607771,0.372587,rwanda pen=1.0 phi=0.0 flat
115,1260,300,160,True,1.26366,False,0.607771,0.372558,rwanda pen=1.0 phi=0.0 flat
115,1280,300,160,True,1.27315,False,0.607771,0.37253,rwanda pen=1.0 phi=0.0 flat
115,1300,300,160,True,1.28265,False,0.607771,0.372504,rwanda pen=1.0 phi=0.0 flat
115,1320,300,160,True,1.29215,False,0.607771,0.372478,rwanda pen=1.0 phi=0.0 flat
115,1340,300,160,True,1.30165,False,0.607771,0.372453,rwanda pen=1.0 phi=0.0 flat
115,1360,300,160,True,1.31114,False,0.607771,0.372428,rwanda pen=1.0 phi=0.0 flat
115,1380,300,160,True,1.32064,False,0.607771,0.372404,rwanda pen=1.0 phi=0.0 flat
115,1400,300,160,True,1.33015,False,0.607771,0.372382,rwanda pen=1.0 phi=0.0 flat
120,0,300,160,True,1.16722,False,0.656275,0.591606,rwanda pen=1.0 phi=0.0 flat
120,20,300,160,True,1.11221,False,0.642179,0.568323,rwanda pen=1.0 phi=0.0 flat
120,40,300,160,True,1.06668,False,0.630656,0.547035,rwanda pen=1.0 phi=0.0 flat
120,60,300,160,True,1.02671,False,0.620112,0.526363,rwanda pen=1.0 phi=0.0 flat
120,80,300,160,True,0.991453,False,0.610738,0.506372,rwanda pen=1.0 phi=0.0 flat
120,100,300,160,True,0.96044,False,0.602913,0.487271,rwanda pen=1.0 phi=0.0 flat
120,120,300,160,True,0.933313,False,0.597462,0.469345,rwanda pen=1.0 phi=0.0 flat
120,140,300,160,True,0.909798,False,0.594197,0.452812,rwanda pen=1.0 phi=0.0 flat
120,160,300,160,True,0.889558,False,0.592425,0.437713,rwanda pen=1.0 phi=0.0 flat
120,180,300,160,True,0.872216,False,0.591666,0.423996,rwanda pen=1.0 phi=0.0 flat
120,200,300,160,True,0.857407,False,0.591381,0.411559,rwanda pen=1.0 phi=0.0 flat
120,220,300,160,True,0.844951,False,0.591277,0.400328,rwanda pen=1.0 phi=0.0 flat
120,240,300,160,True,0.834729,False,0.591275,0.390257,rwanda pen=1.0 phi=0.0 flat
120,260,300,160,True,0.827107,False,0.591275,0.381441,rwanda pen=1.0 phi=0.0 flat
120,280,300,160,True,0.822923,False,0.591275,0.374153,rwanda pen=1.0 phi=0.0 flat
120,300,300,160,True,0.822033,False,0.591275,0.3684,rwanda pen=1.0 phi=0.0 flat
120,320,300,160,True,0.823759,False,0.591275,0.364002,rwanda pen=1.0 phi=0.0 flat
120,340,300,160,True,0.827534,False,0.591275,0.360756,rwanda pen=1.0 phi=0.0 flat
120,360,300,160,True,0.832869,False,0.591275,0.358429,rwanda pen=1.0 phi=0.0 flat
120,380,300,160,True,0.839384,False,0.591275,0.356813,rwanda pen=1.0 phi=0.0 flat
120,400,300,160,True,0.846704,False,0.591275,0.355692,rwanda pen=1.0 phi=0.0 flat
120,420,300,160,True,0.854571,False,0.591275,0.35491,rwanda pen=1.0 phi=0.0 flat
120,440,300,160,True,0.862845,False,0.591275,0.354372,rwanda pen=1.0 phi=0.0 flat
120,460,300,160,True,0.871314,False,0.591275,0.353954,rwanda pen=1.0 phi=0.0 flat
120,480,300,160,True,0.879867,False,0.591275,0.353584,rwanda pen=1.0 phi=0.0 flat
120,500,300,160,True,0.888501,False,0.591275,0.353261,rwanda pen=1.0 phi=0.0 flat
120,520,300,160,True,0.897222,False,0.591275,0.352979,rwanda pen=1.0 phi=0.0 flat
120,540,300,160,True,0.906004,False,0.591275,0.352729,rwanda pen=1.0 phi=0.0 flat
120,560,300,160,True,0.914847,False,0.591275,0.352509,rwanda pen=1.0 phi=0.0 flat
120,580,300,160,True,0.923749,False,0.591275,0.352318,rwanda pen=1.0 phi=0.0 flat
120,600,300,160,True,0.932704,False,0.591275,0.352151,rwanda pen=1.0 phi=0.0 flat
120,620,300,160,True,0.941688,False,0.591275,0.352,rwanda pen=1.0 phi=0.0 flat
120,640,300,160,True,0.95071,False,0.591275,0.351867,rwanda pen=1.0 phi=0.0 flat
120,660,300,160,True,0.959779,False,0.591275,0.351753,rwanda pen=1.0 phi=0.0 flat
120,680,300,160,True,0.968865,False,0.591275,0.351647,rwanda pen=1.0 phi=0.0 flat
120,700,300,160,True,0.977974,False,0.591275,0.35155,rwanda pen=1.0 phi=0.0 flat
120,720,300,160,True,0.987092,False,0.591275,0.35146,rwanda pen=1.0 phi=0.0 flat
120,740,300,160,True,0.996213,False,0.591275,0.351373,rwanda pen=1.0 phi=0.0 flat
120,760,300,160,True,1.00533,False,0.591275,0.351288,rwanda pen=1.0 phi=0.0 flat
120,780,300,160,True,1.01446,False,0.591275,0.351206,rwanda pen=1.0 phi=0.0 flat
120,800,300,160,True,1.0236,False,0.591275,0.351132,rwanda pen=1.0 phi=0.0 flat
120,820,300,160,True,1.03276,False,0.591275,0.351062,rwanda pen=1.0 phi=0.0 flat
120,840,300,160,True,1.04192,False,0.591275,0.350997,rwanda pen=1.0 phi=0.0 flat
120,860,300,160,True,1.05109,False,0.591275,0.350934,rwanda pen=1.0 phi=0.0 flat
120,880,300,160,True,1.06026,False,0.591275,0.350875,rwanda pen=1.0 phi=0.0 flat
120,900,300,160,True,1.06944,False,0.591275,0.350816,rwanda pen=1.0 phi=0.0 flat
120,920,300,160,True,1.07861,False,0.591275,0.350757,rwanda pen=1.0 phi=0.0 flat
120,940,300,160,True,1.08778,False,0.591275,0.350698,rwanda pen=1.0 phi=0.0 flat
120,960,300,160,True,1.09694,False,0.591275,0.350639,rwanda pen=1.0 phi=0.0 flat
120,980,300,160,True,1.10611,False,0.591275,0.350581,rwanda pen=1.0 phi=0.0 flat
120,1000,300,160,True,1.11529,False,0.591275,0.350529,rwanda pen=1.0 phi=0.0 flat
120,1020,300,160,True,1.12447,False,0.591275,0.35048,rwanda pen=1.0 phi=0.0 flat
120,1040,300,160,True,1.13367,False,0.591275,0.350436,rwanda pen=1.0 phi=0.0 flat
120,1060,300,160,True,1.14288,False,0.591275,0.350394,rwanda pen=1.0 phi=0.0 flat
120,1080,300,160,True,1.1521,False,0.591275,0.350358,rwanda pen=1.0 phi=0.0 flat
120,1100,300,160,True,1.16132,False,0.591275,0.350323,rwanda pen=1.0 phi=0.0 flat
120,1120,300,160,True,1.17054,False,0.591275,0.350288,rwanda pen=1.0 phi=0.0 flat
120,1140,300,160,True,1.17976,False,0.591275,0.350252,rwanda pen=1.0 phi=0.0 flat
120,1160,300,160,True,1.18898,False,0.591275,0.350218,rwanda pen=1.0 phi=0.0 flat
120,1180,300,160,True,1.1982,False,0.591275,0.350186,rwanda pen=1.0 phi=0.0 flat
120,1200,300,160,True,1.20742,False,0.591275,0.350154,rwanda pen=1.0 phi=0.0 flat
120,1220,300,160,True,1.21665,False,0.591275,0.350122,rwanda pen=1.0 phi=0.0 flat
120,1240,300,160,True,1.22587,False,0.591275,0.35009,rwanda pen=1.0 phi=0.0 flat
120,1260,300,160,True,1.23508,False,0.591275,0.350059,rwanda pen=1.0 phi=0.0 flat
120,1280,300,160,True,1.2443,False,0.591275,0.350027,rwanda pen=1.0 phi=0.0 flat
120,1300,300,160,True,1.25352,False,0.591275,0.349995,rwanda pen=1.0 phi=0.0 flat
120,1320,300,160,True,1.26273,False,0.591275,0.349963,rwanda pen=1.0 phi=0.0 flat
120,1340,300,160,True,1.27194,False,0.591275,0.349931,rwanda pen=1.0 phi=0.0 flat
120,1360,300,160,True,1.28115,False,0.591275,0.349899,rwanda pen=1.0 phi=0.0 flat
120,1380,300,160,True,1.29037,False,0.591275,0.349868,rwanda pen=1.0 phi=0.0 flat
120,1400,300,160,True,1.29959,False,0.591275,0.34984,rwanda pen=1.0 phi=0.0 flat
125,0,300,160,True,1.17007,False,0.647833,0.586446,rwanda pen=1.0 phi=0.0 flat
125,20,300,160,True,1.11548,False,0.633477,0.563157,rwanda pen=1.0 phi=0.0 flat
125,40,300,160,True,1.06998,False,0.621764,0.541747,rwanda pen=1.0 phi=0.0 flat
125,60,300,160,True,1.02988,False,0.610888,0.520874,rwanda pen=1.0 phi=0.0 flat
125,80,300,160,True,0.994336,False,0.601031,0.500559,rwanda pen=1.0 phi=0.0 flat
125,100,300,160,True,0.962845,False,0.592347,0.480963,rwanda pen=1.0 phi=0.0 flat
125,120,300,160,True,0.935048,False,0.585466,0.4623,rwanda pen=1.0 phi=0.0 flat
125,140,300,160,True,0.91067,False,0.580749,0.444815,rwanda pen=1.0 phi=0.0 flat
125,160,300,160,True,0.889421,False,0.577811,0.428608,rwanda pen=1.0 phi=0.0 flat
125,180,300,160,True,0.87102,False,0.57617,0.413715,rwanda pen=1.0 phi=0.0 flat
125,200,300,160,True,0.855158,False,0.575403,0.4001,rwanda pen=1.0 phi=0.0 flat
125,220,300,160,True,0.841537,False,0.575006,0.38768,rwanda pen=1.0 phi=0.0 flat
125,240,300,160,True,0.830104,False,0.574858,0.376432,rwanda pen=1.0 phi=0.0 flat
125,260,300,160,True,0.821312,False,0.574833,0.366498,rwanda pen=1.0 phi=0.0 flat
125,280,300,160,True,0.815914,False,0.574833,0.358137,rwanda pen=1.0 phi=0.0 flat
125,300,300,160,True,0.813823,False,0.574833,0.351388,rwanda pen=1.0 phi=0.0 flat
125,320,300,160,True,0.814442,False,0.574833,0.346089,rwanda pen=1.0 phi=0.0 flat
125,340,300,160,True,0.817181,False,0.574833,0.342044,rwanda pen=1.0 phi=0.0 flat
125,360,300,160,True,0.821609,False,0.574833,0.339069,rwanda pen=1.0 phi=0.0 flat
125,380,300,160,True,0.827315,False,0.574833,0.336931,rwanda pen=1.0 phi=0.0 flat
125,400,300,160,True,0.833948,False,0.574833,0.335413,rwanda pen=1.0 phi=0.0 flat
125,420,300,160,True,0.841252,False,0.574833,0.334347,rwanda pen=1.0 phi=0.0 flat
125,440,300,160,True,0.848991,False,0.574833,0.33358,rwanda pen=1.0 phi=0.0 flat
125,460,300,160,True,0.857063,False,0.574833,0.333023,rwanda pen=1.0 phi=0.0 flat
125,480,300,160,True,0.865336,False,0.574833,0.332589,rwanda pen=1.0 phi=0.0 flat
125,500,300,160,True,0.873698,False,0.574833,0.332211,rwanda pen=1.0 phi=0.0 flat
125,520,300,160,True,0.882131,False,0.574833,0.331873,rwanda pen=1.0 phi=0.0 flat
125,540,300,160,True,0.890641,False,0.574833,0.331576,rwanda pen=1.0 phi=0.0 flat
125,560,300,160,True,0.899221,False,0.574833,0.331315,rwanda pen=1.0 phi=0.0 flat
125,580,300,160,True,0.907872,False,0.574833,0.331091,rwanda pen=1.0 phi=0.0 flat
125,600,300,160,True,0.916568,False,0.574833,0.330894,rwanda pen=1.0 phi=0.0 flat
125,620,300,160,True,0.92532,False,0.574833,0.330726,rwanda pen=1.0 phi=0.0 flat
125,640,300,160,True,0.934103,False,0.574833,0.330572,rwanda pen=1.0 phi=0.0 flat
125,660,300,160,True,0.942926,False,0.574833,0.330439,rwanda pen=1.0 phi=0.0 flat
125,680,300,160,True,0.951761,False,0.574833,0.330313,rwanda pen=1.0 phi=0.0 flat
125,700,300,160,True,0.960625,False,0.574833,0.330203,rwanda pen=1.0 phi=0.0 flat
125,720,300,160,True,0.969522,False,0.574833,0.330108,rwanda pen=1.0 phi=0.0 flat
125,740,300,160,True,0.978419,False,0.574833,0.330016,rwanda pen=1.0 phi=0.0 flat
125,760,300,160,True,0.987329,False,0.574833,0.329931,rwanda pen=1.0 phi=0.0 flat
125,780,300,160,True,0.996251,False,0.574833,0.329852,rwanda pen=1.0 phi=0.0 flat
125,800,300,160,True,1.00517,False,0.574833,0.329774,rwanda pen=1.0 phi=0.0 flat
125,820,300,160,True,1.0141,False,0.574833,0.3297,rwanda pen=1.0 phi=0.0 flat
125,840,300,160,True,1.02303,False,0.574833,0.329627,rwanda pen=1.0 phi=0.0 flat
125,860,300,160,True,1.03196,False,0.574833,0.329556,rwanda pen=1.0 phi=0.0 flat
125,880,300,160,True,1.0409,False,0.574833,0.329488,rwanda pen=1.0 phi=0.0 flat
125,900,300,160,True,1.04984,False,0.574833,0.329424,rwanda pen=1.0 phi=0.0 flat
125,920,300,160,True,1.05879,False,0.574833,0.329362,rwanda pen=1.0 phi=0.0 flat
125,940,300,160,True,1.06774,False,0.574833,0.329305,rwanda pen=1.0 phi=0.0 flat
125,960,300,160,True,1.0767,False,0.574833,0.329249,rwanda pen=1.0 phi=0.0 flat
125,980,300,160,True,1.08565,False,0.574833,0.329194,rwanda pen=1.0 phi=0.0 flat
125,1000,300,160,True,1.09461,False,0.574833,0.329142,rwanda pen=1.0 phi=0.0 flat
125,1020,300,160,True,1.10357,False,0.574833,0.32909,rwanda pen=1.0 phi=0.0 flat
125,1040,300,160,True,1.11253,False,0.574833,0.329039,rwanda pen=1.0 phi=0.0 flat
125,1060,300,160,True,1.1215,False,0.574833,0.328992,rwanda pen=1.0 phi=0.0 flat
125,1080,300,160,True,1.13047,False,0.574833,0.328947,rwanda pen=1.0 phi=0.0 flat
125,1100,300,160,True,1.13944,False,0.574833,0.328904,rwanda pen=1.0 phi=0.0 flat
125,1120,300,160,True,1.14842,False,0.574833,0.328862,rwanda pen=1.0 phi=0.0 flat
125,1140,300,160,True,1.15739,False,0.574833,0.32882,rwanda pen=1.0 phi=0.0 flat
125,1160,300,160,True,1.16636,False,0.574833,0.328778,rwanda pen=1.0 phi=0.0 flat
125,1180,300,160,True,1.17533,False,0.574833,0.328737,rwanda pen=1.0 phi=0.0 flat
125,1200,300,160,True,1.18432,False,0.574833,0.3287,rwanda pen=1.0 phi=0.0 flat
125,1220,300,160,True,1.19331,False,0.574833,0.328665,rwanda pen=1.0 phi=0.0 flat
125,1240,300,160,True,1.20229,False,0.574833,0.32863,rwanda pen=1.0 phi=0.0 flat
125,1260,300,160,True,1.21129,False,0.574833,0.328598,rwanda pen=1.0 phi=0.0 flat
125,1280,300,160,True,1.22029,False,0.574833,0.328566,rwanda pen=1.0 phi=0.0 flat
125,1300,300,160,True,1.22928,False,0.574833,0.328534,rwanda pen=1.0 phi=0.0 flat
125,1320,300,160,True,1.23827,False,0.574833,0.328503,rwanda pen=1.0 phi=0.0 flat
125,1340,300,160,True,1.24728,False,0.574833,0.328474,rwanda pen=1.0 phi=0.0 flat
125,1360,300,160,True,1.25628,False,0.574833,0.328449,rwanda pen=1.0 phi=0.0 flat
125,1380,300,160,True,1.26529,False,0.574833,0.328424,rwanda pen=1.0 phi=0.0 flat
125,1400,300,160,True,1.27429,False,0.574833,0.328399,rwanda pen=1.0 phi=0.0 flat
130,0,300,160,True,1.17369,False,0.640009,0.581718,rwanda pen=1.0 phi=0.0 flat
130,20,300,160,True,1.11944,False,0.625442,0.55844,rwanda pen=1.0 phi=0.0 flat
130,40,300,160,True,1.07394,False,0.613605,0.53693,rwanda pen=1.0 phi=0.0 flat
130,60,300,160,True,1.03371,False,0.602471,0.515892,rwanda pen=1.0 phi=0.0 flat
130,80,300,160,True,0.997918,False,0.592179,0.495317,rwanda pen=1.0 phi=0.0 flat
130,100,300,160,True,0.966029,False,0.582898,0.475328,rwanda pen=1.0 phi=0.0 flat
130,120,300,160,True,0.937667,False,0.574837,0.456085,rwanda pen=1.0 phi=0.0 flat
130,140,300,160,True,0.912577,False,0.568801,0.437816,rwanda pen=1.0 phi=0.0 flat
130,160,300,160,True,0.890472,False,0.564502,0.420654,rwanda pen=1.0 phi=0.0 flat
130,180,300,160,True,0.871109,False,0.561661,0.40467,rwanda pen=1.0 phi=0.0 flat
130,200,300,160,True,0.854261,False,0.560042,0.389914,rwanda pen=1.0 phi=0.0 flat
130,220,300,160,True,0.839664,False,0.559227,0.376363,rwanda pen=1.0 phi=0.0 flat
130,240,300,160,True,0.827143,False,0.558724,0.363955,rwanda pen=1.0 phi=0.0 flat
130,260,300,160,True,0.817282,False,0.558525,0.352885,rwanda pen=1.0 phi=0.0 flat
130,280,300,160,True,0.810894,False,0.558453,0.343466,rwanda pen=1.0 phi=0.0 flat
130,300,300,160,True,0.807763,False,0.558453,0.335712,rwanda pen=1.0 phi=0.0 flat
130,320,300,160,True,0.8074,False,0.558453,0.32951,rwanda pen=1.0 phi=0.0 flat
130,340,300,160,True,0.80927,False,0.558453,0.32467,rwanda pen=1.0 phi=0.0 flat
130,360,300,160,True,0.812851,False,0.558453,0.32098,rwanda pen=1.0 phi=0.0 flat
130,380,300,160,True,0.817787,False,0.558453,0.318256,rwanda pen=1.0 phi=0.0 flat
130,400,300,160,True,0.823785,False,0.558453,0.316303,rwanda pen=1.0 phi=0.0 flat
130,420,300,160,True,0.830562,False,0.558453,0.314915,rwanda pen=1.0 phi=0.0 flat
130,440,300,160,True,0.837878,False,0.558453,0.313914,rwanda pen=1.0 phi=0.0 flat
130,460,300,160,True,0.845577,False,0.558453,0.313186,rwanda pen=1.0 phi=0.0 flat
130,480,300,160,True,0.853523,False,0.558453,0.312631,rwanda pen=1.0 phi=0.0 flat
130,500,300,160,True,0.861642,False,0.558453,0.31219,rwanda pen=1.0 phi=0.0 flat
130,520,300,160,True,0.869867,False,0.558453,0.311811,rwanda pen=1.0 phi=0.0 flat
130,540,300,160,True,0.878165,False,0.558453,0.311475,rwanda pen=1.0 phi=0.0 flat
130,560,300,160,True,0.886526,False,0.558453,0.311178,rwanda pen=1.0 phi=0.0 flat
130,580,300,160,True,0.894929,False,0.558453,0.31091,rwanda pen=1.0 phi=0.0 flat
130,600,300,160,True,0.903391,False,0.558453,0.310674,rwanda pen=1.0 phi=0.0 flat
130,620,300,160,True,0.911906,False,0.558453,0.310466,rwanda pen=1.0 phi=0.0 flat
130,640,300,160,True,0.920467,False,0.558453,0.310285,rwanda pen=1.0 phi=0.0 flat
130,660,300,160,True,0.929056,False,0.558453,0.31012,rwanda pen=1.0 phi=0.0 flat
130,680,300,160,True,0.937693,False,0.558453,0.309984,rwanda pen=1.0 phi=0.0 flat
130,700,300,160,True,0.946351,False,0.558453,0.30986,rwanda pen=1.0 phi=0.0 flat
130,720,300,160,True,0.955039,False,0.558453,0.309753,rwanda pen=1.0 phi=0.0 flat
130,740,300,160,True,0.963738,False,0.558453,0.309653,rwanda pen=1.0 phi=0.0 flat
130,760,300,160,True,0.972441,False,0.558453,0.309557,rwanda pen=1.0 phi=0.0 flat
130,780,300,160,True,0.981154,False,0.558453,0.309466,rwanda pen=1.0 phi=0.0 flat
130,800,300,160,True,0.989883,False,0.558453,0.309384,rwanda pen=1.0 phi=0.0 flat
130,820,300,160,True,0.998616,False,0.558453,0.309305,rwanda pen=1.0 phi=0.0 flat
130,840,300,160,True,1.00735,False,0.558453,0.309229,rwanda pen=1.0 phi=0.0 flat
130,860,300,160,True,1.0161,False,0.558453,0.30916,rwanda pen=1.0 phi=0.0 flat
130,880,300,160,True,1.02484,False,0.558453,0.309091,rwanda pen=1.0 phi=0.0 flat
130,900,300,160,True,1.03358,False,0.558453,0.309022,rwanda pen=1.0 phi=0.0 flat
130,920,300,160,True,1.04232,False,0.558453,0.308953,rwanda pen=1.0 phi=0.0 flat
130,940,300,160,True,1.05107,False,0.558453,0.30889,rwanda pen=1.0 phi=0.0 flat
130,960,300,160,True,1.05983,False,0.558453,0.308831,rwanda pen=1.0 phi=0.0 flat
130,980,300,160,True,1.0686,False,0.558453,0.308774,rwanda pen=1.0 phi=0.0 flat
130,1000,300,160,True,1.07736,False,0.558453,0.308719,rwanda pen=1.0 phi=0.0 flat
130,1020,300,160,True,1.08614,False,0.558453,0.30867,rwanda pen=1.0 phi=0.0 flat
130,1040,300,160,True,1.09491,False,0.558453,0.308621,rwanda pen=1.0 phi=0.0 flat
130,1060,300,160,True,1.10369,False,0.558453,0.308572,rwanda pen=1.0 phi=0.0 flat
130,1080,300,160,True,1.11246,False,0.558453,0.308524,rwanda pen=1.0 phi=0.0 flat
130,1100,300,160,True,1.12123,False,0.558453,0.308475,rwanda pen=1.0 phi=0.0 flat
130,1120,300,160,True,1.13,False,0.558453,0.308426,rwanda pen=1.0 phi=0.0 flat
130,1140,300,160,True,1.13876,False,0.558453,0.308377,rwanda pen=1.0 phi=0.0 flat
130,1160,300,160,True,1.14753,False,0.558453,0.308329,rwanda pen=1.0 phi=0.0 flat
130,1180,300,160,True,1.15629,False,0.558453,0.30828,rwanda pen=1.0 phi=0.0 flat
130,1200,300,160,True,1.16505,False,0.558453,0.308231,rwanda pen=1.0 phi=0.0 flat
130,1220,300,160,True,1.17381,False,0.558453,0.308184,rwanda pen=1.0 phi=0.0 flat
130,1240,300,160,True,1.18258,False,0.558453,0.308139,rwanda pen=1.0 phi=0.0 flat
130,1260,300,160,True,1.19136,False,0.558453,0.308097,rwanda pen=1.0 phi=0.0 flat
130,1280,300,160,True,1.20014,False,0.558453,0.308059,rwanda pen=1.0 phi=0.0 flat
130,1300,300,160,True,1.20892,False,0.558453,0.308024,rwanda pen=1.0 phi=0.0 flat
130,1320,300,160,True,1.21771,False,0.558453,0.307989,rwanda pen=1.0 phi=0.0 flat
130,1340,300,160,True,1.22649,False,0.558453,0.307953,rwanda pen=1.0 phi=0.0 flat
130,1360,300,160,True,1.23527,False,0.558453,0.307918,rwanda pen=1.0 phi=0.0 flat
130,1380,300,160,True,1.24406,False,0.558453,0.307885,rwanda pen=1.0 phi=0.0 flat
130,1400,300,160,True,1.25287,False,0.558453,0.30786,rwanda pen=1.0 phi=0.0 flat
135,0,300,160,True,1.178,False,0.632754,0.577377,rwanda pen=1.0 phi=0.0 flat
135,20,300,160,True,1.12401,False,0.618037,0.554123,rwanda pen=1.0 phi=0.0 flat
135,40,300,160,True,1.07847,False,0.606103,0.532526,rwanda pen=1.0 phi=0.0 flat
135,60,300,160,True,1.0381,False,0.594783,0.511354,rwanda pen=1.0 phi=0.0 flat
135,80,300,160,True,1.00207,False,0.584042,0.490566,rwanda pen=1.0 phi=0.0 flat
135,100,300,160,True,0.969847,False,0.574257,0.470263,rwanda pen=1.0 phi=0.0 flat
135,120,300,160,True,0.941018,False,0.565513,0.450569,rwanda pen=1.0 phi=0.0 flat
135,140,300,160,True,0.915312,False,0.558124,0.43165,rwanda pen=1.0 phi=0.0 flat
135,160,300,160,True,0.892495,False,0.552601,0.413694,rwanda pen=1.0 phi=0.0 flat
135,180,300,160,True,0.872304,False,0.548508,0.396767,rwanda pen=1.0 phi=0.0 flat
135,200,300,160,True,0.854534,False,0.545715,0.380941,rwanda pen=1.0 phi=0.0 flat
135,220,300,160,True,0.839027,False,0.544059,0.366283,rwanda pen=1.0 phi=0.0 flat
135,240,300,160,True,0.825599,False,0.543137,0.352782,rwanda pen=1.0 phi=0.0 flat
135,260,300,160,True,0.814787,False,0.542539,0.340604,rwanda pen=1.0 phi=0.0 flat
135,280,300,160,True,0.807483,False,0.542265,0.330111,rwanda pen=1.0 phi=0.0 flat
135,300,300,160,True,0.803482,False,0.542133,0.321349,rwanda pen=1.0 phi=0.0 flat
135,320,300,160,True,0.802255,False,0.542129,0.314219,rwanda pen=1.0 phi=0.0 flat
135,340,300,160,True,0.803288,False,0.542129,0.308544,rwanda pen=1.0 phi=0.0 flat
135,360,300,160,True,0.806115,False,0.542129,0.304124,rwanda pen=1.0 phi=0.0 flat
135,380,300,160,True,0.810389,False,0.542129,0.300782,rwanda pen=1.0 phi=0.0 flat
135,400,300,160,True,0.815787,False,0.542129,0.298322,rwanda pen=1.0 phi=0.0 flat
135,420,300,160,True,0.822071,False,0.542129,0.296566,rwanda pen=1.0 phi=0.0 flat
135,440,300,160,True,0.828998,False,0.542129,0.295321,rwanda pen=1.0 phi=0.0 flat
135,460,300,160,True,0.83636,False,0.542129,0.294409,rwanda pen=1.0 phi=0.0 flat
135,480,300,160,True,0.844009,False,0.542129,0.293709,rwanda pen=1.0 phi=0.0 flat
135,500,300,160,True,0.851899,False,0.542129,0.293183,rwanda pen=1.0 phi=0.0 flat
135,520,300,160,True,0.859923,False,0.542129,0.29275,rwanda pen=1.0 phi=0.0 flat
135,540,300,160,True,0.868028,False,0.542129,0.29237,rwanda pen=1.0 phi=0.0 flat
135,560,300,160,True,0.876202,False,0.542129,0.292036,rwanda pen=1.0 phi=0.0 flat
135,580,300,160,True,0.884448,False,0.542129,0.291745,rwanda pen=1.0 phi=0.0 flat
135,600,300,160,True,0.892733,False,0.542129,0.291483,rwanda pen=1.0 phi=0.0 flat
135,620,300,160,True,0.901056,False,0.542129,0.291245,rwanda pen=1.0 phi=0.0 flat
135,640,300,160,True,0.909408,False,0.542129,0.291029,rwanda pen=1.0 phi=0.0 flat
135,660,300,160,True,0.917804,False,0.542129,0.29084,rwanda pen=1.0 phi=0.0 flat
135,680,300,160,True,0.926225,False,0.542129,0.290669,rwanda pen=1.0 phi=0.0 flat
135,700,300,160,True,0.934676,False,0.542129,0.290517,rwanda pen=1.0 phi=0.0 flat
135,720,300,160,True,0.943164,False,0.542129,0.290387,rwanda pen=1.0 phi=0.0 flat
135,740,300,160,True,0.951679,False,0.542129,0.290273,rwanda pen=1.0 phi=0.0 flat
135,760,300,160,True,0.960218,False,0.542129,0.290172,rwanda pen=1.0 phi=0.0 flat
135,780,300,160,True,0.968766,False,0.542129,0.290076,rwanda pen=1.0 phi=0.0 flat
135,800,300,160,True,0.977314,False,0.542129,0.289982,rwanda pen=1.0 phi=0.0 flat
135,820,300,160,True,0.985869,False,0.542129,0.289895,rwanda pen=1.0 phi=0.0 flat
135,840,300,160,True,0.994423,False,0.542129,0.289809,rwanda pen=1.0 phi=0.0 flat
135,860,300,160,True,1.00298,False,0.542129,0.289726,rwanda pen=1.0 phi=0.0 flat
135,880,300,160,True,1.01155,False,0.542129,0.289649,rwanda pen=1.0 phi=0.0 flat
135,900,300,160,True,1.02012,False,0.542129,0.289577,rwanda pen=1.0 phi=0.0 flat
135,920,300,160,True,1.0287,False,0.542129,0.289508,rwanda pen=1.0 phi=0.0 flat
135,940,300,160,True,1.03728,False,0.542129,0.289439,rwanda pen=1.0 phi=0.0 flat
135,960,300,160,True,1.04586,False,0.542129,0.289373,rwanda pen=1.0 phi=0.0 flat
135,980,300,160,True,1.05445,False,0.542129,0.289311,rwanda pen=1.0 phi=0.0 flat
135,1000,300,160,True,1.06303,False,0.542129,0.28925,rwanda pen=1.0 phi=0.0 flat
135,1020,300,160,True,1.07162,False,0.542129,0.289191,rwanda pen=1.0 phi=0.0 flat
135,1040,300,160,True,1.08021,False,0.542129,0.289132,rwanda pen=1.0 phi=0.0 flat
135,1060,300,160,True,1.0888,False,0.542129,0.289074,rwanda pen=1.0 phi=0.0 flat
135,1080,300,160,True,1.09739,False,0.542129,0.289019,rwanda pen=1.0 phi=0.0 flat
135,1100,300,160,True,1.10598,False,0.542129,0.288963,rwanda pen=1.0 phi=0.0 flat
135,1120,300,160,True,1.11457,False,0.542129,0.288909,rwanda pen=1.0 phi=0.0 flat
135,1140,300,160,True,1.12318,False,0.542129,0.28886,rwanda pen=1.0 phi=0.0 flat
135,1160,300,160,True,1.13178,False,0.542129,0.288814,rwanda pen=1.0 phi=0.0 flat
135,1180,300,160,True,1.14041,False,0.542129,0.288775,rwanda pen=1.0 phi=0.0 flat
135,1200,300,160,True,1.14903,False,0.542129,0.288738,rwanda pen=1.0 phi=0.0 flat
135,1220,300,160,True,1.15766,False,0.542129,0.288703,rwanda pen=1.0 phi=0.0 flat
135,1240,300,160,True,1.16628,False,0.542129,0.288667,rwanda pen=1.0 phi=0.0 flat
135,1260,300,160,True,1.17491,False,0.542129,0.288632,rwanda pen=1.0 phi=0.0 flat
135,1280,300,160,True,1.18353,False,0.542129,0.288597,rwanda pen=1.0 phi=0.0 flat
135,1300,300,160,True,1.19215,False,0.542129,0.288561,rwanda pen=1.0 phi=0.0 flat
135,1320,300,160,True,1.20077,False,0.542129,0.288526,rwanda pen=1.0 phi=0.0 flat
135,1340,300,160,True,1.2094,False,0.542129,0.288494,rwanda pen=1.0 phi=0.0 flat
135,1360,300,160,True,1.21803,False,0.542129,0.288463,rwanda pen=1.0 phi=0.0 flat
135,1380,300,160,True,1.22665,False,0.542129,0.288431,rwanda pen=1.0 phi=0.0 flat
135,1400,300,160,True,1.23527,False,0.542129,0.288399,rwanda pen=1.0 phi=0.0 flat
140,0,300,160,True,1.18288,False,0.626074,0.57338,rwanda pen=1.0 phi=0.0 flat
140,20,300,160,True,1.12909,False,0.611258,0.550165,rwanda pen=1.0 phi=0.0 flat
140,40,300,160,True,1.08348,False,0.599179,0.528491,rwanda pen=1.0 phi=0.0 flat
140,60,300,160,True,1.04296,False,0.587715,0.5072,rwanda pen=1.0 phi=0.0 flat
140,80,300,160,True,1.0067,False,0.576651,0.486239,rwanda pen=1.0 phi=0.0 flat
140,100,300,160,True,0.974185,False,0.566361,0.465686,rwanda pen=1.0 phi=0.0 flat
140,120,300,160,True,0.944961,False,0.557043,0.445627,rwanda pen=1.0 phi=0.0 flat
140,140,300,160,True,0.918732,False,0.548696,0.426198,rwanda pen=1.0 phi=0.0 flat
140,160,300,160,True,0.89529,False,0.541941,0.407565,rwanda pen=1.0 phi=0.0 flat
140,180,300,160,True,0.874397,False,0.536741,0.389845,rwanda pen=1.0 phi=0.0 flat
140,200,300,160,True,0.855846,False,0.532757,0.373094,rwanda pen=1.0 phi=0.0 flat
140,220,300,160,True,0.839457,False,0.529971,0.357388,rwanda pen=1.0 phi=0.0 flat
140,240,300,160,True,0.825209,False,0.528229,0.342824,rwanda pen=1.0 phi=0.0 flat
140,260,300,160,True,0.813589,False,0.527145,0.329596,rwanda pen=1.0 phi=0.0 flat
140,280,300,160,True,0.805475,False,0.526474,0.318053,rwanda pen=1.0 phi=0.0 flat
140,300,300,160,True,0.800702,False,0.526083,0.308283,rwanda pen=1.0 phi=0.0 flat
140,320,300,160,True,0.798679,False,0.525905,0.300188,rwanda pen=1.0 phi=0.0 flat
140,340,300,160,True,0.798942,False,0.525863,0.29364,rwanda pen=1.0 phi=0.0 flat
140,360,300,160,True,0.801091,False,0.525863,0.288466,rwanda pen=1.0 phi=0.0 flat
140,380,300,160,True,0.804752,False,0.525863,0.284469,rwanda pen=1.0 phi=0.0 flat
140,400,300,160,True,0.809579,False,0.525863,0.281446,rwanda pen=1.0 phi=0.0 flat
140,420,300,160,True,0.815363,False,0.525863,0.27924,rwanda pen=1.0 phi=0.0 flat
140,440,300,160,True,0.821897,False,0.525863,0.277684,rwanda pen=1.0 phi=0.0 flat
140,460,300,160,True,0.828964,False,0.525863,0.276583,rwanda pen=1.0 phi=0.0 flat
140,480,300,160,True,0.836394,False,0.525863,0.275773,rwanda pen=1.0 phi=0.0 flat
140,500,300,160,True,0.844029,False,0.525863,0.275124,rwanda pen=1.0 phi=0.0 flat
140,520,300,160,True,0.85184,False,0.525863,0.274607,rwanda pen=1.0 phi=0.0 flat
140,540,300,160,True,0.859778,False,0.525863,0.274182,rwanda pen=1.0 phi=0.0 flat
140,560,300,160,True,0.867785,False,0.525863,0.273808,rwanda pen=1.0 phi=0.0 flat
140,580,300,160,True,0.875833,False,0.525863,0.273467,rwanda pen=1.0 phi=0.0 flat
140,600,300,160,True,0.883948,False,0.525863,0.273171,rwanda pen=1.0 phi=0.0 flat
140,620,300,160,True,0.8921,False,0.525863,0.272902,rwanda pen=1.0 phi=0.0 flat
140,640,300,160,True,0.900311,False,0.525863,0.27267,rwanda pen=1.0 phi=0.0 flat
140,660,300,160,True,0.908549,False,0.525863,0.272459,rwanda pen=1.0 phi=0.0 flat
140,680,300,160,True,0.916819,False,0.525863,0.272273,rwanda pen=1.0 phi=0.0 flat
140,700,300,160,True,0.925126,False,0.525863,0.272109,rwanda pen=1.0 phi=0.0 flat
140,720,300,160,True,0.933451,False,0.525863,0.271959,rwanda pen=1.0 phi=0.0 flat
140,740,300,160,True,0.941803,False,0.525863,0.271827,rwanda pen=1.0 phi=0.0 flat
140,760,300,160,True,0.950163,False,0.525863,0.271701,rwanda pen=1.0 phi=0.0 flat
140,780,300,160,True,0.958538,False,0.525863,0.271588,rwanda pen=1.0 phi=0.0 flat
140,800,300,160,True,0.966943,False,0.525863,0.271492,rwanda pen=1.0 phi=0.0 flat
140,820,300,160,True,0.975349,False,0.525863,0.2714,rwanda pen=1.0 phi=0.0 flat
140,840,300,160,True,0.983759,False,0.525863,0.271311,rwanda pen=1.0 phi=0.0 flat
140,860,300,160,True,0.992179,False,0.525863,0.27123,rwanda pen=1.0 phi=0.0 flat
140,880,300,160,True,1.0006,False,0.525863,0.271151,rwanda pen=1.0 phi=0.0 flat
140,900,300,160,True,1.00903,False,0.525863,0.271073,rwanda pen=1.0 phi=0.0 flat
140,920,300,160,True,1.01746,False,0.525863,0.271,rwanda pen=1.0 phi=0.0 flat
140,940,300,160,True,1.02589,False,0.525863,0.270928,rwanda pen=1.0 phi=0.0 flat
140,960,300,160,True,1.03432,False,0.525863,0.270856,rwanda pen=1.0 phi=0.0 flat
140,980,300,160,True,1.04275,False,0.525863,0.270788,rwanda pen=1.0 phi=0.0 flat
140,1000,300,160,True,1.05119,False,0.525863,0.270724,rwanda pen=1.0 phi=0.0 flat
140,1020,300,160,True,1.05963,False,0.525863,0.270662,rwanda pen=1.0 phi=0.0 flat
140,1040,300,160,True,1.06808,False,0.525863,0.270603,rwanda pen=1.0 phi=0.0 flat
140,1060,300,160,True,1.07653,False,0.525863,0.270548,rwanda pen=1.0 phi=0.0 flat
140,1080,300,160,True,1.08497,False,0.525863,0.270492,rwanda pen=1.0 phi=0.0 flat
140,1100,300,160,True,1.09342,False,0.525863,0.270438,rwanda pen=1.0 phi=0.0 flat
140,1120,300,160,True,1.10187,False,0.525863,0.270386,rwanda pen=1.0 phi=0.0 flat
140,1140,300,160,True,1.11032,False,0.525863,0.270334,rwanda pen=1.0 phi=0.0 flat
140,1160,300,160,True,1.11877,False,0.525863,0.270284,rwanda pen=1.0 phi=0.0 flat
140,1180,300,160,True,1.12723,False,0.525863,0.270237,rwanda pen=1.0 phi=0.0 flat
140,1200,300,160,True,1.13569,False,0.525863,0.270191,rwanda pen=1.0 phi=0.0 flat
140,1220,300,160,True,1.14415,False,0.525863,0.270148,rwanda pen=1.0 phi=0.0 flat
140,1240,300,160,True,1.15261,False,0.525863,0.270106,rwanda pen=1.0 phi=0.0 flat
140,1260,300,160,True,1.16107,False,0.525863,0.270064,rwanda pen=1.0 phi=0.0 flat
140,1280,300,160,True,1.16953,False,0.525863,0.270022,rwanda pen=1.0 phi=0.0 flat
140,1300,300,160,True,1.17799,False,0.525863,0.26998,rwanda pen=1.0 phi=0.0 flat
140,1320,300,160,True,1.18645,False,0.525863,0.269939,rwanda pen=1.0 phi=0.0 flat
140,1340,300,160,True,1.19493,False,0.525863,0.269904,rwanda pen=1.0 phi=0.0 flat
140,1360,300,160,True,1.2034,False,0.525863,0.269868,rwanda pen=1.0 phi=0.0 flat
140,1380,300,160,True,1.21187,False,0.525863,0.269833,rwanda pen=1.0 phi=0.0 flat
140,1400,300,160,True,1.22035,False,0.525863,0.269801,rwanda pen=1.0 phi=0.0 flat
145,0,300,160,True,1.18826,False,0.619908,0.569687,rwanda pen=1.0 phi=0.0 flat
145,20,300,160,True,1.13461,False,0.605068,0.546516,rwanda pen=1.0 phi=0.0 flat
145,40,300,160,True,1.0889,False,0.592846,0.524777,rwanda pen=1.0 phi=0.0 flat
145,60,300,160,True,1.04823,False,0.581217,0.503384,rwanda pen=1.0 phi=0.0 flat
145,80,300,160,True,1.01174,False,0.56998,0.482285,rwanda pen=1.0 phi=0.0 flat
145,100,300,160,True,0.978949,False,0.559275,0.461525,rwanda pen=1.0 phi=0.0 flat
145,120,300,160,True,0.949387,False,0.549378,0.441176,rwanda pen=1.0 phi=0.0 flat
145,140,300,160,True,0.92272,False,0.540495,0.421344,rwanda pen=1.0 phi=0.0 flat
145,160,300,160,True,0.898731,False,0.532558,0.402155,rwanda pen=1.0 phi=0.0 flat
145,180,300,160,True,0.877225,False,0.526189,0.383752,rwanda pen=1.0 phi=0.0 flat
145,200,300,160,True,0.857991,False,0.521165,0.366212,rwanda pen=1.0 phi=0.0 flat
145,220,300,160,True,0.840849,False,0.517223,0.349592,rwanda pen=1.0 phi=0.0 flat
145,240,300,160,True,0.825788,False,0.514381,0.334012,rwanda pen=1.0 phi=0.0 flat
145,260,300,160,True,0.813476,False,0.512529,0.319784,rwanda pen=1.0 phi=0.0 flat
145,280,300,160,True,0.804668,False,0.511233,0.307245,rwanda pen=1.0 phi=0.0 flat
145,300,300,160,True,0.799193,False,0.510481,0.296482,rwanda pen=1.0 phi=0.0 flat
145,320,300,160,True,0.796483,False,0.509982,0.287427,rwanda pen=1.0 phi=0.0 flat
145,340,300,160,True,0.796044,False,0.509757,0.279971,rwanda pen=1.0 phi=0.0 flat
145,360,300,160,True,0.797527,False,0.509649,0.273981,rwanda pen=1.0 phi=0.0 flat
145,380,300,160,True,0.800609,False,0.509649,0.269294,rwanda pen=1.0 phi=0.0 flat
145,400,300,160,True,0.804952,False,0.509649,0.265698,rwanda pen=1.0 phi=0.0 flat
145,420,300,160,True,0.810272,False,0.509649,0.262998,rwanda pen=1.0 phi=0.0 flat
145,440,300,160,True,0.816405,False,0.509649,0.261059,rwanda pen=1.0 phi=0.0 flat
145,460,300,160,True,0.823164,False,0.509649,0.259711,rwanda pen=1.0 phi=0.0 flat
145,480,300,160,True,0.83035,False,0.509649,0.258747,rwanda pen=1.0 phi=0.0 flat
145,500,300,160,True,0.837793,False,0.509649,0.258004,rwanda pen=1.0 phi=0.0 flat
145,520,300,160,True,0.84542,False,0.509649,0.257402,rwanda pen=1.0 phi=0.0 flat
145,540,300,160,True,0.853168,False,0.509649,0.256895,rwanda pen=1.0 phi=0.0 flat
145,560,300,160,True,0.861014,False,0.509649,0.25647,rwanda pen=1.0 phi=0.0 flat
145,580,300,160,True,0.868927,False,0.509649,0.256097,rwanda pen=1.0 phi=0.0 flat
145,600,300,160,True,0.876904,False,0.509649,0.255772,rwanda pen=1.0 phi=0.0 flat
145,620,300,160,True,0.884921,False,0.509649,0.255478,rwanda pen=1.0 phi=0.0 flat
145,640,300,160,True,0.892973,False,0.509649,0.255213,rwanda pen=1.0 phi=0.0 flat
145,660,300,160,True,0.901043,False,0.509649,0.254965,rwanda pen=1.0 phi=0.0 flat
145,680,300,160,True,0.909161,False,0.509649,0.254753,rwanda pen=1.0 phi=0.0 flat
145,700,300,160,True,0.917311,False,0.509649,0.254563,rwanda pen=1.0 phi=0.0 flat
145,720,300,160,True,0.925487,False,0.509649,0.254392,rwanda pen=1.0 phi=0.0 flat
145,740,300,160,True,0.933682,False,0.509649,0.254237,rwanda pen=1.0 phi=0.0 flat
145,760,300,160,True,0.941904,False,0.509649,0.2541,rwanda pen=1.0 phi=0.0 flat
145,780,300,160,True,0.95014,False,0.509649,0.253973,rwanda pen=1.0 phi=0.0 flat
145,800,300,160,True,0.958397,False,0.509649,0.253862,rwanda pen=1.0 phi=0.0 flat
145,820,300,160,True,0.96667,False,0.509649,0.253764,rwanda pen=1.0 phi=0.0 flat
145,840,300,160,True,0.974956,False,0.509649,0.253674,rwanda pen=1.0 phi=0.0 flat
145,860,300,160,True,0.983247,False,0.509649,0.253588,rwanda pen=1.0 phi=0.0 flat
145,880,300,160,True,0.991534,False,0.509649,0.253503,rwanda pen=1.0 phi=0.0 flat
145,900,300,160,True,0.999826,False,0.509649,0.25342,rwanda pen=1.0 phi=0.0 flat
145,920,300,160,True,1.00812,False,0.509649,0.253343,rwanda pen=1.0 phi=0.0 flat
145,940,300,160,True,1.01643,False,0.509649,0.25327,rwanda pen=1.0 phi=0.0 flat
145,960,300,160,True,1.02473,False,0.509649,0.253198,rwanda pen=1.0 phi=0.0 flat
145,980,300,160,True,1.03303,False,0.509649,0.253127,rwanda pen=1.0 phi=0.0 flat
145,1000,300,160,True,1.04133,False,0.509649,0.253058,rwanda pen=1.0 phi=0.0 flat
145,1020,300,160,True,1.04964,False,0.509649,0.252992,rwanda pen=1.0 phi=0.0 flat
145,1040,300,160,True,1.05794,False,0.509649,0.252926,rwanda pen=1.0 phi=0.0 flat
145,1060,300,160,True,1.06624,False,0.509649,0.252861,rwanda pen=1.0 phi=0.0 flat
145,1080,300,160,True,1.07455,False,0.509649,0.252798,rwanda pen=1.0 phi=0.0 flat
145,1100,300,160,True,1.08287,False,0.509649,0.252744,rwanda pen=1.0 phi=0.0 flat
145,1120,300,160,True,1.0912,False,0.509649,0.252691,rwanda pen=1.0 phi=0.0 flat
145,1140,300,160,True,1.09952,False,0.509649,0.252639,rwanda pen=1.0 phi=0.0 flat
145,1160,300,160,True,1.10785,False,0.509649,0.25259,rwanda pen=1.0 phi=0.0 flat
145,1180,300,160,True,1.11617,False,0.509649,0.252542,rwanda pen=1.0 phi=0.0 flat
145,1200,300,160,True,1.1245,False,0.509649,0.252493,rwanda pen=1.0 phi=0.0 flat
145,1220,300,160,True,1.13282,False,0.509649,0.252444,rwanda pen=1.0 phi=0.0 flat
145,1240,300,160,True,1.14115,False,0.509649,0.252395,rwanda pen=1.0 phi=0.0 flat
145,1260,300,160,True,1.14947,False,0.509649,0.252347,rwanda pen=1.0 phi=0.0 flat
145,1280,300,160,True,1.15779,False,0.509649,0.252298,rwanda pen=1.0 phi=0.0 flat
145,1300,300,160,True,1.16611,False,0.509649,0.252249,rwanda pen=1.0 phi=0.0 flat
145,1320,300,160,True,1.17442,False,0.509649,0.252201,rwanda pen=1.0 phi=0.0 flat
145,1340,300,160,True,1.18275,False,0.509649,0.252154,rwanda pen=1.0 phi=0.0 flat
145,1360,300,160,True,1.19107,False,0.509649,0.252113,rwanda pen=1.0 phi=0.0 flat
145,1380,300,160,True,1.19941,False,0.509649,0.252074,rwanda pen=1.0 phi=0.0 flat
145,1400,300,160,True,1.20774,False,0.509649,0.252036,rwanda pen=1.0 phi=0.0 flat
150,0,300,160,True,1.19408,False,0.614214,0.56627,rwanda pen=1.0 phi=0.0 flat
150,20,300,160,True,1.14052,False,0.599348,0.543143,rwanda pen=1.0 phi=0.0 flat
150,40,300,160,True,1.09469,False,0.587,0.521349,rwanda pen=1.0 phi=0.0 flat
150,60,300,160,True,1.05384,False,0.575196,0.499869,rwanda pen=1.0 phi=0.0 flat
150,80,300,160,True,1.01714,False,0.563813,0.478652,rwanda pen=1.0 phi=0.0 flat
150,100,300,160,True,0.984076,False,0.552831,0.457721,rwanda pen=1.0 phi=0.0 flat
150,120,300,160,True,0.95421,False,0.542469,0.437142,rwanda pen=1.0 phi=0.0 flat
150,140,300,160,True,0.927172,False,0.532985,0.416981,rwanda pen=1.0 phi=0.0 flat
150,160,300,160,True,0.902711,False,0.524411,0.397353,rwanda pen=1.0 phi=0.0 flat
150,180,300,160,True,0.88066,False,0.516917,0.378371,rwanda pen=1.0 phi=0.0 flat
150,200,300,160,True,0.860827,False,0.510727,0.360153,rwanda pen=1.0 phi=0.0 flat
150,220,300,160,True,0.84304,False,0.505795,0.342756,rwanda pen=1.0 phi=0.0 flat
150,240,300,160,True,0.827255,False,0.501855,0.326276,rwanda pen=1.0 phi=0.0 flat
150,260,300,160,True,0.814264,False,0.498903,0.311087,rwanda pen=1.0 phi=0.0 flat
150,280,300,160,True,0.804874,False,0.496931,0.297611,rwanda pen=1.0 phi=0.0 flat
150,300,300,160,True,0.79877,False,0.495445,0.285896,rwanda pen=1.0 phi=0.0 flat
150,320,300,160,True,0.795434,False,0.494567,0.275899,rwanda pen=1.0 phi=0.0 flat
150,340,300,160,True,0.794366,False,0.49398,0.267524,rwanda pen=1.0 phi=0.0 flat
150,360,300,160,True,0.795238,False,0.493671,0.260688,rwanda pen=1.0 phi=0.0 flat
150,380,300,160,True,0.797758,False,0.493494,0.255245,rwanda pen=1.0 phi=0.0 flat
150,400,300,160,True,0.801612,False,0.493481,0.25102,rwanda pen=1.0 phi=0.0 flat
150,420,300,160,True,0.806519,False,0.493481,0.247809,rwanda pen=1.0 phi=0.0 flat
150,440,300,160,True,0.81227,False,0.493481,0.245441,rwanda pen=1.0 phi=0.0 flat
150,460,300,160,True,0.818699,False,0.493481,0.243762,rwanda pen=1.0 phi=0.0 flat
150,480,300,160,True,0.825634,False,0.493481,0.242589,rwanda pen=1.0 phi=0.0 flat
150,500,300,160,True,0.8329,False,0.493481,0.241738,rwanda pen=1.0 phi=0.0 flat
150,520,300,160,True,0.840362,False,0.493481,0.241061,rwanda pen=1.0 phi=0.0 flat
150,540,300,160,True,0.847969,False,0.493481,0.240502,rwanda pen=1.0 phi=0.0 flat
150,560,300,160,True,0.855684,False,0.493481,0.240035,rwanda pen=1.0 phi=0.0 flat
150,580,300,160,True,0.863472,False,0.493481,0.239628,rwanda pen=1.0 phi=0.0 flat
150,600,300,160,True,0.871296,False,0.493481,0.23925,rwanda pen=1.0 phi=0.0 flat
150,620,300,160,True,0.879171,False,0.493481,0.238913,rwanda pen=1.0 phi=0.0 flat
150,640,300,160,True,0.887075,False,0.493481,0.238602,rwanda pen=1.0 phi=0.0 flat
150,660,300,160,True,0.895038,False,0.493481,0.238338,rwanda pen=1.0 phi=0.0 flat
150,680,300,160,True,0.903033,False,0.493481,0.238103,rwanda pen=1.0 phi=0.0 flat
150,700,300,160,True,0.911059,False,0.493481,0.237896,rwanda pen=1.0 phi=0.0 flat
150,720,300,160,True,0.919102,False,0.493481,0.237705,rwanda pen=1.0 phi=0.0 flat
150,740,300,160,True,0.927177,False,0.493481,0.237538,rwanda pen=1.0 phi=0.0 flat
150,760,300,160,True,0.935268,False,0.493481,0.237384,rwanda pen=1.0 phi=0.0 flat
150,780,300,160,True,0.94337,False,0.493481,0.23724,rwanda pen=1.0 phi=0.0 flat
150,800,300,160,True,0.951499,False,0.493481,0.237116,rwanda pen=1.0 phi=0.0 flat
150,820,300,160,True,0.959643,False,0.493481,0.237004,rwanda pen=1.0 phi=0.0 flat
150,840,300,160,True,0.967798,False,0.493481,0.2369,rwanda pen=1.0 phi=0.0 flat
150,860,300,160,True,0.975961,False,0.493481,0.236803,rwanda pen=1.0 phi=0.0 flat
150,880,300,160,True,0.984129,False,0.493481,0.236711,rwanda pen=1.0 phi=0.0 flat
150,900,300,160,True,0.992302,False,0.493481,0.236622,rwanda pen=1.0 phi=0.0 flat
150,920,300,160,True,1.00047,False,0.493481,0.236533,rwanda pen=1.0 phi=0.0 flat
150,940,300,160,True,1.00864,False,0.493481,0.236447,rwanda pen=1.0 phi=0.0 flat
150,960,300,160,True,1.01682,False,0.493481,0.236369,rwanda pen=1.0 phi=0.0 flat
150,980,300,160,True,1.02501,False,0.493481,0.236293,rwanda pen=1.0 phi=0.0 flat
150,1000,300,160,True,1.03319,False,0.493481,0.236218,rwanda pen=1.0 phi=0.0 flat
150,1020,300,160,True,1.04138,False,0.493481,0.236148,rwanda pen=1.0 phi=0.0 flat
150,1040,300,160,True,1.04958,False,0.493481,0.236085,rwanda pen=1.0 phi=0.0 flat
150,1060,300,160,True,1.05778,False,0.493481,0.236023,rwanda pen=1.0 phi=0.0 flat
150,1080,300,160,True,1.06598,False,0.493481,0.235962,rwanda pen=1.0 phi=0.0 flat
150,1100,300,160,True,1.07418,False,0.493481,0.235903,rwanda pen=1.0 phi=0.0 flat
150,1120,300,160,True,1.08238,False,0.493481,0.235845,rwanda pen=1.0 phi=0.0 flat
150,1140,300,160,True,1.09058,False,0.493481,0.235786,rwanda pen=1.0 phi=0.0 flat
150,1160,300,160,True,1.09878,False,0.493481,0.235727,rwanda pen=1.0 phi=0.0 flat
150,1180,300,160,True,1.10698,False,0.493481,0.23567,rwanda pen=1.0 phi=0.0 flat
150,1200,300,160,True,1.11518,False,0.493481,0.235614,rwanda pen=1.0 phi=0.0 flat
150,1220,300,160,True,1.12338,False,0.493481,0.235561,rwanda pen=1.0 phi=0.0 flat
150,1240,300,160,True,1.13159,False,0.493481,0.235512,rwanda pen=1.0 phi=0.0 flat
150,1260,300,160,True,1.1398,False,0.493481,0.235463,rwanda pen=1.0 phi=0.0 flat
150,1280,300,160,True,1.14801,False,0.493481,0.235418,rwanda pen=1.0 phi=0.0 flat
150,1300,300,160,True,1.15622,False,0.493481,0.235372,rwanda pen=1.0 phi=0.0 flat
150,1320,300,160,True,1.16444,False,0.493481,0.23533,rwanda pen=1.0 phi=0.0 flat
150,1340,300,160,True,1.17265,False,0.493481,0.235288,rwanda pen=1.0 phi=0.0 flat
150,1360,300,160,True,1.18088,False,0.493481,0.235251,rwanda pen=1.0 phi=0.0 flat
150,1380,300,160,True,1.18911,False,0.493481,0.235216,rwanda pen=1.0 phi=0.0 flat
150,1400,300,160,True,1.19734,False,0.493481,0.235182,rwanda pen=1.0 phi=0.0 flat
155,0,300,160,True,1.20028,False,0.608929,0.563091,rwanda pen=1.0 phi=0.0 flat
155,20,300,160,True,1.14677,False,0.594069,0.540017,rwanda pen=1.0 phi=0.0 flat
155,40,300,160,True,1.1008,False,0.581617,0.518175,rwanda pen=1.0 phi=0.0 flat
155,60,300,160,True,1.05977,False,0.569664,0.496625,rwanda pen=1.0 phi=0.0 flat
155,80,300,160,True,1.02285,False,0.558127,0.475299,rwanda pen=1.0 phi=0.0 flat
155,100,300,160,True,0.989514,False,0.546935,0.454226,rwanda pen=1.0 phi=0.0 flat
155,120,300,160,True,0.959361,False,0.53622,0.433456,rwanda pen=1.0 phi=0.0 flat
155,140,300,160,True,0.931996,False,0.52618,0.413034,rwanda pen=1.0 phi=0.0 flat
155,160,300,160,True,0.907135,False,0.517056,0.393047,rwanda pen=1.0 phi=0.0 flat
155,180,300,160,True,0.884601,False,0.508681,0.373595,rwanda pen=1.0 phi=0.0 flat
155,200,300,160,True,0.864235,False,0.501574,0.354797,rwanda pen=1.0 phi=0.0 flat
155,220,300,160,True,0.845871,False,0.4955,0.336727,rwanda pen=1.0 phi=0.0 flat
155,240,300,160,True,0.829478,False,0.490579,0.319481,rwanda pen=1.0 phi=0.0 flat
155,260,300,160,True,0.815864,False,0.486607,0.303433,rwanda pen=1.0 phi=0.0 flat
155,280,300,160,True,0.805929,False,0.483531,0.289064,rwanda pen=1.0 phi=0.0 flat
155,300,300,160,True,0.799282,False,0.48141,0.276458,rwanda pen=1.0 phi=0.0 flat
155,320,300,160,True,0.795383,False,0.479784,0.265561,rwanda pen=1.0 phi=0.0 flat
155,340,300,160,True,0.79378,False,0.478727,0.256302,rwanda pen=1.0 phi=0.0 flat
155,360,300,160,True,0.794063,False,0.478074,0.248578,rwanda pen=1.0 phi=0.0 flat
155,380,300,160,True,0.796019,False,0.477651,0.242329,rwanda pen=1.0 phi=0.0 flat
155,400,300,160,True,0.799373,False,0.477437,0.237401,rwanda pen=1.0 phi=0.0 flat
155,420,300,160,True,0.803877,False,0.477355,0.233624,rwanda pen=1.0 phi=0.0 flat
155,440,300,160,True,0.809272,False,0.477355,0.230798,rwanda pen=1.0 phi=0.0 flat
155,460,300,160,True,0.815407,False,0.477355,0.228768,rwanda pen=1.0 phi=0.0 flat
155,480,300,160,True,0.822088,False,0.477355,0.22734,rwanda pen=1.0 phi=0.0 flat
155,500,300,160,True,0.829142,False,0.477355,0.226307,rwanda pen=1.0 phi=0.0 flat
155,520,300,160,True,0.836437,False,0.477355,0.225522,rwanda pen=1.0 phi=0.0 flat
155,540,300,160,True,0.843896,False,0.477355,0.224891,rwanda pen=1.0 phi=0.0 flat
155,560,300,160,True,0.851466,False,0.477355,0.224354,rwanda pen=1.0 phi=0.0 flat
155,580,300,160,True,0.859114,False,0.477355,0.223887,rwanda pen=1.0 phi=0.0 flat
155,600,300,160,True,0.866832,False,0.477355,0.223484,rwanda pen=1.0 phi=0.0 flat
155,620,300,160,True,0.874606,False,0.477355,0.223128,rwanda pen=1.0 phi=0.0 flat
155,640,300,160,True,0.882417,False,0.477355,0.222808,rwanda pen=1.0 phi=0.0 flat
155,660,300,160,True,0.890246,False,0.477355,0.222508,rwanda pen=1.0 phi=0.0 flat
155,680,300,160,True,0.898105,False,0.477355,0.222234,rwanda pen=1.0 phi=0.0 flat
155,700,300,160,True,0.905999,False,0.477355,0.221987,rwanda pen=1.0 phi=0.0 flat
155,720,300,160,True,0.913926,False,0.477355,0.221768,rwanda pen=1.0 phi=0.0 flat
155,740,300,160,True,0.921884,False,0.477355,0.221578,rwanda pen=1.0 phi=0.0 flat
155,760,300,160,True,0.929858,False,0.477355,0.221403,rwanda pen=1.0 phi=0.0 flat
155,780,300,160,True,0.937858,False,0.477355,0.221252,rwanda pen=1.0 phi=0.0 flat
155,800,300,160,True,0.945884,False,0.477355,0.221122,rwanda pen=1.0 phi=0.0 flat
155,820,300,160,True,0.953925,False,0.477355,0.221004,rwanda pen=1.0 phi=0.0 flat
155,840,300,160,True,0.961978,False,0.477355,0.220898,rwanda pen=1.0 phi=0.0 flat
155,860,300,160,True,0.970039,False,0.477355,0.220798,rwanda pen=1.0 phi=0.0 flat
155,880,300,160,True,0.978098,False,0.477355,0.220699,rwanda pen=1.0 phi=0.0 flat
155,900,300,160,True,0.986161,False,0.477355,0.220603,rwanda pen=1.0 phi=0.0 flat
155,920,300,160,True,0.994227,False,0.477355,0.22051,rwanda pen=1.0 phi=0.0 flat
155,940,300,160,True,1.0023,False,0.477355,0.220423,rwanda pen=1.0 phi=0.0 flat
155,960,300,160,True,1.01038,False,0.477355,0.220343,rwanda pen=1.0 phi=0.0 flat
155,980,300,160,True,1.01847,False,0.477355,0.22027,rwanda pen=1.0 phi=0.0 flat
155,1000,300,160,True,1.02656,False,0.477355,0.220199,rwanda pen=1.0 phi=0.0 flat
155,1020,300,160,True,1.03465,False,0.477355,0.22013,rwanda pen=1.0 phi=0.0 flat
155,1040,300,160,True,1.04274,False,0.477355,0.220061,rwanda pen=1.0 phi=0.0 flat
155,1060,300,160,True,1.05083,False,0.477355,0.219995,rwanda pen=1.0 phi=0.0 flat
155,1080,300,160,True,1.05893,False,0.477355,0.219932,rwanda pen=1.0 phi=0.0 flat
155,1100,300,160,True,1.06702,False,0.477355,0.21987,rwanda pen=1.0 phi=0.0 flat
155,1120,300,160,True,1.07512,False,0.477355,0.219808,rwanda pen=1.0 phi=0.0 flat
155,1140,300,160,True,1.08322,False,0.477355,0.219749,rwanda pen=1.0 phi=0.0 flat
155,1160,300,160,True,1.09133,False,0.477355,0.219697,rwanda pen=1.0 phi=0.0 flat
155,1180,300,160,True,1.09943,False,0.477355,0.219645,rwanda pen=1.0 phi=0.0 flat
155,1200,300,160,True,1.10754,False,0.477355,0.219593,rwanda pen=1.0 phi=0.0 flat
155,1220,300,160,True,1.11564,False,0.477355,0.21954,rwanda pen=1.0 phi=0.0 flat
155,1240,300,160,True,1.12375,False,0.477355,0.21949,rwanda pen=1.0 phi=0.0 flat
155,1260,300,160,True,1.13186,False,0.477355,0.219441,rwanda pen=1.0 phi=0.0 flat
155,1280,300,160,True,1.13996,False,0.477355,0.219393,rwanda pen=1.0 phi=0.0 flat
155,1300,300,160,True,1.14807,False,0.477355,0.219344,rwanda pen=1.0 phi=0.0 flat
155,1320,300,160,True,1.15617,False,0.477355,0.219295,rwanda pen=1.0 phi=0.0 flat
155,1340,300,160,True,1.16427,False,0.477355,0.219246,rwanda pen=1.0 phi=0.0 flat
155,1360,300,160,True,1.17237,False,0.477355,0.219198,rwanda pen=1.0 phi=0.0 flat
155,1380,300,160,True,1.18048,False,0.477355,0.219152,rwanda pen=1.0 phi=0.0 flat
155,1400,300,160,True,1.18859,False,0.477355,0.219107,rwanda pen=1.0 phi=0.0 flat
160,0,300,160,True,1.20682,False,0.604074,0.560132,rwanda pen=1.0 phi=0.0 flat
160,20,300,160,True,1.15331,False,0.589244,0.537106,rwanda pen=1.0 phi=0.0 flat
160,40,300,160,True,1.10718,False,0.576711,0.515226,rwanda pen=1.0 phi=0.0 flat
160,60,300,160,True,1.06596,False,0.564614,0.493616,rwanda pen=1.0 phi=0.0 flat
160,80,300,160,True,1.02881,False,0.552917,0.472198,rwanda pen=1.0 phi=0.0 flat
160,100,300,160,True,0.995221,False,0.541558,0.451002,rwanda pen=1.0 phi=0.0 flat
160,120,300,160,True,0.964791,False,0.530589,0.430072,rwanda pen=1.0 phi=0.0 flat
160,140,300,160,True,0.937122,False,0.520106,0.409439,rwanda pen=1.0 phi=0.0 flat
160,160,300,160,True,0.911921,False,0.510423,0.389164,rwanda pen=1.0 phi=0.0 flat
160,180,300,160,True,0.88897,False,0.501515,0.369335,rwanda pen=1.0 phi=0.0 flat
160,200,300,160,True,0.868124,False,0.493377,0.350041,rwanda pen=1.0 phi=0.0 flat
160,220,300,160,True,0.849237,False,0.48649,0.331395,rwanda pen=1.0 phi=0.0 flat
160,240,300,160,True,0.832315,False,0.48049,0.313493,rwanda pen=1.0 phi=0.0 flat
160,260,300,160,True,0.818169,False,0.475545,0.296703,rwanda pen=1.0 phi=0.0 flat
160,280,300,160,True,0.807722,False,0.471491,0.281525,rwanda pen=1.0 phi=0.0 flat
160,300,300,160,True,0.800602,False,0.468295,0.268081,rwanda pen=1.0 phi=0.0 flat
160,320,300,160,True,0.796202,False,0.465997,0.256335,rwanda pen=1.0 phi=0.0 flat
160,340,300,160,True,0.794089,False,0.464246,0.246223,rwanda pen=1.0 phi=0.0 flat
160,360,300,160,True,0.793875,False,0.462968,0.23765,rwanda pen=1.0 phi=0.0 flat
160,380,300,160,True,0.795297,False,0.462222,0.230563,rwanda pen=1.0 phi=0.0 flat
160,400,300,160,True,0.798166,False,0.461689,0.224889,rwanda pen=1.0 phi=0.0 flat
160,420,300,160,True,0.802224,False,0.461435,0.220466,rwanda pen=1.0 phi=0.0 flat
160,440,300,160,True,0.807291,False,0.461271,0.217148,rwanda pen=1.0 phi=0.0 flat
160,460,300,160,True,0.813155,False,0.461271,0.214737,rwanda pen=1.0 phi=0.0 flat
160,480,300,160,True,0.819599,False,0.461271,0.213012,rwanda pen=1.0 phi=0.0 flat
160,500,300,160,True,0.826441,False,0.461271,0.211756,rwanda pen=1.0 phi=0.0 flat
160,520,300,160,True,0.833571,False,0.461271,0.210829,rwanda pen=1.0 phi=0.0 flat
160,540,300,160,True,0.840884,False,0.461271,0.210104,rwanda pen=1.0 phi=0.0 flat
160,560,300,160,True,0.848317,False,0.461271,0.209492,rwanda pen=1.0 phi=0.0 flat
160,580,300,160,True,0.85585,False,0.461271,0.208977,rwanda pen=1.0 phi=0.0 flat
160,600,300,160,True,0.863461,False,0.461271,0.208535,rwanda pen=1.0 phi=0.0 flat
160,620,300,160,True,0.871126,False,0.461271,0.208143,rwanda pen=1.0 phi=0.0 flat
160,640,300,160,True,0.878831,False,0.461271,0.20779,rwanda pen=1.0 phi=0.0 flat
160,660,300,160,True,0.886573,False,0.461271,0.207472,rwanda pen=1.0 phi=0.0 flat
160,680,300,160,True,0.894355,False,0.461271,0.207189,rwanda pen=1.0 phi=0.0 flat
160,700,300,160,True,0.902166,False,0.461271,0.206936,rwanda pen=1.0 phi=0.0 flat
160,720,300,160,True,0.909997,False,0.461271,0.206704,rwanda pen=1.0 phi=0.0 flat
160,740,300,160,True,0.917847,False,0.461271,0.206492,rwanda pen=1.0 phi=0.0 flat
160,760,300,160,True,0.925712,False,0.461271,0.206296,rwanda pen=1.0 phi=0.0 flat
160,780,300,160,True,0.933605,False,0.461271,0.206124,rwanda pen=1.0 phi=0.0 flat
160,800,300,160,True,0.941507,False,0.461271,0.205964,rwanda pen=1.0 phi=0.0 flat
160,820,300,160,True,0.949423,False,0.461271,0.205815,rwanda pen=1.0 phi=0.0 flat
160,840,300,160,True,0.957352,False,0.461271,0.205678,rwanda pen=1.0 phi=0.0 flat
160,860,300,160,True,0.965299,False,0.461271,0.205556,rwanda pen=1.0 phi=0.0 flat
160,880,300,160,True,0.973263,False,0.461271,0.205448,rwanda pen=1.0 phi=0.0 flat
160,900,300,160,True,0.981243,False,0.461271,0.205354,rwanda pen=1.0 phi=0.0 flat
160,920,300,160,True,0.989228,False,0.461271,0.205265,rwanda pen=1.0 phi=0.0 flat
160,940,300,160,True,0.997211,False,0.461271,0.205176,rwanda pen=1.0 phi=0.0 flat
160,960,300,160,True,1.0052,False,0.461271,0.205091,rwanda pen=1.0 phi=0.0 flat
160,980,300,160,True,1.01318,False,0.461271,0.205009,rwanda pen=1.0 phi=0.0 flat
160,1000,300,160,True,1.02117,False,0.461271,0.20493,rwanda pen=1.0 phi=0.0 flat
160,1020,300,160,True,1.02916,False,0.461271,0.204854,rwanda pen=1.0 phi=0.0 flat
160,1040,300,160,True,1.03716,False,0.461271,0.204783,rwanda pen=1.0 phi=0.0 flat
160,1060,300,160,True,1.04516,False,0.461271,0.204714,rwanda pen=1.0 phi=0.0 flat
160,1080,300,160,True,1.05316,False,0.461271,0.204645,rwanda pen=1.0 phi=0.0 flat
160,1100,300,160,True,1.06116,False,0.461271,0.204576,rwanda pen=1.0 phi=0.0 flat
160,1120,300,160,True,1.06916,False,0.461271,0.204509,rwanda pen=1.0 phi=0.0 flat
160,1140,300,160,True,1.07716,False,0.461271,0.204446,rwanda pen=1.0 phi=0.0 flat
160,1160,300,160,True,1.08517,False,0.461271,0.204385,rwanda pen=1.0 phi=0.0 flat
160,1180,300,160,True,1.09317,False,0.461271,0.204326,rwanda pen=1.0 phi=0.0 flat
160,1200,300,160,True,1.10118,False,0.461271,0.204267,rwanda pen=1.0 phi=0.0 flat
160,1220,300,160,True,1.10918,False,0.461271,0.204208,rwanda pen=1.0 phi=0.0 flat
160,1240,300,160,True,1.11719,False,0.461271,0.204149,rwanda pen=1.0 phi=0.0 flat
160,1260,300,160,True,1.1252,False,0.461271,0.204096,rwanda pen=1.0 phi=0.0 flat
160,1280,300,160,True,1.13321,False,0.461271,0.204044,rwanda pen=1.0 phi=0.0 flat
160,1300,300,160,True,1.14122,False,0.461271,0.203995,rwanda pen=1.0 phi=0.0 flat
160,1320,300,160,True,1.14924,False,0.461271,0.203948,rwanda pen=1.0 phi=0.0 flat
160,1340,300,160,True,1.15726,False,0.461271,0.203903,rwanda pen=1.0 phi=0.0 flat
160,1360,300,160,True,1.16528,False,0.461271,0.203859,rwanda pen=1.0 phi=0.0 flat
160,1380,300,160,True,1.17331,False,0.461271,0.203819,rwanda pen=1.0 phi=0.0 flat
160,1400,300,160,True,1.18134,False,0.461271,0.203782,rwanda pen=1.0 phi=0.0 flat
165,0,300,160,True,1.21365,False,0.599588,0.557366,rwanda pen=1.0 phi=0.0 flat
165,20,300,160,True,1.16013,False,0.584866,0.534395,rwanda pen=1.0 phi=0.0 flat
165,40,300,160,True,1.11382,False,0.572222,0.51248,rwanda pen=1.0 phi=0.0 flat
165,60,300,160,True,1.07239,False,0.56001,0.490818,rwanda pen=1.0 phi=0.0 flat
165,80,300,160,True,1.03501,False,0.548157,0.469322,rwanda pen=1.0 phi=0.0 flat
165,100,300,160,True,1.00117,False,0.53665,0.448024,rwanda pen=1.0 phi=0.0 flat
165,120,300,160,True,0.970464,False,0.525487,0.426952,rwanda pen=1.0 phi=0.0 flat
165,140,300,160,True,0.942511,False,0.514695,0.406145,rwanda pen=1.0 phi=0.0 flat
165,160,300,160,True,0.916997,False,0.504457,0.385634,rwanda pen=1.0 phi=0.0 flat
165,180,300,160,True,0.893689,False,0.49504,0.365496,rwanda pen=1.0 phi=0.0 flat
165,200,300,160,True,0.872416,False,0.486263,0.345804,rwanda pen=1.0 phi=0.0 flat
165,220,300,160,True,0.85306,False,0.478355,0.326653,rwanda pen=1.0 phi=0.0 flat
165,240,300,160,True,0.83565,False,0.471568,0.308185,rwanda pen=1.0 phi=0.0 flat
165,260,300,160,True,0.821062,False,0.465604,0.290769,rwanda pen=1.0 phi=0.0 flat
165,280,300,160,True,0.810161,False,0.460599,0.274884,rwanda pen=1.0 phi=0.0 flat
165,300,300,160,True,0.802602,False,0.456479,0.260676,rwanda pen=1.0 phi=0.0 flat
165,320,300,160,True,0.797757,False,0.453165,0.24813,rwanda pen=1.0 phi=0.0 flat
165,340,300,160,True,0.795188,False,0.450654,0.237209,rwanda pen=1.0 phi=0.0 flat
165,360,300,160,True,0.794537,False,0.448783,0.22785,rwanda pen=1.0 phi=0.0 flat
165,380,300,160,True,0.79546,False,0.447325,0.21993,rwanda pen=1.0 phi=0.0 flat
165,400,300,160,True,0.797826,False,0.446442,0.21346,rwanda pen=1.0 phi=0.0 flat
165,420,300,160,True,0.801456,False,0.445851,0.208348,rwanda pen=1.0 phi=0.0 flat
165,440,300,160,True,0.806172,False,0.44549,0.204469,rwanda pen=1.0 phi=0.0 flat
165,460,300,160,True,0.811741,False,0.44528,0.201607,rwanda pen=1.0 phi=0.0 flat
165,480,300,160,True,0.817952,False,0.445224,0.199544,rwanda pen=1.0 phi=0.0 flat
165,500,300,160,True,0.824608,False,0.445224,0.198045,rwanda pen=1.0 phi=0.0 flat
165,520,300,160,True,0.831562,False,0.445224,0.196926,rwanda pen=1.0 phi=0.0 flat
165,540,300,160,True,0.838716,False,0.445224,0.196055,rwanda pen=1.0 phi=0.0 flat
165,560,300,160,True,0.846042,False,0.445224,0.19538,rwanda pen=1.0 phi=0.0 flat
165,580,300,160,True,0.853465,False,0.445224,0.194809,rwanda pen=1.0 phi=0.0 flat
165,600,300,160,True,0.860963,False,0.445224,0.194312,rwanda pen=1.0 phi=0.0 flat
165,620,300,160,True,0.868529,False,0.445224,0.193881,rwanda pen=1.0 phi=0.0 flat
165,640,300,160,True,0.87614,False,0.445224,0.193497,rwanda pen=1.0 phi=0.0 flat
165,660,300,160,True,0.883799,False,0.445224,0.193158,rwanda pen=1.0 phi=0.0 flat
165,680,300,160,True,0.891478,False,0.445224,0.192844,rwanda pen=1.0 phi=0.0 flat
165,700,300,160,True,0.89918,False,0.445224,0.192557,rwanda pen=1.0 phi=0.0 flat
165,720,300,160,True,0.906908,False,0.445224,0.192297,rwanda pen=1.0 phi=0.0 flat
165,740,300,160,True,0.914669,False,0.445224,0.192064,rwanda pen=1.0 phi=0.0 flat
165,760,300,160,True,0.922458,False,0.445224,0.191856,rwanda pen=1.0 phi=0.0 flat
165,780,300,160,True,0.930261,False,0.445224,0.191666,rwanda pen=1.0 phi=0.0 flat
165,800,300,160,True,0.938077,False,0.445224,0.19149,rwanda pen=1.0 phi=0.0 flat
165,820,300,160,True,0.945906,False,0.445224,0.19133,rwanda pen=1.0 phi=0.0 flat
165,840,300,160,True,0.953766,False,0.445224,0.191197,rwanda pen=1.0 phi=0.0 flat
165,860,300,160,True,0.96164,False,0.445224,0.191079,rwanda pen=1.0 phi=0.0 flat
165,880,300,160,True,0.969517,False,0.445224,0.190964,rwanda pen=1.0 phi=0.0 flat
165,900,300,160,True,0.977405,False,0.445224,0.190861,rwanda pen=1.0 phi=0.0 flat
165,920,300,160,True,0.985297,False,0.445224,0.190762,rwanda pen=1.0 phi=0.0 flat
165,940,300,160,True,0.993197,False,0.445224,0.19067,rwanda pen=1.0 phi=0.0 flat
165,960,300,160,True,1.0011,False,0.445224,0.190581,rwanda pen=1.0 phi=0.0 flat
165,980,300,160,True,1.00901,False,0.445224,0.190496,rwanda pen=1.0 phi=0.0 flat
165,1000,300,160,True,1.01691,False,0.445224,0.19041,rwanda pen=1.0 phi=0.0 flat
165,1020,300,160,True,1.02482,False,0.445224,0.190327,rwanda pen=1.0 phi=0.0 flat
165,1040,300,160,True,1.03273,False,0.445224,0.190248,rwanda pen=1.0 phi=0.0 flat
165,1060,300,160,True,1.04064,False,0.445224,0.190173,rwanda pen=1.0 phi=0.0 flat
165,1080,300,160,True,1.04855,False,0.445224,0.190101,rwanda pen=1.0 phi=0.0 flat
165,1100,300,160,True,1.05648,False,0.445224,0.190034,rwanda pen=1.0 phi=0.0 flat
165,1120,300,160,True,1.0644,False,0.445224,0.189968,rwanda pen=1.0 phi=0.0 flat
165,1140,300,160,True,1.07232,False,0.445224,0.189906,rwanda pen=1.0 phi=0.0 flat
165,1160,300,160,True,1.08024,False,0.445224,0.189844,rwanda pen=1.0 phi=0.0 flat
165,1180,300,160,True,1.08817,False,0.445224,0.189786,rwanda pen=1.0 phi=0.0 flat
165,1200,300,160,True,1.0961,False,0.445224,0.189731,rwanda pen=1.0 phi=0.0 flat
165,1220,300,160,True,1.10404,False,0.445224,0.189679,rwanda pen=1.0 phi=0.0 flat
165,1240,300,160,True,1.11197,False,0.445224,0.189627,rwanda pen=1.0 phi=0.0 flat
165,1260,300,160,True,1.1199,False,0.445224,0.189575,rwanda pen=1.0 phi=0.0 flat
165,1280,300,160,True,1.12783,False,0.445224,0.189523,rwanda pen=1.0 phi=0.0 flat
165,1300,300,160,True,1.13577,False,0.445224,0.189474,rwanda pen=1.0 phi=0.0 flat
165,1320,300,160,True,1.1437,False,0.445224,0.189425,rwanda pen=1.0 phi=0.0 flat
165,1340,300,160,True,1.15163,False,0.445224,0.189376,rwanda pen=1.0 phi=0.0 flat
165,1360,300,160,True,1.15956,False,0.445224,0.189328,rwanda pen=1.0 phi=0.0 flat
165,1380,300,160,True,1.1675,False,0.445224,0.189282,rwanda pen=1.0 phi=0.0 flat
165,1400,300,160,True,1.17543,False,0.445224,0.189237,rwanda pen=1.0 phi=0.0 flat
170,0,300,160,True,1.22075,False,0.595473,0.554773,rwanda pen=1.0 phi=0.0 flat
170,20,300,160,True,1.16717,False,0.580802,0.53185,rwanda pen=1.0 phi=0.0 flat
170,40,300,160,True,1.12066,False,0.568066,0.509907,rwanda pen=1.0 phi=0.0 flat
170,60,300,160,True,1.07902,False,0.555801,0.488202,rwanda pen=1.0 phi=0.0 flat
170,80,300,160,True,1.04141,False,0.543798,0.466641,rwanda pen=1.0 phi=0.0 flat
170,100,300,160,True,1.00733,False,0.532115,0.445252,rwanda pen=1.0 phi=0.0 flat
170,120,300,160,True,0.976343,False,0.520794,0.424058,rwanda pen=1.0 phi=0.0 flat
170,140,300,160,True,0.948115,False,0.50978,0.403102,rwanda pen=1.0 phi=0.0 flat
170,160,300,160,True,0.922311,False,0.499164,0.382403,rwanda pen=1.0 phi=0.0 flat
170,180,300,160,True,0.898687,False,0.489155,0.362011,rwanda pen=1.0 phi=0.0 flat
170,200,300,160,True,0.877051,False,0.479919,0.341997,rwanda pen=1.0 phi=0.0 flat
170,220,300,160,True,0.857275,False,0.471299,0.322434,rwanda pen=1.0 phi=0.0 flat
170,240,300,160,True,0.839413,False,0.463533,0.30346,rwanda pen=1.0 phi=0.0 flat
170,260,300,160,True,0.824438,False,0.456808,0.285514,rwanda pen=1.0 phi=0.0 flat
170,280,300,160,True,0.813153,False,0.450835,0.269025,rwanda pen=1.0 phi=0.0 flat
170,300,300,160,True,0.805204,False,0.445744,0.254146,rwanda pen=1.0 phi=0.0 flat
170,320,300,160,True,0.799966,False,0.441538,0.240873,rwanda pen=1.0 phi=0.0 flat
170,340,300,160,True,0.796971,False,0.438105,0.229192,rwanda pen=1.0 phi=0.0 flat
170,360,300,160,True,0.795883,False,0.435414,0.219056,rwanda pen=1.0 phi=0.0 flat
170,380,300,160,True,0.796403,False,0.433399,0.210391,rwanda pen=1.0 phi=0.0 flat
170,400,300,160,True,0.798321,False,0.4318,0.20314,rwanda pen=1.0 phi=0.0 flat
170,420,300,160,True,0.801523,False,0.430731,0.197302,rwanda pen=1.0 phi=0.0 flat
170,440,300,160,True,0.805856,False,0.430069,0.192792,rwanda pen=1.0 phi=0.0 flat
170,460,300,160,True,0.811135,False,0.4296,0.189442,rwanda pen=1.0 phi=0.0 flat
170,480,300,160,True,0.817143,False,0.429351,0.187025,rwanda pen=1.0 phi=0.0 flat
170,500,300,160,True,0.823613,False,0.429215,0.185235,rwanda pen=1.0 phi=0.0 flat
170,520,300,160,True,0.830391,False,0.429215,0.183881,rwanda pen=1.0 phi=0.0 flat
170,540,300,160,True,0.837401,False,0.429215,0.182842,rwanda pen=1.0 phi=0.0 flat
170,560,300,160,True,0.844581,False,0.429215,0.182037,rwanda pen=1.0 phi=0.0 flat
170,580,300,160,True,0.851901,False,0.429215,0.181398,rwanda pen=1.0 phi=0.0 flat
170,600,300,160,True,0.859301,False,0.429215,0.180845,rwanda pen=1.0 phi=0.0 flat
170,620,300,160,True,0.866771,False,0.429215,0.180369,rwanda pen=1.0 phi=0.0 flat
170,640,300,160,True,0.874302,False,0.429215,0.179955,rwanda pen=1.0 phi=0.0 flat
170,660,300,160,True,0.881867,False,0.429215,0.17958,rwanda pen=1.0 phi=0.0 flat
170,680,300,160,True,0.889467,False,0.429215,0.179242,rwanda pen=1.0 phi=0.0 flat
170,700,300,160,True,0.897105,False,0.429215,0.178947,rwanda pen=1.0 phi=0.0 flat
170,720,300,160,True,0.904776,False,0.429215,0.178681,rwanda pen=1.0 phi=0.0 flat
170,740,300,160,True,0.912461,False,0.429215,0.178435,rwanda pen=1.0 phi=0.0 flat
170,760,300,160,True,0.920166,False,0.429215,0.17821,rwanda pen=1.0 phi=0.0 flat
170,780,300,160,True,0.92788,False,0.429215,0.177999,rwanda pen=1.0 phi=0.0 flat
170,800,300,160,True,0.935613,False,0.429215,0.17781,rwanda pen=1.0 phi=0.0 flat
170,820,300,160,True,0.943367,False,0.429215,0.177641,rwanda pen=1.0 phi=0.0 flat
170,840,300,160,True,0.951127,False,0.429215,0.177481,rwanda pen=1.0 phi=0.0 flat
170,860,300,160,True,0.958903,False,0.429215,0.177336,rwanda pen=1.0 phi=0.0 flat
170,880,300,160,True,0.966689,False,0.429215,0.177201,rwanda pen=1.0 phi=0.0 flat
170,900,300,160,True,0.974481,False,0.429215,0.177072,rwanda pen=1.0 phi=0.0 flat
170,920,300,160,True,0.982286,False,0.429215,0.176956,rwanda pen=1.0 phi=0.0 flat
170,940,300,160,True,0.990106,False,0.429215,0.176853,rwanda pen=1.0 phi=0.0 flat
170,960,300,160,True,0.997937,False,0.429215,0.176762,rwanda pen=1.0 phi=0.0 flat
170,980,300,160,True,1.00577,False,0.429215,0.176675,rwanda pen=1.0 phi=0.0 flat
170,1000,300,160,True,1.0136,False,0.429215,0.17659,rwanda pen=1.0 phi=0.0 flat
170,1020,300,160,True,1.02143,False,0.429215,0.176504,rwanda pen=1.0 phi=0.0 flat
170,1040,300,160,True,1.02927,False,0.429215,0.176424,rwanda pen=1.0 phi=0.0 flat
170,1060,300,160,True,1.03711,False,0.429215,0.176348,rwanda pen=1.0 phi=0.0 flat
170,1080,300,160,True,1.04496,False,0.429215,0.176276,rwanda pen=1.0 phi=0.0 flat
170,1100,300,160,True,1.05281,False,0.429215,0.17621,rwanda pen=1.0 phi=0.0 flat
170,1120,300,160,True,1.06066,False,0.429215,0.176144,rwanda pen=1.0 phi=0.0 flat
170,1140,300,160,True,1.0685,False,0.429215,0.176079,rwanda pen=1.0 phi=0.0 flat
170,1160,300,160,True,1.07635,False,0.429215,0.176013,rwanda pen=1.0 phi=0.0 flat
170,1180,300,160,True,1.0842,False,0.429215,0.175948,rwanda pen=1.0 phi=0.0 flat
170,1200,300,160,True,1.09204,False,0.429215,0.175882,rwanda pen=1.0 phi=0.0 flat
170,1220,300,160,True,1.09988,False,0.429215,0.175817,rwanda pen=1.0 phi=0.0 flat
170,1240,300,160,True,1.10773,False,0.429215,0.175751,rwanda pen=1.0 phi=0.0 flat
170,1260,300,160,True,1.11557,False,0.429215,0.175688,rwanda pen=1.0 phi=0.0 flat
170,1280,300,160,True,1.12342,False,0.429215,0.175627,rwanda pen=1.0 phi=0.0 flat
170,1300,300,160,True,1.13127,False,0.429215,0.175569,rwanda pen=1.0 phi=0.0 flat
170,1320,300,160,True,1.13912,False,0.429215,0.175512,rwanda pen=1.0 phi=0.0 flat
170,1340,300,160,True,1.14697,False,0.429215,0.175457,rwanda pen=1.0 phi=0.0 flat
170,1360,300,160,True,1.15483,False,0.429215,0.175407,rwanda pen=1.0 phi=0.0 flat
170,1380,300,160,True,1.16269,False,0.429215,0.175362,rwanda pen=1.0 phi=0.0 flat
170,1400,300,160,True,1.17056,False,0.429215,0.17532,rwanda pen=1.0 phi=0.0 flat
175,0,300,160,True,1.22808,False,0.591681,0.552335,rwanda pen=1.0 phi=0.0 flat
175,20,300,160,True,1.17442,False,0.577007,0.52946,rwanda pen=1.0 phi=0.0 flat
175,40,300,160,True,1.12771,False,0.564247,0.507494,rwanda pen=1.0 phi=0.0 flat
175,60,300,160,True,1.08584,False,0.551939,0.485753,rwanda pen=1.0 phi=0.0 flat
175,80,300,160,True,1.048,False,0.539817,0.464136,rwanda pen=1.0 phi=0.0 flat
175,100,300,160,True,1.01367,False,0.527977,0.442668,rwanda pen=1.0 phi=0.0 flat
175,120,300,160,True,0.982416,False,0.516428,0.42137,rwanda pen=1.0 phi=0.0 flat
175,140,300,160,True,0.953912,False,0.505281,0.40028,rwanda pen=1.0 phi=0.0 flat
175,160,300,160,True,0.927832,False,0.494383,0.379424,rwanda pen=1.0 phi=0.0 flat
175,180,300,160,True,0.903915,False,0.483973,0.358827,rwanda pen=1.0 phi=0.0 flat
175,200,300,160,True,0.881957,False,0.474178,0.338546,rwanda pen=1.0 phi=0.0 flat
175,220,300,160,True,0.861812,False,0.465056,0.318646,rwanda pen=1.0 phi=0.0 flat
175,240,300,160,True,0.843556,False,0.456551,0.299254,rwanda pen=1.0 phi=0.0 flat
175,260,300,160,True,0.828211,False,0.448878,0.280828,rwanda pen=1.0 phi=0.0 flat
175,280,300,160,True,0.816608,False,0.442194,0.263839,rwanda pen=1.0 phi=0.0 flat
175,300,300,160,True,0.808302,False,0.436192,0.248374,rwanda pen=1.0 phi=0.0 flat
175,320,300,160,True,0.802718,False,0.430992,0.234462,rwanda pen=1.0 phi=0.0 flat
175,340,300,160,True,0.799342,False,0.42669,0.22208,rwanda pen=1.0 phi=0.0 flat
175,360,300,160,True,0.79787,False,0.423146,0.211233,rwanda pen=1.0 phi=0.0 flat
175,380,300,160,True,0.797995,False,0.420266,0.201836,rwanda pen=1.0 phi=0.0 flat
175,400,300,160,True,0.799522,False,0.418127,0.193866,rwanda pen=1.0 phi=0.0 flat
175,420,300,160,True,0.802314,False,0.416387,0.187302,rwanda pen=1.0 phi=0.0 flat
175,440,300,160,True,0.806275,False,0.415106,0.182132,rwanda pen=1.0 phi=0.0 flat
175,460,300,160,True,0.811243,False,0.41434,0.178232,rwanda pen=1.0 phi=0.0 flat
175,480,300,160,True,0.816994,False,0.413777,0.175364,rwanda pen=1.0 phi=0.0 flat
175,500,300,160,True,0.823264,False,0.413468,0.173234,rwanda pen=1.0 phi=0.0 flat
175,520,300,160,True,0.829898,False,0.41327,0.171637,rwanda pen=1.0 phi=0.0 flat
175,540,300,160,True,0.836764,False,0.413238,0.170401,rwanda pen=1.0 phi=0.0 flat
175,560,300,160,True,0.843822,False,0.413238,0.169444,rwanda pen=1.0 phi=0.0 flat
175,580,300,160,True,0.851019,False,0.413238,0.168688,rwanda pen=1.0 phi=0.0 flat
175,600,300,160,True,0.858334,False,0.413238,0.16808,rwanda pen=1.0 phi=0.0 flat
175,620,300,160,True,0.865711,False,0.413238,0.16755,rwanda pen=1.0 phi=0.0 flat
175,640,300,160,True,0.873154,False,0.413238,0.167094,rwanda pen=1.0 phi=0.0 flat
175,660,300,160,True,0.880648,False,0.413238,0.166695,rwanda pen=1.0 phi=0.0 flat
175,680,300,160,True,0.88818,False,0.413238,0.166337,rwanda pen=1.0 phi=0.0 flat
175,700,300,160,True,0.895749,False,0.413238,0.166021,rwanda pen=1.0 phi=0.0 flat
175,720,300,160,True,0.903331,False,0.413238,0.165723,rwanda pen=1.0 phi=0.0 flat
175,740,300,160,True,0.910932,False,0.413238,0.165449,rwanda pen=1.0 phi=0.0 flat
175,760,300,160,True,0.918557,False,0.413238,0.165203,rwanda pen=1.0 phi=0.0 flat
175,780,300,160,True,0.926209,False,0.413238,0.164982,rwanda pen=1.0 phi=0.0 flat
175,800,300,160,True,0.933878,False,0.413238,0.164781,rwanda pen=1.0 phi=0.0 flat
175,820,300,160,True,0.941564,False,0.413238,0.164597,rwanda pen=1.0 phi=0.0 flat
175,840,300,160,True,0.949255,False,0.413238,0.164424,rwanda pen=1.0 phi=0.0 flat
175,860,300,160,True,0.956953,False,0.413238,0.164259,rwanda pen=1.0 phi=0.0 flat
175,880,300,160,True,0.964671,False,0.413238,0.164116,rwanda pen=1.0 phi=0.0 flat
175,900,300,160,True,0.972403,False,0.413238,0.163988,rwanda pen=1.0 phi=0.0 flat
175,920,300,160,True,0.980139,False,0.413238,0.163867,rwanda pen=1.0 phi=0.0 flat
175,940,300,160,True,0.987887,False,0.413238,0.163758,rwanda pen=1.0 phi=0.0 flat
175,960,300,160,True,0.995647,False,0.413238,0.163663,rwanda pen=1.0 phi=0.0 flat
175,980,300,160,True,1.00341,False,0.413238,0.163572,rwanda pen=1.0 phi=0.0 flat
175,1000,300,160,True,1.01118,False,0.413238,0.163485,rwanda pen=1.0 phi=0.0 flat
175,1020,300,160,True,1.01895,False,0.413238,0.163399,rwanda pen=1.0 phi=0.0 flat
175,1040,300,160,True,1.02672,False,0.413238,0.163314,rwanda pen=1.0 phi=0.0 flat
175,1060,300,160,True,1.03448,False,0.413238,0.163229,rwanda pen=1.0 phi=0.0 flat
175,1080,300,160,True,1.04225,False,0.413238,0.163146,rwanda pen=1.0 phi=0.0 flat
175,1100,300,160,True,1.05002,False,0.413238,0.163065,rwanda pen=1.0 phi=0.0 flat
175,1120,300,160,True,1.0578,False,0.413238,0.162991,rwanda pen=1.0 phi=0.0 flat
175,1140,300,160,True,1.06558,False,0.413238,0.16292,rwanda pen=1.0 phi=0.0 flat
175,1160,300,160,True,1.07336,False,0.413238,0.162858,rwanda pen=1.0 phi=0.0 flat
175,1180,300,160,True,1.08115,False,0.413238,0.162799,rwanda pen=1.0 phi=0.0 flat
175,1200,300,160,True,1.08894,False,0.413238,0.16274,rwanda pen=1.0 phi=0.0 flat
175,1220,300,160,True,1.09673,False,0.413238,0.162681,rwanda pen=1.0 phi=0.0 flat
175,1240,300,160,True,1.10452,False,0.413238,0.162624,rwanda pen=1.0 phi=0.0 flat
175,1260,300,160,True,1.11231,False,0.413238,0.162569,rwanda pen=1.0 phi=0.0 flat
175,1280,300,160,True,1.1201,False,0.413238,0.162513,rwanda pen=1.0 phi=0.0 flat
175,1300,300,160,True,1.12789,False,0.413238,0.16246,rwanda pen=1.0 phi=0.0 flat
175,1320,300,160,True,1.13568,False,0.413238,0.162407,rwanda pen=1.0 phi=0.0 flat
175,1340,300,160,True,1.14347,False,0.413238,0.162355,rwanda pen=1.0 phi=0.0 flat
175,1360,300,160,True,1.15126,False,0.413238,0.162303,rwanda pen=1.0 phi=0.0 flat
175,1380,300,160,True,1.15905,False,0.413238,0.162252,rwanda pen=1.0 phi=0.0 flat
175,1400,300,160,True,1.16684,False,0.413238,0.162203,rwanda pen=1.0 phi=0.0 flat
180,0,300,160,True,1.23562,False,0.588218,0.550033,rwanda pen=1.0 phi=0.0 flat
180,20,300,160,True,1.18185,False,0.573528,0.527205,rwanda pen=1.0 phi=0.0 flat
180,40,300,160,True,1.13492,False,0.560766,0.505222,rwanda pen=1.0 phi=0.0 flat
180,60,300,160,True,1.09281,False,0.548403,0.483445,rwanda pen=1.0 phi=0.0 flat
180,80,300,160,True,1.05474,False,0.536198,0.461782,rwanda pen=1.0 phi=0.0 flat
180,100,300,160,True,1.02016,False,0.524239,0.440248,rwanda pen=1.0 phi=0.0 flat
180,120,300,160,True,0.988655,False,0.512491,0.418864,rwanda pen=1.0 phi=0.0 flat
180,140,300,160,True,0.959875,False,0.501132,0.397655,rwanda pen=1.0 phi=0.0 flat
180,160,300,160,True,0.933529,False,0.490103,0.376663,rwanda pen=1.0 phi=0.0 flat
180,180,300,160,True,0.909334,False,0.479357,0.355896,rwanda pen=1.0 phi=0.0 flat
180,200,300,160,True,0.887085,False,0.469093,0.335395,rwanda pen=1.0 phi=0.0 flat
180,220,300,160,True,0.866614,False,0.459447,0.315217,rwanda pen=1.0 phi=0.0 flat
180,240,300,160,True,0.84801,False,0.450439,0.295482,rwanda pen=1.0 phi=0.0 flat
180,260,300,160,True,0.832335,False,0.442011,0.276652,rwanda pen=1.0 phi=0.0 flat
180,280,300,160,True,0.820436,False,0.434393,0.259215,rwanda pen=1.0 phi=0.0 flat
180,300,300,160,True,0.811839,False,0.427712,0.243262,rwanda pen=1.0 phi=0.0 flat
180,320,300,160,True,0.805937,False,0.421654,0.228796,rwanda pen=1.0 phi=0.0 flat
180,340,300,160,True,0.802239,False,0.416352,0.215798,rwanda pen=1.0 phi=0.0 flat
180,360,300,160,True,0.800394,False,0.411948,0.204276,rwanda pen=1.0 phi=0.0 flat
180,380,300,160,True,0.800148,False,0.408282,0.1942,rwanda pen=1.0 phi=0.0 flat
180,400,300,160,True,0.80133,False,0.405271,0.185552,rwanda pen=1.0 phi=0.0 flat
180,420,300,160,True,0.803779,False,0.402929,0.178322,rwanda pen=1.0 phi=0.0 flat
180,440,300,160,True,0.807397,False,0.40106,0.172512,rwanda pen=1.0 phi=0.0 flat
180,460,300,160,True,0.81204,False,0.399574,0.168012,rwanda pen=1.0 phi=0.0 flat
180,480,300,160,True,0.817535,False,0.39867,0.164667,rwanda pen=1.0 phi=0.0 flat
180,500,300,160,True,0.823618,False,0.398052,0.162175,rwanda pen=1.0 phi=0.0 flat
180,520,300,160,True,0.830082,False,0.397639,0.160272,rwanda pen=1.0 phi=0.0 flat
180,540,300,160,True,0.836804,False,0.397397,0.158791,rwanda pen=1.0 phi=0.0 flat
180,560,300,160,True,0.843726,False,0.397294,0.157638,rwanda pen=1.0 phi=0.0 flat
180,580,300,160,True,0.850817,False,0.397293,0.156748,rwanda pen=1.0 phi=0.0 flat
180,600,300,160,True,0.858034,False,0.397293,0.156051,rwanda pen=1.0 phi=0.0 flat
180,620,300,160,True,0.865346,False,0.397293,0.155482,rwanda pen=1.0 phi=0.0 flat
180,640,300,160,True,0.87271,False,0.397293,0.154977,rwanda pen=1.0 phi=0.0 flat
180,660,300,160,True,0.880125,False,0.397293,0.154532,rwanda pen=1.0 phi=0.0 flat
180,680,300,160,True,0.887587,False,0.397293,0.154144,rwanda pen=1.0 phi=0.0 flat
180,700,300,160,True,0.895078,False,0.397293,0.153792,rwanda pen=1.0 phi=0.0 flat
180,720,300,160,True,0.902593,False,0.397293,0.153469,rwanda pen=1.0 phi=0.0 flat
180,740,300,160,True,0.910136,False,0.397293,0.153182,rwanda pen=1.0 phi=0.0 flat
180,760,300,160,True,0.917709,False,0.397293,0.152925,rwanda pen=1.0 phi=0.0 flat
180,780,300,160,True,0.925295,False,0.397293,0.152687,rwanda pen=1.0 phi=0.0 flat
180,800,300,160,True,0.932893,False,0.397293,0.152465,rwanda pen=1.0 phi=0.0 flat
180,820,300,160,True,0.940505,False,0.397293,0.152263,rwanda pen=1.0 phi=0.0 flat
180,840,300,160,True,0.948128,False,0.397293,0.152077,rwanda pen=1.0 phi=0.0 flat
180,860,300,160,True,0.955771,False,0.397293,0.151911,rwanda pen=1.0 phi=0.0 flat
180,880,300,160,True,0.963422,False,0.397293,0.151757,rwanda pen=1.0 phi=0.0 flat
180,900,300,160,True,0.97108,False,0.397293,0.151613,rwanda pen=1.0 phi=0.0 flat
180,920,300,160,True,0.97875,False,0.397293,0.15148,rwanda pen=1.0 phi=0.0 flat
180,940,300,160,True,0.986427,False,0.397293,0.151356,rwanda pen=1.0 phi=0.0 flat
180,960,300,160,True,0.994115,False,0.397293,0.151243,rwanda pen=1.0 phi=0.0 flat
180,980,300,160,True,1.00181,False,0.397293,0.15114,rwanda pen=1.0 phi=0.0 flat
180,1000,300,160,True,1.00952,False,0.397293,0.151045,rwanda pen=1.0 phi=0.0 flat
180,1020,300,160,True,1.01723,False,0.397293,0.150958,rwanda pen=1.0 phi=0.0 flat
180,1040,300,160,True,1.02494,False,0.397293,0.150873,rwanda pen=1.0 phi=0.0 flat
180,1060,300,160,True,1.03265,False,0.397293,0.150787,rwanda pen=1.0 phi=0.0 flat
180,1080,300,160,True,1.04036,False,0.397293,0.150702,rwanda pen=1.0 phi=0.0 flat
180,1100,300,160,True,1.04807,False,0.397293,0.150623,rwanda pen=1.0 phi=0.0 flat
180,1120,300,160,True,1.05579,False,0.397293,0.150547,rwanda pen=1.0 phi=0.0 flat
180,1140,300,160,True,1.0635,False,0.397293,0.150474,rwanda pen=1.0 phi=0.0 flat
180,1160,300,160,True,1.07123,False,0.397293,0.150408,rwanda pen=1.0 phi=0.0 flat
180,1180,300,160,True,1.07895,False,0.397293,0.150343,rwanda pen=1.0 phi=0.0 flat
180,1200,300,160,True,1.08667,False,0.397293,0.150277,rwanda pen=1.0 phi=0.0 flat
180,1220,300,160,True,1.0944,False,0.397293,0.150211,rwanda pen=1.0 phi=0.0 flat
180,1240,300,160,True,1.10212,False,0.397293,0.150146,rwanda pen=1.0 phi=0.0 flat
180,1260,300,160,True,1.10983,False,0.397293,0.15008,rwanda pen=1.0 phi=0.0 flat
180,1280,300,160,True,1.11755,False,0.397293,0.150015,rwanda pen=1.0 phi=0.0 flat
180,1300,300,160,True,1.12527,False,0.397293,0.149949,rwanda pen=1.0 phi=0.0 flat
180,1320,300,160,True,1.13299,False,0.397293,0.149884,rwanda pen=1.0 phi=0.0 flat
180,1340,300,160,True,1.14071,False,0.397293,0.149822,rwanda pen=1.0 phi=0.0 flat
180,1360,300,160,True,1.14843,False,0.397293,0.149764,rwanda pen=1.0 phi=0.0 flat
180,1380,300,160,True,1.15615,False,0.397293,0.149705,rwanda pen=1.0 phi=0.0 flat
180,1400,300,160,True,1.16388,False,0.397293,0.149649,rwanda pen=1.0 phi=0.0 flat
185,0,300,160,True,1.24334,False,0.585008,0.547855,rwanda pen=1.0 phi=0.0 flat
185,20,300,160,True,1.18945,False,0.570387,0.525076,rwanda pen=1.0 phi=0.0 flat
185,40,300,160,True,1.14228,False,0.55757,0.503077,rwanda pen=1.0 phi=0.0 flat
185,60,300,160,True,1.09993,False,0.545148,0.481268,rwanda pen=1.0 phi=0.0 flat
185,80,300,160,True,1.06162,False,0.532874,0.459566,rwanda pen=1.0 phi=0.0 flat
185,100,300,160,True,1.02679,False,0.520832,0.437974,rwanda pen=1.0 phi=0.0 flat
185,120,300,160,True,0.995035,False,0.508959,0.416519,rwanda pen=1.0 phi=0.0 flat
185,140,300,160,True,0.965989,False,0.497356,0.395208,rwanda pen=1.0 phi=0.0 flat
185,160,300,160,True,0.939376,False,0.486133,0.374088,rwanda pen=1.0 phi=0.0 flat
185,180,300,160,True,0.914917,False,0.475225,0.353178,rwanda pen=1.0 phi=0.0 flat
185,200,300,160,True,0.892392,False,0.464618,0.332496,rwanda pen=1.0 phi=0.0 flat
185,220,300,160,True,0.871632,False,0.454511,0.31209,rwanda pen=1.0 phi=0.0 flat
185,240,300,160,True,0.852721,False,0.444938,0.292072,rwanda pen=1.0 phi=0.0 flat
185,260,300,160,True,0.836763,False,0.436039,0.272909,rwanda pen=1.0 phi=0.0 flat
185,280,300,160,True,0.824595,False,0.427655,0.255088,rwanda pen=1.0 phi=0.0 flat
185,300,300,160,True,0.815724,False,0.420048,0.238702,rwanda pen=1.0 phi=0.0 flat
185,320,300,160,True,0.809535,False,0.413339,0.223755,rwanda pen=1.0 phi=0.0 flat
185,340,300,160,True,0.805561,False,0.407222,0.21024,rwanda pen=1.0 phi=0.0 flat
185,360,300,160,True,0.803396,False,0.401825,0.198115,rwanda pen=1.0 phi=0.0 flat
185,380,300,160,True,0.802819,False,0.397295,0.187408,rwanda pen=1.0 phi=0.0 flat
185,400,300,160,True,0.803666,False,0.39351,0.178122,rwanda pen=1.0 phi=0.0 flat
185,420,300,160,True,0.805793,False,0.390351,0.170257,rwanda pen=1.0 phi=0.0 flat
185,440,300,160,True,0.809099,False,0.387799,0.163828,rwanda pen=1.0 phi=0.0 flat
185,460,300,160,True,0.813446,False,0.385787,0.158754,rwanda pen=1.0 phi=0.0 flat
185,480,300,160,True,0.818671,False,0.384165,0.154889,rwanda pen=1.0 phi=0.0 flat
185,500,300,160,True,0.824544,False,0.38305,0.151971,rwanda pen=1.0 phi=0.0 flat
185,520,300,160,True,0.830813,False,0.382368,0.149703,rwanda pen=1.0 phi=0.0 flat
185,540,300,160,True,0.837382,False,0.381853,0.147942,rwanda pen=1.0 phi=0.0 flat
185,560,300,160,True,0.844194,False,0.381572,0.146594,rwanda pen=1.0 phi=0.0 flat
185,580,300,160,True,0.851173,False,0.381399,0.145534,rwanda pen=1.0 phi=0.0 flat
185,600,300,160,True,0.858289,False,0.381374,0.144702,rwanda pen=1.0 phi=0.0 flat
185,620,300,160,True,0.865513,False,0.381374,0.144044,rwanda pen=1.0 phi=0.0 flat
185,640,300,160,True,0.872816,False,0.381374,0.143499,rwanda pen=1.0 phi=0.0 flat
185,660,300,160,True,0.880163,False,0.381374,0.143018,rwanda pen=1.0 phi=0.0 flat
185,680,300,160,True,0.887556,False,0.381374,0.142593,rwanda pen=1.0 phi=0.0 flat
185,700,300,160,True,0.894981,False,0.381374,0.14221,rwanda pen=1.0 phi=0.0 flat
185,720,300,160,True,0.902433,False,0.381374,0.141861,rwanda pen=1.0 phi=0.0 flat
185,740,300,160,True,0.909917,False,0.381374,0.141551,rwanda pen=1.0 phi=0.0 flat
185,760,300,160,True,0.917412,False,0.381374,0.141259,rwanda pen=1.0 phi=0.0 flat
185,780,300,160,True,0.92493,False,0.381374,0.140998,rwanda pen=1.0 phi=0.0 flat
185,800,300,160,True,0.932465,False,0.381374,0.14076,rwanda pen=1.0 phi=0.0 flat
185,820,300,160,True,0.940023,False,0.381374,0.140546,rwanda pen=1.0 phi=0.0 flat
185,840,300,160,True,0.947597,False,0.381374,0.14035,rwanda pen=1.0 phi=0.0 flat
185,860,300,160,True,0.95519,False,0.381374,0.140177,rwanda pen=1.0 phi=0.0 flat
185,880,300,160,True,0.96279,False,0.381374,0.140016,rwanda pen=1.0 phi=0.0 flat
185,900,300,160,True,0.970397,False,0.381374,0.139864,rwanda pen=1.0 phi=0.0 flat
185,920,300,160,True,0.978014,False,0.381374,0.139727,rwanda pen=1.0 phi=0.0 flat
185,940,300,160,True,0.985646,False,0.381374,0.139606,rwanda pen=1.0 phi=0.0 flat
185,960,300,160,True,0.993282,False,0.381374,0.139492,rwanda pen=1.0 phi=0.0 flat
185,980,300,160,True,1.00092,False,0.381374,0.139381,rwanda pen=1.0 phi=0.0 flat
185,1000,300,160,True,1.00856,False,0.381374,0.139277,rwanda pen=1.0 phi=0.0 flat
185,1020,300,160,True,1.01621,False,0.381374,0.139181,rwanda pen=1.0 phi=0.0 flat
185,1040,300,160,True,1.02386,False,0.381374,0.139089,rwanda pen=1.0 phi=0.0 flat
185,1060,300,160,True,1.03152,False,0.381374,0.139004,rwanda pen=1.0 phi=0.0 flat
185,1080,300,160,True,1.03918,False,0.381374,0.138921,rwanda pen=1.0 phi=0.0 flat
185,1100,300,160,True,1.04684,False,0.381374,0.138842,rwanda pen=1.0 phi=0.0 flat
185,1120,300,160,True,1.0545,False,0.381374,0.138763,rwanda pen=1.0 phi=0.0 flat
185,1140,300,160,True,1.06216,False,0.381374,0.138684,rwanda pen=1.0 phi=0.0 flat
185,1160,300,160,True,1.06982,False,0.381374,0.138605,rwanda pen=1.0 phi=0.0 flat
185,1180,300,160,True,1.07749,False,0.381374,0.13853,rwanda pen=1.0 phi=0.0 flat
185,1200,300,160,True,1.08515,False,0.381374,0.138461,rwanda pen=1.0 phi=0.0 flat
185,1220,300,160,True,1.09282,False,0.381374,0.138395,rwanda pen=1.0 phi=0.0 flat
185,1240,300,160,True,1.1005,False,0.381374,0.138336,rwanda pen=1.0 phi=0.0 flat
185,1260,300,160,True,1.10817,False,0.381374,0.138277,rwanda pen=1.0 phi=0.0 flat
185,1280,300,160,True,1.11585,False,0.381374,0.138219,rwanda pen=1.0 phi=0.0 flat
185,1300,300,160,True,1.12352,False,0.381374,0.13816,rwanda pen=1.0 phi=0.0 flat
185,1320,300,160,True,1.1312,False,0.381374,0.138105,rwanda pen=1.0 phi=0.0 flat
185,1340,300,160,True,1.13887,False,0.381374,0.138049,rwanda pen=1.0 phi=0.0 flat
185,1360,300,160,True,1.14655,False,0.381374,0.137996,rwanda pen=1.0 phi=0.0 flat
185,1380,300,160,True,1.15423,False,0.381374,0.137944,rwanda pen=1.0 phi=0.0 flat
185,1400,300,160,True,1.1619,False,0.381374,0.137892,rwanda pen=1.0 phi=0.0 flat
190,0,300,160,True,1.25123,False,0.58204,0.545785,rwanda pen=1.0 phi=0.0 flat
190,20,300,160,True,1.19719,False,0.567508,0.523055,rwanda pen=1.0 phi=0.0 flat
190,40,300,160,True,1.14978,False,0.554618,0.501039,rwanda pen=1.0 phi=0.0 flat
190,60,300,160,True,1.10718,False,0.542131,0.479202,rwanda pen=1.0 phi=0.0 flat
190,80,300,160,True,1.06861,False,0.529818,0.457465,rwanda pen=1.0 phi=0.0 flat
190,100,300,160,True,1.03354,False,0.517692,0.435825,rwanda pen=1.0 phi=0.0 flat
190,120,300,160,True,1.00153,False,0.505751,0.414305,rwanda pen=1.0 phi=0.0 flat
190,140,300,160,True,0.972237,False,0.493959,0.392914,rwanda pen=1.0 phi=0.0 flat
190,160,300,160,True,0.945357,False,0.482504,0.371681,rwanda pen=1.0 phi=0.0 flat
190,180,300,160,True,0.92064,False,0.471391,0.350643,rwanda pen=1.0 phi=0.0 flat
190,200,300,160,True,0.897851,False,0.460613,0.329807,rwanda pen=1.0 phi=0.0 flat
190,220,300,160,True,0.876823,False,0.450101,0.309211,rwanda pen=1.0 phi=0.0 flat
190,240,300,160,True,0.857645,False,0.440078,0.288965,rwanda pen=1.0 phi=0.0 flat
190,260,300,160,True,0.841443,False,0.430599,0.269525,rwanda pen=1.0 phi=0.0 flat
190,280,300,160,True,0.829029,False,0.421756,0.251382,rwanda pen=1.0 phi=0.0 flat
190,300,300,160,True,0.819912,False,0.413412,0.234628,rwanda pen=1.0 phi=0.0 flat
190,320,300,160,True,0.813471,False,0.405804,0.219261,rwanda pen=1.0 phi=0.0 flat
190,340,300,160,True,0.809236,False,0.399047,0.205286,rwanda pen=1.0 phi=0.0 flat
190,360,300,160,True,0.806821,False,0.392878,0.192669,rwanda pen=1.0 phi=0.0 flat
190,380,300,160,True,0.805939,False,0.387385,0.181385,rwanda pen=1.0 phi=0.0 flat
190,400,300,160,True,0.806458,False,0.382713,0.171491,rwanda pen=1.0 phi=0.0 flat
190,420,300,160,True,0.808303,False,0.378785,0.163049,rwanda pen=1.0 phi=0.0 flat
190,440,300,160,True,0.811338,False,0.375473,0.156053,rwanda pen=1.0 phi=0.0 flat
190,460,300,160,True,0.815426,False,0.372714,0.150435,rwanda pen=1.0 phi=0.0 flat
190,480,300,160,True,0.820413,False,0.370586,0.146069,rwanda pen=1.0 phi=0.0 flat
190,500,300,160,True,0.826042,False,0.368834,0.142677,rwanda pen=1.0 phi=0.0 flat
190,520,300,160,True,0.832124,False,0.367508,0.140025,rwanda pen=1.0 phi=0.0 flat
190,540,300,160,True,0.838557,False,0.366728,0.137976,rwanda pen=1.0 phi=0.0 flat
190,560,300,160,True,0.845236,False,0.366144,0.136371,rwanda pen=1.0 phi=0.0 flat
190,580,300,160,True,0.852101,False,0.365786,0.13511,rwanda pen=1.0 phi=0.0 flat
190,600,300,160,True,0.859103,False,0.365554,0.134102,rwanda pen=1.0 phi=0.0 flat
190,620,300,160,True,0.866231,False,0.365481,0.133315,rwanda pen=1.0 phi=0.0 flat
190,640,300,160,True,0.873448,False,0.36548,0.132687,rwanda pen=1.0 phi=0.0 flat
190,660,300,160,True,0.880746,False,0.36548,0.132174,rwanda pen=1.0 phi=0.0 flat
190,680,300,160,True,0.888079,False,0.36548,0.131711,rwanda pen=1.0 phi=0.0 flat
190,700,300,160,True,0.895446,False,0.36548,0.131295,rwanda pen=1.0 phi=0.0 flat
190,720,300,160,True,0.902841,False,0.36548,0.130918,rwanda pen=1.0 phi=0.0 flat
190,740,300,160,True,0.910261,False,0.36548,0.130576,rwanda pen=1.0 phi=0.0 flat
190,760,300,160,True,0.917706,False,0.36548,0.130266,rwanda pen=1.0 phi=0.0 flat
190,780,300,160,True,0.925173,False,0.36548,0.129987,rwanda pen=1.0 phi=0.0 flat
190,800,300,160,True,0.93266,False,0.36548,0.129732,rwanda pen=1.0 phi=0.0 flat
190,820,300,160,True,0.940164,False,0.36548,0.129502,rwanda pen=1.0 phi=0.0 flat
190,840,300,160,True,0.947673,False,0.36548,0.129282,rwanda pen=1.0 phi=0.0 flat
190,860,300,160,True,0.955198,False,0.36548,0.129083,rwanda pen=1.0 phi=0.0 flat
190,880,300,160,True,0.962732,False,0.36548,0.128898,rwanda pen=1.0 phi=0.0 flat
190,900,300,160,True,0.970277,False,0.36548,0.12873,rwanda pen=1.0 phi=0.0 flat
190,920,300,160,True,0.977843,False,0.36548,0.128586,rwanda pen=1.0 phi=0.0 flat
190,940,300,160,True,0.985417,False,0.36548,0.128454,rwanda pen=1.0 phi=0.0 flat
190,960,300,160,True,0.993001,False,0.36548,0.128333,rwanda pen=1.0 phi=0.0 flat
190,980,300,160,True,1.00059,False,0.36548,0.128222,rwanda pen=1.0 phi=0.0 flat
190,1000,300,160,True,1.00819,False,0.36548,0.128118,rwanda pen=1.0 phi=0.0 flat
190,1020,300,160,True,1.01579,False,0.36548,0.128018,rwanda pen=1.0 phi=0.0 flat
190,1040,300,160,True,1.0234,False,0.36548,0.127924,rwanda pen=1.0 phi=0.0 flat
190,1060,300,160,True,1.03101,False,0.36548,0.127838,rwanda pen=1.0 phi=0.0 flat
190,1080,300,160,True,1.03862,False,0.36548,0.127754,rwanda pen=1.0 phi=0.0 flat
190,1100,300,160,True,1.04623,False,0.36548,0.12767,rwanda pen=1.0 phi=0.0 flat
190,1120,300,160,True,1.05385,False,0.36548,0.127588,rwanda pen=1.0 phi=0.0 flat
190,1140,300,160,True,1.06146,False,0.36548,0.127508,rwanda pen=1.0 phi=0.0 flat
190,1160,300,160,True,1.06907,False,0.36548,0.127429,rwanda pen=1.0 phi=0.0 flat
190,1180,300,160,True,1.07669,False,0.36548,0.127355,rwanda pen=1.0 phi=0.0 flat
190,1200,300,160,True,1.0843,False,0.36548,0.127284,rwanda pen=1.0 phi=0.0 flat
190,1220,300,160,True,1.09192,False,0.36548,0.127216,rwanda pen=1.0 phi=0.0 flat
190,1240,300,160,True,1.09955,False,0.36548,0.127152,rwanda pen=1.0 phi=0.0 flat
190,1260,300,160,True,1.10717,False,0.36548,0.127088,rwanda pen=1.0 phi=0.0 flat
190,1280,300,160,True,1.11479,False,0.36548,0.127025,rwanda pen=1.0 phi=0.0 flat
190,1300,300,160,True,1.12241,False,0.36548,0.126962,rwanda pen=1.0 phi=0.0 flat
190,1320,300,160,True,1.13004,False,0.36548,0.126901,rwanda pen=1.0 phi=0.0 flat
190,1340,300,160,True,1.13766,False,0.36548,0.126842,rwanda pen=1.0 phi=0.0 flat
190,1360,300,160,True,1.14528,False,0.36548,0.126783,rwanda pen=1.0 phi=0.0 flat
190,1380,300,160,True,1.15291,False,0.36548,0.126724,rwanda pen=1.0 phi=0.0 flat
190,1400,300,160,True,1.16053,False,0.36548,0.126665,rwanda pen=1.0 phi=0.0 flat
195,0,300,160,True,1.25928,False,0.579279,0.543815,rwanda pen=1.0 phi=0.0 flat
195,20,300,160,True,1.20506,False,0.564827,0.52113,rwanda pen=1.0 phi=0.0 flat
195,40,300,160,True,1.1574,False,0.551884,0.499105,rwanda pen=1.0 phi=0.0 flat
195,60,300,160,True,1.11454,False,0.539334,0.477242,rwanda pen=1.0 phi=0.0 flat
195,80,300,160,True,1.07572,False,0.526975,0.455474,rwanda pen=1.0 phi=0.0 flat
195,100,300,160,True,1.0404,False,0.514761,0.433792,rwanda pen=1.0 phi=0.0 flat
195,120,300,160,True,1.00814,False,0.502774,0.412215,rwanda pen=1.0 phi=0.0 flat
195,140,300,160,True,0.978598,False,0.49085,0.390756,rwanda pen=1.0 phi=0.0 flat
195,160,300,160,True,0.951462,False,0.479199,0.36943,rwanda pen=1.0 phi=0.0 flat
195,180,300,160,True,0.926489,False,0.467846,0.348272,rwanda pen=1.0 phi=0.0 flat
195,200,300,160,True,0.903445,False,0.456822,0.3273,rwanda pen=1.0 phi=0.0 flat
195,220,300,160,True,0.88216,False,0.446137,0.306543,rwanda pen=1.0 phi=0.0 flat
195,240,300,160,True,0.862738,False,0.435711,0.286107,rwanda pen=1.0 phi=0.0 flat
195,260,300,160,True,0.846327,False,0.425733,0.266447,rwanda pen=1.0 phi=0.0 flat
195,280,300,160,True,0.833701,False,0.416358,0.248032,rwanda pen=1.0 phi=0.0 flat
195,300,300,160,True,0.824363,False,0.407542,0.230964,rwanda pen=1.0 phi=0.0 flat
195,320,300,160,True,0.817685,False,0.399231,0.215239,rwanda pen=1.0 phi=0.0 flat
195,340,300,160,True,0.813207,False,0.391616,0.200854,rwanda pen=1.0 phi=0.0 flat
195,360,300,160,True,0.810573,False,0.384817,0.187811,rwanda pen=1.0 phi=0.0 flat
195,380,300,160,True,0.809444,False,0.378585,0.176045,rwanda pen=1.0 phi=0.0 flat
195,400,300,160,True,0.809678,False,0.373,0.165608,rwanda pen=1.0 phi=0.0 flat
195,420,300,160,True,0.811239,False,0.368196,0.15661,rwanda pen=1.0 phi=0.0 flat
195,440,300,160,True,0.81403,False,0.3641,0.149089,rwanda pen=1.0 phi=0.0 flat
195,460,300,160,True,0.817879,False,0.360627,0.142958,rwanda pen=1.0 phi=0.0 flat
195,480,300,160,True,0.822634,False,0.357702,0.138092,rwanda pen=1.0 phi=0.0 flat
195,500,300,160,True,0.828062,False,0.355427,0.134261,rwanda pen=1.0 phi=0.0 flat
195,520,300,160,True,0.833963,False,0.353557,0.13122,rwanda pen=1.0 phi=0.0 flat
195,540,300,160,True,0.840234,False,0.352051,0.128823,rwanda pen=1.0 phi=0.0 flat
195,560,300,160,True,0.846757,False,0.351123,0.12691,rwanda pen=1.0 phi=0.0 flat
195,580,300,160,True,0.853495,False,0.350482,0.125409,rwanda pen=1.0 phi=0.0 flat
195,600,300,160,True,0.860393,False,0.350041,0.12422,rwanda pen=1.0 phi=0.0 flat
195,620,300,160,True,0.867418,False,0.349772,0.123277,rwanda pen=1.0 phi=0.0 flat
195,640,300,160,True,0.874548,False,0.349628,0.122522,rwanda pen=1.0 phi=0.0 flat
195,660,300,160,True,0.881764,False,0.349606,0.12192,rwanda pen=1.0 phi=0.0 flat
195,680,300,160,True,0.889043,False,0.349606,0.121417,rwanda pen=1.0 phi=0.0 flat
195,700,300,160,True,0.896364,False,0.349606,0.120978,rwanda pen=1.0 phi=0.0 flat
195,720,300,160,True,0.903716,False,0.349606,0.120582,rwanda pen=1.0 phi=0.0 flat
195,740,300,160,True,0.911087,False,0.349606,0.120215,rwanda pen=1.0 phi=0.0 flat
195,760,300,160,True,0.918475,False,0.349606,0.119876,rwanda pen=1.0 phi=0.0 flat
195,780,300,160,True,0.925886,False,0.349606,0.119568,rwanda pen=1.0 phi=0.0 flat
195,800,300,160,True,0.933309,False,0.349606,0.11928,rwanda pen=1.0 phi=0.0 flat
195,820,300,160,True,0.940742,False,0.349606,0.119011,rwanda pen=1.0 phi=0.0 flat
195,840,300,160,True,0.948196,False,0.349606,0.118772,rwanda pen=1.0 phi=0.0 flat
195,860,300,160,True,0.955668,False,0.349606,0.118556,rwanda pen=1.0 phi=0.0 flat
195,880,300,160,True,0.963159,False,0.349606,0.11836,rwanda pen=1.0 phi=0.0 flat
195,900,300,160,True,0.970673,False,0.349606,0.118192,rwanda pen=1.0 phi=0.0 flat
195,920,300,160,True,0.978199,False,0.349606,0.118043,rwanda pen=1.0 phi=0.0 flat
195,940,300,160,True,0.985729,False,0.349606,0.1179,rwanda pen=1.0 phi=0.0 flat
195,960,300,160,True,0.993263,False,0.349606,0.117768,rwanda pen=1.0 phi=0.0 flat
195,980,300,160,True,1.00081,False,0.349606,0.117651,rwanda pen=1.0 phi=0.0 flat
195,1000,300,160,True,1.00837,False,0.349606,0.11755,rwanda pen=1.0 phi=0.0 flat
195,1020,300,160,True,1.01593,False,0.349606,0.117449,rwanda pen=1.0 phi=0.0 flat
195,1040,300,160,True,1.02349,False,0.349606,0.117354,rwanda pen=1.0 phi=0.0 flat
195,1060,300,160,True,1.03105,False,0.349606,0.11726,rwanda pen=1.0 phi=0.0 flat
195,1080,300,160,True,1.03861,False,0.349606,0.117168,rwanda pen=1.0 phi=0.0 flat
195,1100,300,160,True,1.04617,False,0.349606,0.117078,rwanda pen=1.0 phi=0.0 flat
195,1120,300,160,True,1.05374,False,0.349606,0.116989,rwanda pen=1.0 phi=0.0 flat
195,1140,300,160,True,1.06131,False,0.349606,0.116912,rwanda pen=1.0 phi=0.0 flat
195,1160,300,160,True,1.06888,False,0.349606,0.116834,rwanda pen=1.0 phi=0.0 flat
195,1180,300,160,True,1.07645,False,0.349606,0.116757,rwanda pen=1.0 phi=0.0 flat
195,1200,300,160,True,1.08402,False,0.349606,0.116681,rwanda pen=1.0 phi=0.0 flat
195,1220,300,160,True,1.0916,False,0.349606,0.11661,rwanda pen=1.0 phi=0.0 flat
195,1240,300,160,True,1.09917,False,0.349606,0.11654,rwanda pen=1.0 phi=0.0 flat
195,1260,300,160,True,1.10675,False,0.349606,0.116473,rwanda pen=1.0 phi=0.0 flat
195,1280,300,160,True,1.11432,False,0.349606,0.116407,rwanda pen=1.0 phi=0.0 flat
195,1300,300,160,True,1.1219,False,0.349606,0.116343,rwanda pen=1.0 phi=0.0 flat
195,1320,300,160,True,1.12948,False,0.349606,0.116282,rwanda pen=1.0 phi=0.0 flat
195,1340,300,160,True,1.13706,False,0.349606,0.116225,rwanda pen=1.0 phi=0.0 flat
195,1360,300,160,True,1.14464,False,0.349606,0.116168,rwanda pen=1.0 phi=0.0 flat
195,1380,300,160,True,1.15223,False,0.349606,0.116113,rwanda pen=1.0 phi=0.0 flat
195,1400,300,160,True,1.15981,False,0.349606,0.116062,rwanda pen=1.0 phi=0.0 flat
200,0,300,160,True,1.26745,False,0.576713,0.541931,rwanda pen=1.0 phi=0.0 flat
200,20,300,160,True,1.21305,False,0.562315,0.519289,rwanda pen=1.0 phi=0.0 flat
200,40,300,160,True,1.16513,False,0.549321,0.497255,rwanda pen=1.0 phi=0.0 flat
200,60,300,160,True,1.122,False,0.536717,0.475371,rwanda pen=1.0 phi=0.0 flat
200,80,300,160,True,1.08292,False,0.524292,0.453574,rwanda pen=1.0 phi=0.0 flat
200,100,300,160,True,1.04735,False,0.512011,0.431855,rwanda pen=1.0 phi=0.0 flat
200,120,300,160,True,1.01485,False,0.499918,0.410226,rwanda pen=1.0 phi=0.0 flat
200,140,300,160,True,0.985054,False,0.487994,0.38871,rwanda pen=1.0 phi=0.0 flat
200,160,300,160,True,0.957668,False,0.476152,0.367306,rwanda pen=1.0 phi=0.0 flat
200,180,300,160,True,0.932448,False,0.464615,0.346048,rwanda pen=1.0 phi=0.0 flat
200,200,300,160,True,0.909156,False,0.453325,0.324955,rwanda pen=1.0 phi=0.0 flat
200,220,300,160,True,0.887619,False,0.442414,0.304054,rwanda pen=1.0 phi=0.0 flat
200,240,300,160,True,0.86797,False,0.43181,0.283458,rwanda pen=1.0 phi=0.0 flat
200,260,300,160,True,0.851381,False,0.421453,0.263624,rwanda pen=1.0 phi=0.0 flat
200,280,300,160,True,0.838578,False,0.411514,0.24499,rwanda pen=1.0 phi=0.0 flat
200,300,300,160,True,0.829033,False,0.40222,0.227652,rwanda pen=1.0 phi=0.0 flat
200,320,300,160,True,0.822138,False,0.393419,0.211616,rwanda pen=1.0 phi=0.0 flat
200,340,300,160,True,0.817446,False,0.385118,0.196886,rwanda pen=1.0 phi=0.0 flat
200,360,300,160,True,0.814593,False,0.377497,0.183453,rwanda pen=1.0 phi=0.0 flat
200,380,300,160,True,0.813275,False,0.370648,0.171291,rwanda pen=1.0 phi=0.0 flat
200,400,300,160,True,0.813266,False,0.364346,0.160386,rwanda pen=1.0 phi=0.0 flat
200,420,300,160,True,0.814565,False,0.358656,0.150882,rwanda pen=1.0 phi=0.0 flat
200,440,300,160,True,0.817111,False,0.353706,0.142862,rwanda pen=1.0 phi=0.0 flat
200,460,300,160,True,0.820763,False,0.349431,0.136269,rwanda pen=1.0 phi=0.0 flat
200,480,300,160,True,0.825331,False,0.345811,0.130963,rwanda pen=1.0 phi=0.0 flat
200,500,300,160,True,0.830592,False,0.342773,0.126724,rwanda pen=1.0 phi=0.0 flat
200,520,300,160,True,0.836322,False,0.340311,0.123288,rwanda pen=1.0 phi=0.0 flat
200,540,300,160,True,0.842409,False,0.338306,0.120515,rwanda pen=1.0 phi=0.0 flat
200,560,300,160,True,0.848767,False,0.336676,0.118266,rwanda pen=1.0 phi=0.0 flat
200,580,300,160,True,0.855374,False,0.335561,0.116498,rwanda pen=1.0 phi=0.0 flat
200,600,300,160,True,0.862159,False,0.334859,0.11509,rwanda pen=1.0 phi=0.0 flat
200,620,300,160,True,0.869092,False,0.334331,0.113976,rwanda pen=1.0 phi=0.0 flat
200,640,300,160,True,0.876137,False,0.33401,0.113081,rwanda pen=1.0 phi=0.0 flat
200,660,300,160,True,0.88328,False,0.333804,0.112374,rwanda pen=1.0 phi=0.0 flat
200,680,300,160,True,0.89049,False,0.333751,0.111802,rwanda pen=1.0 phi=0.0 flat
200,700,300,160,True,0.897756,False,0.333751,0.111317,rwanda pen=1.0 phi=0.0 flat
200,720,300,160,True,0.905054,False,0.333751,0.110881,rwanda pen=1.0 phi=0.0 flat
200,740,300,160,True,0.91237,False,0.333751,0.110478,rwanda pen=1.0 phi=0.0 flat
200,760,300,160,True,0.919716,False,0.333751,0.110118,rwanda pen=1.0 phi=0.0 flat
200,780,300,160,True,0.927077,False,0.333751,0.109783,rwanda pen=1.0 phi=0.0 flat
200,800,300,160,True,0.934467,False,0.333751,0.109487,rwanda pen=1.0 phi=0.0 flat
200,820,300,160,True,0.941872,False,0.333751,0.109215,rwanda pen=1.0 phi=0.0 flat
200,840,300,160,True,0.949287,False,0.333751,0.108961,rwanda pen=1.0 phi=0.0 flat
200,860,300,160,True,0.956721,False,0.333751,0.108733,rwanda pen=1.0 phi=0.0 flat
200,880,300,160,True,0.964166,False,0.333751,0.108524,rwanda pen=1.0 phi=0.0 flat
200,900,300,160,True,0.971623,False,0.333751,0.108332,rwanda pen=1.0 phi=0.0 flat
200,920,300,160,True,0.97909,False,0.333751,0.108157,rwanda pen=1.0 phi=0.0 flat
200,940,300,160,True,0.986563,False,0.333751,0.107991,rwanda pen=1.0 phi=0.0 flat
200,960,300,160,True,0.994046,False,0.333751,0.107841,rwanda pen=1.0 phi=0.0 flat
200,980,300,160,True,1.00154,False,0.333751,0.107707,rwanda pen=1.0 phi=0.0 flat
200,1000,300,160,True,1.00905,False,0.333751,0.107587,rwanda pen=1.0 phi=0.0 flat
200,1020,300,160,True,1.01655,False,0.333751,0.107469,rwanda pen=1.0 phi=0.0 flat
200,1040,300,160,True,1.02406,False,0.333751,0.10736,rwanda pen=1.0 phi=0.0 flat
200,1060,300,160,True,1.03158,False,0.333751,0.107258,rwanda pen=1.0 phi=0.0 flat
200,1080,300,160,True,1.0391,False,0.333751,0.107162,rwanda pen=1.0 phi=0.0 flat
200,1100,300,160,True,1.04663,False,0.333751,0.107071,rwanda pen=1.0 phi=0.0 flat
200,1120,300,160,True,1.05415,False,0.333751,0.10698,rwanda pen=1.0 phi=0.0 flat
200,1140,300,160,True,1.06168,False,0.333751,0.106894,rwanda pen=1.0 phi=0.0 flat
200,1160,300,160,True,1.06921,False,0.333751,0.10681,rwanda pen=1.0 phi=0.0 flat
200,1180,300,160,True,1.07673,False,0.333751,0.106727,rwanda pen=1.0 phi=0.0 flat
200,1200,300,160,True,1.08426,False,0.333751,0.106648,rwanda pen=1.0 phi=0.0 flat
200,1220,300,160,True,1.0918,False,0.333751,0.106574,rwanda pen=1.0 phi=0.0 flat
200,1240,300,160,True,1.09933,False,0.333751,0.1065,rwanda pen=1.0 phi=0.0 flat
200,1260,300,160,True,1.10686,False,0.333751,0.10643,rwanda pen=1.0 phi=0.0 flat
200,1280,300,160,True,1.1144,False,0.333751,0.106362,rwanda pen=1.0 phi=0.0 flat
200,1300,300,160,True,1.12194,False,0.333751,0.106298,rwanda pen=1.0 phi=0.0 flat
200,1320,300,160,True,1.12948,False,0.333751,0.106237,rwanda pen=1.0 phi=0.0 flat
200,1340,300,160,True,1.13702,False,0.333751,0.106179,rwanda pen=1.0 phi=0.0 flat
200,1360,300,160,True,1.14457,False,0.333751,0.106122,rwanda pen=1.0 phi=0.0 flat
200,1380,300,160,True,1.15211,False,0.333751,0.106065,rwanda pen=1.0 phi=0.0 flat
200,1400,300,160,True,1.15965,False,0.333751,0.106007,rwanda pen=1.0 phi=0.0 flat
205,0,300,160,True,1.27574,False,0.574307,0.540129,rwanda pen=1.0 phi=0.0 flat
205,20,300,160,True,1.22114,False,0.559985,0.517527,rwanda pen=1.0 phi=0.0 flat
205,40,300,160,True,1.17295,False,0.546961,0.495489,rwanda pen=1.0 phi=0.0 flat
205,60,300,160,True,1.12956,False,0.534302,0.473585,rwanda pen=1.0 phi=0.0 flat
205,80,300,160,True,1.09022,False,0.521806,0.451763,rwanda pen=1.0 phi=0.0 flat
205,100,300,160,True,1.05439,False,0.509454,0.430012,rwanda pen=1.0 phi=0.0 flat
205,120,300,160,True,1.02164,False,0.497294,0.408339,rwanda pen=1.0 phi=0.0 flat
205,140,300,160,True,0.991598,False,0.485311,0.386765,rwanda pen=1.0 phi=0.0 flat
205,160,300,160,True,0.963969,False,0.473391,0.365298,rwanda pen=1.0 phi=0.0 flat
205,180,300,160,True,0.938505,False,0.461663,0.343954,rwanda pen=1.0 phi=0.0 flat
205,200,300,160,True,0.914974,False,0.450208,0.322759,rwanda pen=1.0 phi=0.0 flat
205,220,300,160,True,0.893193,False,0.438985,0.301729,rwanda pen=1.0 phi=0.0 flat
205,240,300,160,True,0.873325,False,0.428171,0.280992,rwanda pen=1.0 phi=0.0 flat
205,260,300,160,True,0.856571,False,0.417615,0.261011,rwanda pen=1.0 phi=0.0 flat
205,280,300,160,True,0.843612,False,0.407302,0.242205,rwanda pen=1.0 phi=0.0 flat
205,300,300,160,True,0.833889,False,0.397411,0.22464,rwanda pen=1.0 phi=0.0 flat
205,320,300,160,True,0.826804,False,0.388157,0.208342,rwanda pen=1.0 phi=0.0 flat
205,340,300,160,True,0.821915,False,0.379367,0.193314,rwanda pen=1.0 phi=0.0 flat
205,360,300,160,True,0.818859,False,0.371077,0.179544,rwanda pen=1.0 phi=0.0 flat
205,380,300,160,True,0.81736,False,0.363448,0.167025,rwanda pen=1.0 phi=0.0 flat
205,400,300,160,True,0.817156,False,0.35653,0.155729,rwanda pen=1.0 phi=0.0 flat
205,420,300,160,True,0.818227,False,0.350142,0.145785,rwanda pen=1.0 phi=0.0 flat
205,440,300,160,True,0.820556,False,0.344336,0.137312,rwanda pen=1.0 phi=0.0 flat
205,460,300,160,True,0.824028,False,0.339221,0.130304,rwanda pen=1.0 phi=0.0 flat
205,480,300,160,True,0.828421,False,0.334788,0.124578,rwanda pen=1.0 phi=0.0 flat
205,500,300,160,True,0.833519,False,0.331024,0.11994,rwanda pen=1.0 phi=0.0 flat
205,520,300,160,True,0.839068,False,0.327868,0.116093,rwanda pen=1.0 phi=0.0 flat
205,540,300,160,True,0.844985,False,0.325221,0.112943,rwanda pen=1.0 phi=0.0 flat
205,560,300,160,True,0.851201,False,0.323094,0.110382,rwanda pen=1.0 phi=0.0 flat
205,580,300,160,True,0.857668,False,0.321363,0.108321,rwanda pen=1.0 phi=0.0 flat
205,600,300,160,True,0.86433,False,0.320047,0.106657,rwanda pen=1.0 phi=0.0 flat
205,620,300,160,True,0.871162,False,0.319267,0.105344,rwanda pen=1.0 phi=0.0 flat
205,640,300,160,True,0.878116,False,0.318677,0.104291,rwanda pen=1.0 phi=0.0 flat
205,660,300,160,True,0.885173,False,0.318295,0.103449,rwanda pen=1.0 phi=0.0 flat
205,680,300,160,True,0.892309,False,0.31804,0.102764,rwanda pen=1.0 phi=0.0 flat
205,700,300,160,True,0.899507,False,0.317933,0.102201,rwanda pen=1.0 phi=0.0 flat
205,720,300,160,True,0.906753,False,0.317912,0.101721,rwanda pen=1.0 phi=0.0 flat
205,740,300,160,True,0.914039,False,0.317912,0.101303,rwanda pen=1.0 phi=0.0 flat
205,760,300,160,True,0.921348,False,0.317912,0.100922,rwanda pen=1.0 phi=0.0 flat
205,780,300,160,True,0.928672,False,0.317912,0.100567,rwanda pen=1.0 phi=0.0 flat
205,800,300,160,True,0.936013,False,0.317912,0.100244,rwanda pen=1.0 phi=0.0 flat
205,820,300,160,True,0.943372,False,0.317912,0.0999464,rwanda pen=1.0 phi=0.0 flat
205,840,300,160,True,0.950745,False,0.317912,0.0996742,rwanda pen=1.0 phi=0.0 flat
205,860,300,160,True,0.958126,False,0.317912,0.0994148,rwanda pen=1.0 phi=0.0 flat
205,880,300,160,True,0.965523,False,0.317912,0.0991823,rwanda pen=1.0 phi=0.0 flat
205,900,300,160,True,0.97293,False,0.317912,0.0989655,rwanda pen=1.0 phi=0.0 flat
205,920,300,160,True,0.980347,False,0.317912,0.0987667,rwanda pen=1.0 phi=0.0 flat
205,940,300,160,True,0.987782,False,0.317912,0.0985886,rwanda pen=1.0 phi=0.0 flat
205,960,300,160,True,0.995228,False,0.317912,0.0984273,rwanda pen=1.0 phi=0.0 flat
205,980,300,160,True,1.00269,False,0.317912,0.0982909,rwanda pen=1.0 phi=0.0 flat
205,1000,300,160,True,1.01016,False,0.317912,0.0981635,rwanda pen=1.0 phi=0.0 flat
205,1020,300,160,True,1.01764,False,0.317912,0.0980486,rwanda pen=1.0 phi=0.0 flat
205,1040,300,160,True,1.02512,False,0.317912,0.0979429,rwanda pen=1.0 phi=0.0 flat
205,1060,300,160,True,1.0326,False,0.317912,0.0978422,rwanda pen=1.0 phi=0.0 flat
205,1080,300,160,True,1.04009,False,0.317912,0.0977448,rwanda pen=1.0 phi=0.0 flat
205,1100,300,160,True,1.04757,False,0.317912,0.0976494,rwanda pen=1.0 phi=0.0 flat
205,1120,300,160,True,1.05506,False,0.317912,0.0975568,rwanda pen=1.0 phi=0.0 flat
205,1140,300,160,True,1.06255,False,0.317912,0.0974684,rwanda pen=1.0 phi=0.0 flat
205,1160,300,160,True,1.07004,False,0.317912,0.0973834,rwanda pen=1.0 phi=0.0 flat
205,1180,300,160,True,1.07754,False,0.317912,0.0973027,rwanda pen=1.0 phi=0.0 flat
205,1200,300,160,True,1.08503,False,0.317912,0.0972222,rwanda pen=1.0 phi=0.0 flat
205,1220,300,160,True,1.09253,False,0.317912,0.0971478,rwanda pen=1.0 phi=0.0 flat
205,1240,300,160,True,1.10003,False,0.317912,0.0970784,rwanda pen=1.0 phi=0.0 flat
205,1260,300,160,True,1.10753,False,0.317912,0.0970112,rwanda pen=1.0 phi=0.0 flat
205,1280,300,160,True,1.11503,False,0.317912,0.096944,rwanda pen=1.0 phi=0.0 flat
205,1300,300,160,True,1.12253,False,0.317912,0.0968767,rwanda pen=1.0 phi=0.0 flat
205,1320,300,160,True,1.13003,False,0.317912,0.0968095,rwanda pen=1.0 phi=0.0 flat
205,1340,300,160,True,1.13753,False,0.317912,0.0967426,rwanda pen=1.0 phi=0.0 flat
205,1360,300,160,True,1.14504,False,0.317912,0.0966805,rwanda pen=1.0 phi=0.0 flat
205,1380,300,160,True,1.15254,False,0.317912,0.0966234,rwanda pen=1.0 phi=0.0 flat
205,1400,300,160,True,1.16005,False,0.317912,0.0965662,rwanda pen=1.0 phi=0.0 flat
210,0,300,160,True,1.28415,False,0.572021,0.538399,rwanda pen=1.0 phi=0.0 flat
210,20,300,160,True,1.22932,False,0.557786,0.515835,rwanda pen=1.0 phi=0.0 flat
210,40,300,160,True,1.18086,False,0.544742,0.493793,rwanda pen=1.0 phi=0.0 flat
210,60,300,160,True,1.13719,False,0.531996,0.471874,rwanda pen=1.0 phi=0.0 flat
210,80,300,160,True,1.09759,False,0.519453,0.450031,rwanda pen=1.0 phi=0.0 flat
210,100,300,160,True,1.06151,False,0.507043,0.428251,rwanda pen=1.0 phi=0.0 flat
210,120,300,160,True,1.02851,False,0.494804,0.406541,rwanda pen=1.0 phi=0.0 flat
210,140,300,160,True,0.998217,False,0.482746,0.384914,rwanda pen=1.0 phi=0.0 flat
210,160,300,160,True,0.970348,False,0.470805,0.363391,rwanda pen=1.0 phi=0.0 flat
210,180,300,160,True,0.944643,False,0.458969,0.341975,rwanda pen=1.0 phi=0.0 flat
210,200,300,160,True,0.92088,False,0.447289,0.320688,rwanda pen=1.0 phi=0.0 flat
210,220,300,160,True,0.898866,False,0.435911,0.299552,rwanda pen=1.0 phi=0.0 flat
210,240,300,160,True,0.878783,False,0.424788,0.278686,rwanda pen=1.0 phi=0.0 flat
210,260,300,160,True,0.861875,False,0.414051,0.258578,rwanda pen=1.0 phi=0.0 flat
210,280,300,160,True,0.848777,False,0.403525,0.239631,rwanda pen=1.0 phi=0.0 flat
210,300,300,160,True,0.838902,False,0.393245,0.221889,rwanda pen=1.0 phi=0.0 flat
210,320,300,160,True,0.831655,False,0.383384,0.20537,rwanda pen=1.0 phi=0.0 flat
210,340,300,160,True,0.826578,False,0.374171,0.190078,rwanda pen=1.0 phi=0.0 flat
210,360,300,160,True,0.823338,False,0.365396,0.17602,rwanda pen=1.0 phi=0.0 flat
210,380,300,160,True,0.821654,False,0.35709,0.16318,rwanda pen=1.0 phi=0.0 flat
210,400,300,160,True,0.821302,False,0.349437,0.151562,rwanda pen=1.0 phi=0.0 flat
210,420,300,160,True,0.822189,False,0.342431,0.141243,rwanda pen=1.0 phi=0.0 flat
210,440,300,160,True,0.824324,False,0.335946,0.132373,rwanda pen=1.0 phi=0.0 flat
210,460,300,160,True,0.827614,False,0.33001,0.12497,rwanda pen=1.0 phi=0.0 flat
210,480,300,160,True,0.831852,False,0.324737,0.118867,rwanda pen=1.0 phi=0.0 flat
210,500,300,160,True,0.83679,False,0.320149,0.11384,rwanda pen=1.0 phi=0.0 flat
210,520,300,160,True,0.842199,False,0.316273,0.109638,rwanda pen=1.0 phi=0.0 flat
210,540,300,160,True,0.847976,False,0.31297,0.106147,rwanda pen=1.0 phi=0.0 flat
210,560,300,160,True,0.854049,False,0.310164,0.103249,rwanda pen=1.0 phi=0.0 flat
210,580,300,160,True,0.860379,False,0.307924,0.100888,rwanda pen=1.0 phi=0.0 flat
210,600,300,160,True,0.866921,False,0.306093,0.0989713,rwanda pen=1.0 phi=0.0 flat
210,620,300,160,True,0.873645,False,0.30461,0.0974342,rwanda pen=1.0 phi=0.0 flat
210,640,300,160,True,0.880506,False,0.303694,0.0961979,rwanda pen=1.0 phi=0.0 flat
210,660,300,160,True,0.887486,False,0.303049,0.0952134,rwanda pen=1.0 phi=0.0 flat
210,680,300,160,True,0.89455,False,0.302591,0.0944092,rwanda pen=1.0 phi=0.0 flat
210,700,300,160,True,0.901697,False,0.3023,0.0937675,rwanda pen=1.0 phi=0.0 flat
210,720,300,160,True,0.9089,False,0.302147,0.0932445,rwanda pen=1.0 phi=0.0 flat
210,740,300,160,True,0.916138,False,0.302103,0.0927825,rwanda pen=1.0 phi=0.0 flat
210,760,300,160,True,0.9234,False,0.302086,0.0923623,rwanda pen=1.0 phi=0.0 flat
210,780,300,160,True,0.930673,False,0.302086,0.0919701,rwanda pen=1.0 phi=0.0 flat
210,800,300,160,True,0.93797,False,0.302086,0.0916137,rwanda pen=1.0 phi=0.0 flat
210,820,300,160,True,0.945279,False,0.302086,0.0912806,rwanda pen=1.0 phi=0.0 flat
210,840,300,160,True,0.9526,False,0.302086,0.09097,rwanda pen=1.0 phi=0.0 flat
210,860,300,160,True,0.959954,False,0.302086,0.0907063,rwanda pen=1.0 phi=0.0 flat
210,880,300,160,True,0.967325,False,0.302086,0.0904678,rwanda pen=1.0 phi=0.0 flat
210,900,300,160,True,0.974704,False,0.302086,0.0902457,rwanda pen=1.0 phi=0.0 flat
210,920,300,160,True,0.982096,False,0.302086,0.0900426,rwanda pen=1.0 phi=0.0 flat
210,940,300,160,True,0.989498,False,0.302086,0.0898579,rwanda pen=1.0 phi=0.0 flat
210,960,300,160,True,0.996915,False,0.302086,0.0896983,rwanda pen=1.0 phi=0.0 flat
210,980,300,160,True,1.00434,False,0.302086,0.0895488,rwanda pen=1.0 phi=0.0 flat
210,1000,300,160,True,1.01176,False,0.302086,0.0894021,rwanda pen=1.0 phi=0.0 flat
210,1020,300,160,True,1.0192,False,0.302086,0.089272,rwanda pen=1.0 phi=0.0 flat
210,1040,300,160,True,1.02664,False,0.302086,0.0891494,rwanda pen=1.0 phi=0.0 flat
210,1060,300,160,True,1.03408,False,0.302086,0.0890288,rwanda pen=1.0 phi=0.0 flat
210,1080,300,160,True,1.04152,False,0.302086,0.0889135,rwanda pen=1.0 phi=0.0 flat
210,1100,300,160,True,1.04896,False,0.302086,0.0888045,rwanda pen=1.0 phi=0.0 flat
210,1120,300,160,True,1.05642,False,0.302086,0.0887083,rwanda pen=1.0 phi=0.0 flat
210,1140,300,160,True,1.06388,False,0.302086,0.0886172,rwanda pen=1.0 phi=0.0 flat
210,1160,300,160,True,1.07133,False,0.302086,0.0885265,rwanda pen=1.0 phi=0.0 flat
210,1180,300,160,True,1.07879,False,0.302086,0.0884393,rwanda pen=1.0 phi=0.0 flat
210,1200,300,160,True,1.08626,False,0.302086,0.0883614,rwanda pen=1.0 phi=0.0 flat
210,1220,300,160,True,1.09372,False,0.302086,0.0882841,rwanda pen=1.0 phi=0.0 flat
210,1240,300,160,True,1.10118,False,0.302086,0.0882068,rwanda pen=1.0 phi=0.0 flat
210,1260,300,160,True,1.10865,False,0.302086,0.0881322,rwanda pen=1.0 phi=0.0 flat
210,1280,300,160,True,1.11611,False,0.302086,0.0880617,rwanda pen=1.0 phi=0.0 flat
210,1300,300,160,True,1.12358,False,0.302086,0.0879911,rwanda pen=1.0 phi=0.0 flat
210,1320,300,160,True,1.13105,False,0.302086,0.0879233,rwanda pen=1.0 phi=0.0 flat
210,1340,300,160,True,1.13852,False,0.302086,0.0878594,rwanda pen=1.0 phi=0.0 flat
210,1360,300,160,True,1.14599,False,0.302086,0.0877955,rwanda pen=1.0 phi=0.0 flat
210,1380,300,160,True,1.15346,False,0.302086,0.0877317,rwanda pen=1.0 phi=0.0 flat
210,1400,300,160,True,1.16093,False,0.302086,0.087669,rwanda pen=1.0 phi=0.0 flat
215,0,300,160,True,1.29265,False,0.569859,0.536734,rwanda pen=1.0 phi=0.0 flat
215,20,300,160,True,1.23759,False,0.555701,0.514207,rwanda pen=1.0 phi=0.0 flat
215,40,300,160,True,1.18885,False,0.542625,0.492162,rwanda pen=1.0 phi=0.0 flat
215,60,300,160,True,1.1449,False,0.529789,0.47023,rwanda pen=1.0 phi=0.0 flat
215,80,300,160,True,1.10503,False,0.517209,0.448369,rwanda pen=1.0 phi=0.0 flat
215,100,300,160,True,1.06869,False,0.504759,0.426562,rwanda pen=1.0 phi=0.0 flat
215,120,300,160,True,1.03544,False,0.492412,0.404818,rwanda pen=1.0 phi=0.0 flat
215,140,300,160,True,1.00491,False,0.480297,0.383148,rwanda pen=1.0 phi=0.0 flat
215,160,300,160,True,0.976798,False,0.468309,0.361571,rwanda pen=1.0 phi=0.0 flat
215,180,300,160,True,0.950855,False,0.45641,0.340092,rwanda pen=1.0 phi=0.0 flat
215,200,300,160,True,0.926866,False,0.44464,0.318732,rwanda pen=1.0 phi=0.0 flat
215,220,300,160,True,0.904623,False,0.433041,0.297498,rwanda pen=1.0 phi=0.0 flat
215,240,300,160,True,0.884336,False,0.421716,0.276526,rwanda pen=1.0 phi=0.0 flat
215,260,300,160,True,0.86728,False,0.410683,0.256303,rwanda pen=1.0 phi=0.0 flat
215,280,300,160,True,0.854053,False,0.400011,0.237232,rwanda pen=1.0 phi=0.0 flat
215,300,300,160,True,0.844045,False,0.389507,0.219351,rwanda pen=1.0 phi=0.0 flat
215,320,300,160,True,0.836651,False,0.379252,0.202652,rwanda pen=1.0 phi=0.0 flat
215,340,300,160,True,0.831413,False,0.369423,0.187139,rwanda pen=1.0 phi=0.0 flat
215,360,300,160,True,0.828011,False,0.36025,0.172832,rwanda pen=1.0 phi=0.0 flat
215,380,300,160,True,0.82615,False,0.351484,0.159712,rwanda pen=1.0 phi=0.0 flat
215,400,300,160,True,0.825653,False,0.343152,0.14781,rwanda pen=1.0 phi=0.0 flat
215,420,300,160,True,0.826399,False,0.335448,0.137186,rwanda pen=1.0 phi=0.0 flat
215,440,300,160,True,0.828369,False,0.328344,0.12797,rwanda pen=1.0 phi=0.0 flat
215,460,300,160,True,0.831508,False,0.321731,0.120226,rwanda pen=1.0 phi=0.0 flat
215,480,300,160,True,0.835582,False,0.315676,0.113758,rwanda pen=1.0 phi=0.0 flat
215,500,300,160,True,0.840392,False,0.310266,0.108399,rwanda pen=1.0 phi=0.0 flat
215,520,300,160,True,0.845661,False,0.30553,0.103849,rwanda pen=1.0 phi=0.0 flat
215,540,300,160,True,0.851303,False,0.301525,0.100018,rwanda pen=1.0 phi=0.0 flat
215,560,300,160,True,0.857235,False,0.29808,0.0967928,rwanda pen=1.0 phi=0.0 flat
215,580,300,160,True,0.863434,False,0.29514,0.0941277,rwanda pen=1.0 phi=0.0 flat
215,600,300,160,True,0.869868,False,0.292777,0.0919611,rwanda pen=1.0 phi=0.0 flat
215,620,300,160,True,0.876492,False,0.290835,0.0902095,rwanda pen=1.0 phi=0.0 flat
215,640,300,160,True,0.883258,False,0.289236,0.0887712,rwanda pen=1.0 phi=0.0 flat
215,660,300,160,True,0.890145,False,0.288153,0.0876039,rwanda pen=1.0 phi=0.0 flat
215,680,300,160,True,0.897137,False,0.287452,0.0866675,rwanda pen=1.0 phi=0.0 flat
215,700,300,160,True,0.904206,False,0.286926,0.0859035,rwanda pen=1.0 phi=0.0 flat
215,720,300,160,True,0.911343,False,0.286626,0.0852802,rwanda pen=1.0 phi=0.0 flat
215,740,300,160,True,0.918527,False,0.286438,0.084756,rwanda pen=1.0 phi=0.0 flat
215,760,300,160,True,0.925741,False,0.286369,0.0842909,rwanda pen=1.0 phi=0.0 flat
215,780,300,160,True,0.932988,False,0.286326,0.0838796,rwanda pen=1.0 phi=0.0 flat
215,800,300,160,True,0.940258,False,0.286282,0.0835071,rwanda pen=1.0 phi=0.0 flat
215,820,300,160,True,0.947548,False,0.286271,0.0831702,rwanda pen=1.0 phi=0.0 flat
215,840,300,160,True,0.954852,False,0.286271,0.082862,rwanda pen=1.0 phi=0.0 flat
215,860,300,160,True,0.962172,False,0.286271,0.0825806,rwanda pen=1.0 phi=0.0 flat
215,880,300,160,True,0.969504,False,0.286271,0.0823175,rwanda pen=1.0 phi=0.0 flat
215,900,300,160,True,0.976845,False,0.286271,0.0820755,rwanda pen=1.0 phi=0.0 flat
215,920,300,160,True,0.984198,False,0.286271,0.0818516,rwanda pen=1.0 phi=0.0 flat
215,940,300,160,True,0.99156,False,0.286271,0.0816439,rwanda pen=1.0 phi=0.0 flat
215,960,300,160,True,0.998925,False,0.286271,0.0814438,rwanda pen=1.0 phi=0.0 flat
215,980,300,160,True,1.0063,False,0.286271,0.0812622,rwanda pen=1.0 phi=0.0 flat
215,1000,300,160,True,1.01368,False,0.286271,0.0810974,rwanda pen=1.0 phi=0.0 flat
215,1020,300,160,True,1.02108,False,0.286271,0.0809462,rwanda pen=1.0 phi=0.0 flat
215,1040,300,160,True,1.02848,False,0.286271,0.0808081,rwanda pen=1.0 phi=0.0 flat
215,1060,300,160,True,1.03588,False,0.286271,0.0806812,rwanda pen=1.0 phi=0.0 flat
215,1080,300,160,True,1.0433,False,0.286271,0.0805687,rwanda pen=1.0 phi=0.0 flat
215,1100,300,160,True,1.05073,False,0.286271,0.0804709,rwanda pen=1.0 phi=0.0 flat
215,1120,300,160,True,1.05815,False,0.286271,0.0803764,rwanda pen=1.0 phi=0.0 flat
215,1140,300,160,True,1.06559,False,0.286271,0.0802891,rwanda pen=1.0 phi=0.0 flat
215,1160,300,160,True,1.07302,False,0.286271,0.0802051,rwanda pen=1.0 phi=0.0 flat
215,1180,300,160,True,1.08045,False,0.286271,0.0801211,rwanda pen=1.0 phi=0.0 flat
215,1200,300,160,True,1.08788,False,0.286271,0.080037,rwanda pen=1.0 phi=0.0 flat
215,1220,300,160,True,1.09532,False,0.286271,0.079953,rwanda pen=1.0 phi=0.0 flat
215,1240,300,160,True,1.10275,False,0.286271,0.0798717,rwanda pen=1.0 phi=0.0 flat
215,1260,300,160,True,1.11018,False,0.286271,0.0797977,rwanda pen=1.0 phi=0.0 flat
215,1280,300,160,True,1.11762,False,0.286271,0.0797246,rwanda pen=1.0 phi=0.0 flat
215,1300,300,160,True,1.12506,False,0.286271,0.079654,rwanda pen=1.0 phi=0.0 flat
215,1320,300,160,True,1.1325,False,0.286271,0.0795835,rwanda pen=1.0 phi=0.0 flat
215,1340,300,160,True,1.13993,False,0.286271,0.0795129,rwanda pen=1.0 phi=0.0 flat
215,1360,300,160,True,1.14737,False,0.286271,0.0794424,rwanda pen=1.0 phi=0.0 flat
215,1380,300,160,True,1.1548,False,0.286271,0.0793752,rwanda pen=1.0 phi=0.0 flat
215,1400,300,160,True,1.16224,False,0.286271,0.0793089,rwanda pen=1.0 phi=0.0 flat
220,0,300,160,True,1.30124,False,0.567831,0.535133,rwanda pen=1.0 phi=0.0 flat
220,20,300,160,True,1.24593,False,0.553735,0.512636,rwanda pen=1.0 phi=0.0 flat
220,40,300,160,True,1.1969,False,0.540606,0.490591,rwanda pen=1.0 phi=0.0 flat
220,60,300,160,True,1.15267,False,0.527714,0.46865,rwanda pen=1.0 phi=0.0 flat
220,80,300,160,True,1.11253,False,0.515073,0.446775,rwanda pen=1.0 phi=0.0 flat
220,100,300,160,True,1.07593,False,0.502582,0.424945,rwanda pen=1.0 phi=0.0 flat
220,120,300,160,True,1.04243,False,0.490173,0.403172,rwanda pen=1.0 phi=0.0 flat
220,140,300,160,True,1.01166,False,0.477944,0.381463,rwanda pen=1.0 phi=0.0 flat
220,160,300,160,True,0.98331,False,0.465919,0.359834,rwanda pen=1.0 phi=0.0 flat
220,180,300,160,True,0.957133,False,0.453948,0.338299,rwanda pen=1.0 phi=0.0 flat
220,200,300,160,True,0.932917,False,0.442136,0.316872,rwanda pen=1.0 phi=0.0 flat
220,220,300,160,True,0.910457,False,0.43039,0.295559,rwanda pen=1.0 phi=0.0 flat
220,240,300,160,True,0.889973,False,0.418871,0.274495,rwanda pen=1.0 phi=0.0 flat
220,260,300,160,True,0.872773,False,0.407607,0.254175,rwanda pen=1.0 phi=0.0 flat
220,280,300,160,True,0.859422,False,0.39666,0.23499,rwanda pen=1.0 phi=0.0 flat
220,300,300,160,True,0.849291,False,0.38603,0.216987,rwanda pen=1.0 phi=0.0 flat
220,320,300,160,True,0.841767,False,0.375559,0.200145,rwanda pen=1.0 phi=0.0 flat
220,340,300,160,True,0.836401,False,0.36533,0.184463,rwanda pen=1.0 phi=0.0 flat
220,360,300,160,True,0.832842,False,0.355525,0.169933,rwanda pen=1.0 phi=0.0 flat
220,380,300,160,True,0.830822,False,0.346384,0.156568,rwanda pen=1.0 phi=0.0 flat
220,400,300,160,True,0.830177,False,0.337612,0.144408,rwanda pen=1.0 phi=0.0 flat
220,420,300,160,True,0.830796,False,0.329232,0.133525,rwanda pen=1.0 phi=0.0 flat
220,440,300,160,True,0.832644,False,0.321456,0.124028,rwanda pen=1.0 phi=0.0 flat
220,460,300,160,True,0.835648,False,0.314228,0.115975,rwanda pen=1.0 phi=0.0 flat
220,480,300,160,True,0.839588,False,0.307497,0.109196,rwanda pen=1.0 phi=0.0 flat
220,500,300,160,True,0.844259,False,0.301325,0.103514,rwanda pen=1.0 phi=0.0 flat
220,520,300,160,True,0.849403,False,0.295782,0.0986479,rwanda pen=1.0 phi=0.0 flat
220,540,300,160,True,0.854914,False,0.290929,0.0944901,rwanda pen=1.0 phi=0.0 flat
220,560,300,160,True,0.860734,False,0.286778,0.0909715,rwanda pen=1.0 phi=0.0 flat
220,580,300,160,True,0.866818,False,0.283205,0.0880235,rwanda pen=1.0 phi=0.0 flat
220,600,300,160,True,0.873141,False,0.280164,0.0855895,rwanda pen=1.0 phi=0.0 flat
220,620,300,160,True,0.879659,False,0.277666,0.0835988,rwanda pen=1.0 phi=0.0 flat
220,640,300,160,True,0.886329,False,0.275602,0.0819565,rwanda pen=1.0 phi=0.0 flat
220,660,300,160,True,0.893135,False,0.273907,0.0806226,rwanda pen=1.0 phi=0.0 flat
220,680,300,160,True,0.900053,False,0.272651,0.0795425,rwanda pen=1.0 phi=0.0 flat
220,700,300,160,True,0.907052,False,0.271884,0.078654,rwanda pen=1.0 phi=0.0 flat
220,720,300,160,True,0.914123,False,0.271332,0.0779215,rwanda pen=1.0 phi=0.0 flat
220,740,300,160,True,0.921261,False,0.271019,0.0773289,rwanda pen=1.0 phi=0.0 flat
220,760,300,160,True,0.928449,False,0.270845,0.0768334,rwanda pen=1.0 phi=0.0 flat
220,780,300,160,True,0.935666,False,0.270707,0.0763962,rwanda pen=1.0 phi=0.0 flat
220,800,300,160,True,0.942903,False,0.270606,0.075999,rwanda pen=1.0 phi=0.0 flat
220,820,300,160,True,0.950152,False,0.270561,0.0756305,rwanda pen=1.0 phi=0.0 flat
220,840,300,160,True,0.957415,False,0.270517,0.0752872,rwanda pen=1.0 phi=0.0 flat
220,860,300,160,True,0.964697,False,0.270473,0.0749736,rwanda pen=1.0 phi=0.0 flat
220,880,300,160,True,0.971993,False,0.270471,0.0746865,rwanda pen=1.0 phi=0.0 flat
220,900,300,160,True,0.979299,False,0.270471,0.0744176,rwanda pen=1.0 phi=0.0 flat
220,920,300,160,True,0.986621,False,0.270471,0.0741781,rwanda pen=1.0 phi=0.0 flat
220,940,300,160,True,0.993954,False,0.270471,0.073957,rwanda pen=1.0 phi=0.0 flat
220,960,300,160,True,1.0013,False,0.270471,0.0737552,rwanda pen=1.0 phi=0.0 flat
220,980,300,160,True,1.00865,False,0.270471,0.0735723,rwanda pen=1.0 phi=0.0 flat
220,1000,300,160,True,1.016,False,0.270471,0.0733981,rwanda pen=1.0 phi=0.0 flat
220,1020,300,160,True,1.02337,False,0.270471,0.07324,rwanda pen=1.0 phi=0.0 flat
220,1040,300,160,True,1.03074,False,0.270471,0.0730939,rwanda pen=1.0 phi=0.0 flat
220,1060,300,160,True,1.03812,False,0.270471,0.0729596,rwanda pen=1.0 phi=0.0 flat
220,1080,300,160,True,1.0455,False,0.270471,0.0728271,rwanda pen=1.0 phi=0.0 flat
220,1100,300,160,True,1.05289,False,0.270471,0.0727051,rwanda pen=1.0 phi=0.0 flat
220,1120,300,160,True,1.06028,False,0.270471,0.072597,rwanda pen=1.0 phi=0.0 flat
220,1140,300,160,True,1.06767,False,0.270471,0.0724974,rwanda pen=1.0 phi=0.0 flat
220,1160,300,160,True,1.07508,False,0.270471,0.072403,rwanda pen=1.0 phi=0.0 flat
220,1180,300,160,True,1.08248,False,0.270471,0.0723136,rwanda pen=1.0 phi=0.0 flat
220,1200,300,160,True,1.08988,False,0.270471,0.0722271,rwanda pen=1.0 phi=0.0 flat
220,1220,300,160,True,1.09729,False,0.270471,0.072143,rwanda pen=1.0 phi=0.0 flat
220,1240,300,160,True,1.10469,False,0.270471,0.0720611,rwanda pen=1.0 phi=0.0 flat
220,1260,300,160,True,1.1121,False,0.270471,0.0719805,rwanda pen=1.0 phi=0.0 flat
220,1280,300,160,True,1.1195,False,0.270471,0.0719017,rwanda pen=1.0 phi=0.0 flat
220,1300,300,160,True,1.12691,False,0.270471,0.0718247,rwanda pen=1.0 phi=0.0 flat
220,1320,300,160,True,1.13432,False,0.270471,0.0717508,rwanda pen=1.0 phi=0.0 flat
220,1340,300,160,True,1.14173,False,0.270471,0.0716802,rwanda pen=1.0 phi=0.0 flat
220,1360,300,160,True,1.14914,False,0.270471,0.0716096,rwanda pen=1.0 phi=0.0 flat
220,1380,300,160,True,1.15655,False,0.270471,0.071539,rwanda pen=1.0 phi=0.0 flat
220,1400,300,160,True,1.16396,False,0.270471,0.0714684,rwanda pen=1.0 phi=0.0 flat
225,0,300,160,True,1.30991,False,0.565888,0.533586,rwanda pen=1.0 phi=0.0 flat
225,20,300,160,True,1.25435,False,0.551841,0.511121,rwanda pen=1.0 phi=0.0 flat
225,40,300,160,True,1.20502,False,0.53867,0.489075,rwanda pen=1.0 phi=0.0 flat
225,60,300,160,True,1.16051,False,0.525753,0.467131,rwanda pen=1.0 phi=0.0 flat
225,80,300,160,True,1.1201,False,0.513036,0.445239,rwanda pen=1.0 phi=0.0 flat
225,100,300,160,True,1.08324,False,0.500471,0.423391,rwanda pen=1.0 phi=0.0 flat
225,120,300,160,True,1.04948,False,0.488029,0.401594,rwanda pen=1.0 phi=0.0 flat
225,140,300,160,True,1.01847,False,0.475701,0.37985,rwanda pen=1.0 phi=0.0 flat
225,160,300,160,True,0.989885,False,0.463591,0.358176,rwanda pen=1.0 phi=0.0 flat
225,180,300,160,True,0.963475,False,0.451601,0.336588,rwanda pen=1.0 phi=0.0 flat
225,200,300,160,True,0.939028,False,0.439689,0.315097,rwanda pen=1.0 phi=0.0 flat
225,220,300,160,True,0.91636,False,0.427923,0.293721,rwanda pen=1.0 phi=0.0 flat
225,240,300,160,True,0.895686,False,0.416212,0.272576,rwanda pen=1.0 phi=0.0 flat
225,260,300,160,True,0.878349,False,0.404756,0.252175,rwanda pen=1.0 phi=0.0 flat
225,280,300,160,True,0.864884,False,0.393557,0.232898,rwanda pen=1.0 phi=0.0 flat
225,300,300,160,True,0.85463,False,0.382708,0.214777,rwanda pen=1.0 phi=0.0 flat
225,320,300,160,True,0.846992,False,0.372091,0.197817,rwanda pen=1.0 phi=0.0 flat
225,340,300,160,True,0.841503,False,0.361649,0.181991,rwanda pen=1.0 phi=0.0 flat
225,360,300,160,True,0.837811,False,0.351447,0.167291,rwanda pen=1.0 phi=0.0 flat
225,380,300,160,True,0.835655,False,0.341667,0.153713,rwanda pen=1.0 phi=0.0 flat
225,400,300,160,True,0.834863,False,0.332529,0.141319,rwanda pen=1.0 phi=0.0 flat
225,420,300,160,True,0.835367,False,0.323724,0.130213,rwanda pen=1.0 phi=0.0 flat
225,440,300,160,True,0.83712,False,0.315283,0.120492,rwanda pen=1.0 phi=0.0 flat
225,460,300,160,True,0.84001,False,0.307407,0.112174,rwanda pen=1.0 phi=0.0 flat
225,480,300,160,True,0.843827,False,0.300062,0.105115,rwanda pen=1.0 phi=0.0 flat
225,500,300,160,True,0.84838,False,0.293223,0.0991461,rwanda pen=1.0 phi=0.0 flat
225,520,300,160,True,0.853406,False,0.286939,0.0939937,rwanda pen=1.0 phi=0.0 flat
225,540,300,160,True,0.858815,False,0.281273,0.0895616,rwanda pen=1.0 phi=0.0 flat
225,560,300,160,True,0.864532,False,0.276302,0.0857687,rwanda pen=1.0 phi=0.0 flat
225,580,300,160,True,0.870521,False,0.272014,0.0825606,rwanda pen=1.0 phi=0.0 flat
225,600,300,160,True,0.876729,False,0.268327,0.0798564,rwanda pen=1.0 phi=0.0 flat
225,620,300,160,True,0.883138,False,0.265204,0.0776161,rwanda pen=1.0 phi=0.0 flat
225,640,300,160,True,0.889715,False,0.262562,0.0757665,rwanda pen=1.0 phi=0.0 flat
225,660,300,160,True,0.896441,False,0.260377,0.0742655,rwanda pen=1.0 phi=0.0 flat
225,680,300,160,True,0.903279,False,0.258615,0.0730225,rwanda pen=1.0 phi=0.0 flat
225,700,300,160,True,0.910219,False,0.257198,0.072007,rwanda pen=1.0 phi=0.0 flat
225,720,300,160,True,0.917245,False,0.256366,0.0711814,rwanda pen=1.0 phi=0.0 flat
225,740,300,160,True,0.924337,False,0.255803,0.0705065,rwanda pen=1.0 phi=0.0 flat
225,760,300,160,True,0.931479,False,0.255478,0.0699495,rwanda pen=1.0 phi=0.0 flat
225,780,300,160,True,0.938657,False,0.255298,0.0694709,rwanda pen=1.0 phi=0.0 flat
225,800,300,160,True,0.945855,False,0.255147,0.0690327,rwanda pen=1.0 phi=0.0 flat
225,820,300,160,True,0.95307,False,0.255016,0.0686303,rwanda pen=1.0 phi=0.0 flat
225,840,300,160,True,0.960309,False,0.254885,0.0682672,rwanda pen=1.0 phi=0.0 flat
225,860,300,160,True,0.967565,False,0.254804,0.0679363,rwanda pen=1.0 phi=0.0 flat
225,880,300,160,True,0.974839,False,0.25476,0.067639,rwanda pen=1.0 phi=0.0 flat
225,900,300,160,True,0.982122,False,0.254716,0.0673602,rwanda pen=1.0 phi=0.0 flat
225,920,300,160,True,0.989414,False,0.254678,0.0671017,rwanda pen=1.0 phi=0.0 flat
225,940,300,160,True,0.996716,False,0.254678,0.0668621,rwanda pen=1.0 phi=0.0 flat
225,960,300,160,True,1.00402,False,0.254678,0.0666347,rwanda pen=1.0 phi=0.0 flat
225,980,300,160,True,1.01133,False,0.254678,0.0664214,rwanda pen=1.0 phi=0.0 flat
225,1000,300,160,True,1.01866,False,0.254678,0.066228,rwanda pen=1.0 phi=0.0 flat
225,1020,300,160,True,1.02599,False,0.254678,0.066049,rwanda pen=1.0 phi=0.0 flat
225,1040,300,160,True,1.03332,False,0.254678,0.0658802,rwanda pen=1.0 phi=0.0 flat
225,1060,300,160,True,1.04066,False,0.254678,0.0657236,rwanda pen=1.0 phi=0.0 flat
225,1080,300,160,True,1.04801,False,0.254678,0.0655791,rwanda pen=1.0 phi=0.0 flat
225,1100,300,160,True,1.05537,False,0.254678,0.0654496,rwanda pen=1.0 phi=0.0 flat
225,1120,300,160,True,1.06273,False,0.254678,0.0653313,rwanda pen=1.0 phi=0.0 flat
225,1140,300,160,True,1.0701,False,0.254678,0.0652225,rwanda pen=1.0 phi=0.0 flat
225,1160,300,160,True,1.07747,False,0.254678,0.065121,rwanda pen=1.0 phi=0.0 flat
225,1180,300,160,True,1.08485,False,0.254678,0.0650254,rwanda pen=1.0 phi=0.0 flat
225,1200,300,160,True,1.09223,False,0.254678,0.0649314,rwanda pen=1.0 phi=0.0 flat
225,1220,300,160,True,1.0996,False,0.254678,0.0648373,rwanda pen=1.0 phi=0.0 flat
225,1240,300,160,True,1.10698,False,0.254678,0.0647477,rwanda pen=1.0 phi=0.0 flat
225,1260,300,160,True,1.11436,False,0.254678,0.0646637,rwanda pen=1.0 phi=0.0 flat
225,1280,300,160,True,1.12174,False,0.254678,0.0645797,rwanda pen=1.0 phi=0.0 flat
225,1300,300,160,True,1.12912,False,0.254678,0.0644957,rwanda pen=1.0 phi=0.0 flat
225,1320,300,160,True,1.1365,False,0.254678,0.0644145,rwanda pen=1.0 phi=0.0 flat
225,1340,300,160,True,1.14388,False,0.254678,0.0643347,rwanda pen=1.0 phi=0.0 flat
225,1360,300,160,True,1.15126,False,0.254678,0.0642616,rwanda pen=1.0 phi=0.0 flat
225,1380,300,160,True,1.15865,False,0.254678,0.0641911,rwanda pen=1.0 phi=0.0 flat
225,1400,300,160,True,1.16604,False,0.254678,0.0641238,rwanda pen=1.0 phi=0.0 flat
230,0,300,160,True,1.31866,False,0.564019,0.532092,rwanda pen=1.0 phi=0.0 flat
230,20,300,160,True,1.26283,False,0.550004,0.509656,rwanda pen=1.0 phi=0.0 flat
230,40,300,160,True,1.21321,False,0.536819,0.487613,rwanda pen=1.0 phi=0.0 flat
230,60,300,160,True,1.16841,False,0.523873,0.465664,rwanda pen=1.0 phi=0.0 flat
230,80,300,160,True,1.12772,False,0.511121,0.443762,rwanda pen=1.0 phi=0.0 flat
230,100,300,160,True,1.09059,False,0.498463,0.421896,rwanda pen=1.0 phi=0.0 flat
230,120,300,160,True,1.05659,False,0.485982,0.400076,rwanda pen=1.0 phi=0.0 flat
230,140,300,160,True,1.02533,False,0.473573,0.378305,rwanda pen=1.0 phi=0.0 flat
230,160,300,160,True,0.996511,False,0.461341,0.35659,rwanda pen=1.0 phi=0.0 flat
230,180,300,160,True,0.969872,False,0.449326,0.334956,rwanda pen=1.0 phi=0.0 flat
230,200,300,160,True,0.945196,False,0.437357,0.313407,rwanda pen=1.0 phi=0.0 flat
230,220,300,160,True,0.922316,False,0.425501,0.291967,rwanda pen=1.0 phi=0.0 flat
230,240,300,160,True,0.901463,False,0.413753,0.270759,rwanda pen=1.0 phi=0.0 flat
230,260,300,160,True,0.883997,False,0.402103,0.25029,rwanda pen=1.0 phi=0.0 flat
230,280,300,160,True,0.87042,False,0.390713,0.230936,rwanda pen=1.0 phi=0.0 flat
230,300,300,160,True,0.860054,False,0.379577,0.212717,rwanda pen=1.0 phi=0.0 flat
230,320,300,160,True,0.852302,False,0.36879,0.19564,rwanda pen=1.0 phi=0.0 flat
230,340,300,160,True,0.846702,False,0.358202,0.179693,rwanda pen=1.0 phi=0.0 flat
230,360,300,160,True,0.842894,False,0.34778,0.164853,rwanda pen=1.0 phi=0.0 flat
230,380,300,160,True,0.840626,False,0.3376,0.151117,rwanda pen=1.0 phi=0.0 flat
230,400,300,160,True,0.839697,False,0.327834,0.138513,rwanda pen=1.0 phi=0.0 flat
230,420,300,160,True,0.84008,False,0.318664,0.127197,rwanda pen=1.0 phi=0.0 flat
230,440,300,160,True,0.841744,False,0.309801,0.117282,rwanda pen=1.0 phi=0.0 flat
230,460,300,160,True,0.84455,False,0.301281,0.108755,rwanda pen=1.0 phi=0.0 flat
230,480,300,160,True,0.848266,False,0.293311,0.101452,rwanda pen=1.0 phi=0.0 flat
230,500,300,160,True,0.852711,False,0.285846,0.0952232,rwanda pen=1.0 phi=0.0 flat
230,520,300,160,True,0.857638,False,0.278911,0.0898177,rwanda pen=1.0 phi=0.0 flat
230,540,300,160,True,0.862943,False,0.272515,0.0851292,rwanda pen=1.0 phi=0.0 flat
230,560,300,160,True,0.868564,False,0.266741,0.0810815,rwanda pen=1.0 phi=0.0 flat
230,580,300,160,True,0.874441,False,0.261648,0.0775989,rwanda pen=1.0 phi=0.0 flat
230,600,300,160,True,0.880542,False,0.257232,0.0746327,rwanda pen=1.0 phi=0.0 flat
230,620,300,160,True,0.88685,False,0.253451,0.0721491,rwanda pen=1.0 phi=0.0 flat
230,640,300,160,True,0.893343,False,0.250235,0.0701015,rwanda pen=1.0 phi=0.0 flat
230,660,300,160,True,0.899996,False,0.247472,0.0684254,rwanda pen=1.0 phi=0.0 flat
230,680,300,160,True,0.906773,False,0.245182,0.0670391,rwanda pen=1.0 phi=0.0 flat
230,700,300,160,True,0.913662,False,0.243336,0.0659128,rwanda pen=1.0 phi=0.0 flat
230,720,300,160,True,0.920626,False,0.241844,0.0649696,rwanda pen=1.0 phi=0.0 flat
230,740,300,160,True,0.92766,False,0.240911,0.0641947,rwanda pen=1.0 phi=0.0 flat
230,760,300,160,True,0.934753,False,0.240352,0.0635543,rwanda pen=1.0 phi=0.0 flat
230,780,300,160,True,0.941883,False,0.239977,0.0630006,rwanda pen=1.0 phi=0.0 flat
230,800,300,160,True,0.949053,False,0.23977,0.0625324,rwanda pen=1.0 phi=0.0 flat
230,820,300,160,True,0.956247,False,0.239605,0.0621114,rwanda pen=1.0 phi=0.0 flat
230,840,300,160,True,0.963462,False,0.239474,0.0617317,rwanda pen=1.0 phi=0.0 flat
230,860,300,160,True,0.970692,False,0.239343,0.0613815,rwanda pen=1.0 phi=0.0 flat
230,880,300,160,True,0.97793,False,0.239212,0.0610514,rwanda pen=1.0 phi=0.0 flat
230,900,300,160,True,0.985179,False,0.239094,0.0607453,rwanda pen=1.0 phi=0.0 flat
230,920,300,160,True,0.992438,False,0.23901,0.0604597,rwanda pen=1.0 phi=0.0 flat
230,940,300,160,True,0.999704,False,0.238966,0.0601924,rwanda pen=1.0 phi=0.0 flat
230,960,300,160,True,1.00698,False,0.238923,0.059944,rwanda pen=1.0 phi=0.0 flat
230,980,300,160,True,1.01427,False,0.238893,0.0597163,rwanda pen=1.0 phi=0.0 flat
230,1000,300,160,True,1.02157,False,0.238893,0.0595091,rwanda pen=1.0 phi=0.0 flat
230,1020,300,160,True,1.02887,False,0.238893,0.0593177,rwanda pen=1.0 phi=0.0 flat
230,1040,300,160,True,1.03618,False,0.238893,0.059138,rwanda pen=1.0 phi=0.0 flat
230,1060,300,160,True,1.0435,False,0.238893,0.0589689,rwanda pen=1.0 phi=0.0 flat
230,1080,300,160,True,1.05082,False,0.238893,0.0588111,rwanda pen=1.0 phi=0.0 flat
230,1100,300,160,True,1.05816,False,0.238893,0.0586729,rwanda pen=1.0 phi=0.0 flat
230,1120,300,160,True,1.06549,False,0.238893,0.0585472,rwanda pen=1.0 phi=0.0 flat
230,1140,300,160,True,1.07284,False,0.238893,0.0584294,rwanda pen=1.0 phi=0.0 flat
230,1160,300,160,True,1.08019,False,0.238893,0.0583232,rwanda pen=1.0 phi=0.0 flat
230,1180,300,160,True,1.08754,False,0.238893,0.058221,rwanda pen=1.0 phi=0.0 flat
230,1200,300,160,True,1.09489,False,0.238893,0.0581216,rwanda pen=1.0 phi=0.0 flat
230,1220,300,160,True,1.10224,False,0.238893,0.0580251,rwanda pen=1.0 phi=0.0 flat
230,1240,300,160,True,1.10959,False,0.238893,0.057931,rwanda pen=1.0 phi=0.0 flat
230,1260,300,160,True,1.11694,False,0.238893,0.0578371,rwanda pen=1.0 phi=0.0 flat
230,1280,300,160,True,1.1243,False,0.238893,0.0577492,rwanda pen=1.0 phi=0.0 flat
230,1300,300,160,True,1.13166,False,0.238893,0.0576679,rwanda pen=1.0 phi=0.0 flat
230,1320,300,160,True,1.13902,False,0.238893,0.0575878,rwanda pen=1.0 phi=0.0 flat
230,1340,300,160,True,1.14638,False,0.238893,0.0575136,rwanda pen=1.0 phi=0.0 flat
230,1360,300,160,True,1.15375,False,0.238893,0.0574397,rwanda pen=1.0 phi=0.0 flat
230,1380,300,160,True,1.16111,False,0.238893,0.0573657,rwanda pen=1.0 phi=0.0 flat
230,1400,300,160,True,1.16847,False,0.238893,0.0572962,rwanda pen=1.0 phi=0.0 flat
235,0,300,160,True,1.32749,False,0.562221,0.530648,rwanda pen=1.0 phi=0.0 flat
235,20,300,160,True,1.27137,False,0.54824,0.508238,rwanda pen=1.0 phi=0.0 flat
235,40,300,160,True,1.22144,False,0.535035,0.486198,rwanda pen=1.0 phi=0.0 flat
235,60,300,160,True,1.17636,False,0.52207,0.464247,rwanda pen=1.0 phi=0.0 flat
235,80,300,160,True,1.13539,False,0.509285,0.442337,rwanda pen=1.0 phi=0.0 flat
235,100,300,160,True,1.098,False,0.496582,0.420458,rwanda pen=1.0 phi=0.0 flat
235,120,300,160,True,1.06374,False,0.484024,0.398617,rwanda pen=1.0 phi=0.0 flat
235,140,300,160,True,1.03224,False,0.471569,0.376823,rwanda pen=1.0 phi=0.0 flat
235,160,300,160,True,1.00319,False,0.459238,0.355076,rwanda pen=1.0 phi=0.0 flat
235,180,300,160,True,0.97632,False,0.447101,0.333395,rwanda pen=1.0 phi=0.0 flat
235,200,300,160,True,0.951421,False,0.435118,0.311796,rwanda pen=1.0 phi=0.0 flat
235,220,300,160,True,0.928323,False,0.423191,0.290295,rwanda pen=1.0 phi=0.0 flat
235,240,300,160,True,0.907298,False,0.411382,0.269031,rwanda pen=1.0 phi=0.0 flat
235,260,300,160,True,0.889711,False,0.399649,0.248508,rwanda pen=1.0 phi=0.0 flat
235,280,300,160,True,0.876021,False,0.388056,0.229085,rwanda pen=1.0 phi=0.0 flat
235,300,300,160,True,0.865557,False,0.376722,0.210791,rwanda pen=1.0 phi=0.0 flat
235,320,300,160,True,0.857696,False,0.365665,0.193612,rwanda pen=1.0 phi=0.0 flat
235,340,300,160,True,0.851985,False,0.354914,0.17755,rwanda pen=1.0 phi=0.0 flat
235,360,300,160,True,0.848074,False,0.344352,0.16259,rwanda pen=1.0 phi=0.0 flat
235,380,300,160,True,0.8457,False,0.333949,0.148721,rwanda pen=1.0 phi=0.0 flat
235,400,300,160,True,0.844664,False,0.323775,0.135961,rwanda pen=1.0 phi=0.0 flat
235,420,300,160,True,0.844936,False,0.313984,0.124455,rwanda pen=1.0 phi=0.0 flat
235,440,300,160,True,0.846501,False,0.304759,0.114355,rwanda pen=1.0 phi=0.0 flat
235,460,300,160,True,0.849245,False,0.295811,0.105666,rwanda pen=1.0 phi=0.0 flat
235,480,300,160,True,0.852886,False,0.287212,0.0981665,rwanda pen=1.0 phi=0.0 flat
235,500,300,160,True,0.857239,False,0.279146,0.0917101,rwanda pen=1.0 phi=0.0 flat
235,520,300,160,True,0.862071,False,0.271573,0.0860742,rwanda pen=1.0 phi=0.0 flat
235,540,300,160,True,0.867281,False,0.264545,0.0811474,rwanda pen=1.0 phi=0.0 flat
235,560,300,160,True,0.872805,False,0.258046,0.0768596,rwanda pen=1.0 phi=0.0 flat
235,580,300,160,True,0.878588,False,0.252189,0.0731398,rwanda pen=1.0 phi=0.0 flat
235,600,300,160,True,0.884603,False,0.246972,0.0699522,rwanda pen=1.0 phi=0.0 flat
235,620,300,160,True,0.890836,False,0.242437,0.0672628,rwanda pen=1.0 phi=0.0 flat
235,640,300,160,True,0.89725,False,0.238577,0.06501,rwanda pen=1.0 phi=0.0 flat
235,660,300,160,True,0.903829,False,0.235254,0.0631533,rwanda pen=1.0 phi=0.0 flat
235,680,300,160,True,0.910542,False,0.232383,0.0616154,rwanda pen=1.0 phi=0.0 flat
235,700,300,160,True,0.917373,False,0.23001,0.0603659,rwanda pen=1.0 phi=0.0 flat
235,720,300,160,True,0.924286,False,0.2281,0.0593218,rwanda pen=1.0 phi=0.0 flat
235,740,300,160,True,0.931269,False,0.226559,0.0584509,rwanda pen=1.0 phi=0.0 flat
235,760,300,160,True,0.938312,False,0.225578,0.057719,rwanda pen=1.0 phi=0.0 flat
235,780,300,160,True,0.945407,False,0.224995,0.0571061,rwanda pen=1.0 phi=0.0 flat
235,800,300,160,True,0.952544,False,0.224645,0.0565939,rwanda pen=1.0 phi=0.0 flat
235,820,300,160,True,0.959717,False,0.224383,0.056152,rwanda pen=1.0 phi=0.0 flat
235,840,300,160,True,0.966907,False,0.224153,0.0557476,rwanda pen=1.0 phi=0.0 flat
235,860,300,160,True,0.974103,False,0.224009,0.0553641,rwanda pen=1.0 phi=0.0 flat
235,880,300,160,True,0.981312,False,0.223877,0.0550087,rwanda pen=1.0 phi=0.0 flat
235,900,300,160,True,0.988536,False,0.223746,0.054679,rwanda pen=1.0 phi=0.0 flat
235,920,300,160,True,0.995768,False,0.223615,0.0543702,rwanda pen=1.0 phi=0.0 flat
235,940,300,160,True,1.00301,False,0.223484,0.0540767,rwanda pen=1.0 phi=0.0 flat
235,960,300,160,True,1.01027,False,0.223355,0.05382,rwanda pen=1.0 phi=0.0 flat
235,980,300,160,True,1.01753,False,0.223267,0.0535822,rwanda pen=1.0 phi=0.0 flat
235,1000,300,160,True,1.02481,False,0.223179,0.0533582,rwanda pen=1.0 phi=0.0 flat
235,1020,300,160,True,1.03208,False,0.223135,0.0531474,rwanda pen=1.0 phi=0.0 flat
235,1040,300,160,True,1.03937,False,0.223116,0.0529503,rwanda pen=1.0 phi=0.0 flat
235,1060,300,160,True,1.04666,False,0.223116,0.052774,rwanda pen=1.0 phi=0.0 flat
235,1080,300,160,True,1.05397,False,0.223116,0.0526183,rwanda pen=1.0 phi=0.0 flat
235,1100,300,160,True,1.06127,False,0.223116,0.0524687,rwanda pen=1.0 phi=0.0 flat
235,1120,300,160,True,1.06858,False,0.223116,0.052322,rwanda pen=1.0 phi=0.0 flat
235,1140,300,160,True,1.0759,False,0.223116,0.0521916,rwanda pen=1.0 phi=0.0 flat
235,1160,300,160,True,1.08322,False,0.223116,0.0520677,rwanda pen=1.0 phi=0.0 flat
235,1180,300,160,True,1.09054,False,0.223116,0.0519483,rwanda pen=1.0 phi=0.0 flat
235,1200,300,160,True,1.09787,False,0.223116,0.051834,rwanda pen=1.0 phi=0.0 flat
235,1220,300,160,True,1.10519,False,0.223116,0.0517243,rwanda pen=1.0 phi=0.0 flat
235,1240,300,160,True,1.11252,False,0.223116,0.0516253,rwanda pen=1.0 phi=0.0 flat
235,1260,300,160,True,1.11986,False,0.223116,0.0515312,rwanda pen=1.0 phi=0.0 flat
235,1280,300,160,True,1.12719,False,0.223116,0.0514403,rwanda pen=1.0 phi=0.0 flat
235,1300,300,160,True,1.13453,False,0.223116,0.0513514,rwanda pen=1.0 phi=0.0 flat
235,1320,300,160,True,1.14187,False,0.223116,0.0512675,rwanda pen=1.0 phi=0.0 flat
235,1340,300,160,True,1.14921,False,0.223116,0.0511893,rwanda pen=1.0 phi=0.0 flat
235,1360,300,160,True,1.15655,False,0.223116,0.051112,rwanda pen=1.0 phi=0.0 flat
235,1380,300,160,True,1.16389,False,0.223116,0.0510351,rwanda pen=1.0 phi=0.0 flat
235,1400,300,160,True,1.17124,False,0.223116,0.0509612,rwanda pen=1.0 phi=0.0 flat
240,0,300,160,True,1.33637,False,0.560495,0.529249,rwanda pen=1.0 phi=0.0 flat
240,20,300,160,True,1.27997,False,0.546547,0.506865,rwanda pen=1.0 phi=0.0 flat
240,40,300,160,True,1.22974,False,0.533324,0.484829,rwanda pen=1.0 phi=0.0 flat
240,60,300,160,True,1.18436,False,0.520348,0.462876,rwanda pen=1.0 phi=0.0 flat
240,80,300,160,True,1.14311,False,0.507526,0.440959,rwanda pen=1.0 phi=0.0 flat
240,100,300,160,True,1.10545,False,0.494803,0.419072,rwanda pen=1.0 phi=0.0 flat
240,120,300,160,True,1.07093,False,0.482157,0.397212,rwanda pen=1.0 phi=0.0 flat
240,140,300,160,True,1.0392,False,0.469658,0.375396,rwanda pen=1.0 phi=0.0 flat
240,160,300,160,True,1.00991,False,0.457241,0.353622,rwanda pen=1.0 phi=0.0 flat
240,180,300,160,True,0.982817,False,0.444999,0.331903,rwanda pen=1.0 phi=0.0 flat
240,200,300,160,True,0.957695,False,0.432937,0.310255,rwanda pen=1.0 phi=0.0 flat
240,220,300,160,True,0.934379,False,0.420984,0.288698,rwanda pen=1.0 phi=0.0 flat
240,240,300,160,True,0.913183,False,0.409084,0.267383,rwanda pen=1.0 phi=0.0 flat
240,260,300,160,True,0.895479,False,0.397303,0.246816,rwanda pen=1.0 phi=0.0 flat
240,280,300,160,True,0.881686,False,0.385601,0.227338,rwanda pen=1.0 phi=0.0 flat
240,300,300,160,True,0.871125,False,0.374076,0.208977,rwanda pen=1.0 phi=0.0 flat
240,320,300,160,True,0.863165,False,0.362784,0.191716,rwanda pen=1.0 phi=0.0 flat
240,340,300,160,True,0.857346,False,0.35181,0.17555,rwanda pen=1.0 phi=0.0 flat
240,360,300,160,True,0.853336,False,0.341083,0.160477,rwanda pen=1.0 phi=0.0 flat
240,380,300,160,True,0.850859,False,0.33053,0.146491,rwanda pen=1.0 phi=0.0 flat
240,400,300,160,True,0.849741,False,0.32013,0.133614,rwanda pen=1.0 phi=0.0 flat
240,420,300,160,True,0.849918,False,0.309928,0.121964,rwanda pen=1.0 phi=0.0 flat
240,440,300,160,True,0.85139,False,0.30008,0.111693,rwanda pen=1.0 phi=0.0 flat
240,460,300,160,True,0.854068,False,0.290782,0.102852,rwanda pen=1.0 phi=0.0 flat
240,480,300,160,True,0.857659,False,0.281746,0.0952091,rwanda pen=1.0 phi=0.0 flat
240,500,300,160,True,0.861931,False,0.273065,0.0885557,rwanda pen=1.0 phi=0.0 flat
240,520,300,160,True,0.866682,False,0.264912,0.0827164,rwanda pen=1.0 phi=0.0 flat
240,540,300,160,True,0.871801,False,0.257245,0.0775671,rwanda pen=1.0 phi=0.0 flat
240,560,300,160,True,0.877234,False,0.250126,0.0730614,rwanda pen=1.0 phi=0.0 flat
240,580,300,160,True,0.882936,False,0.243535,0.0691348,rwanda pen=1.0 phi=0.0 flat
240,600,300,160,True,0.888884,False,0.237596,0.0657589,rwanda pen=1.0 phi=0.0 flat
240,620,300,160,True,0.89504,False,0.232274,0.0628668,rwanda pen=1.0 phi=0.0 flat
240,640,300,160,True,0.901382,False,0.227639,0.0604204,rwanda pen=1.0 phi=0.0 flat
240,660,300,160,True,0.907888,False,0.223686,0.0583798,rwanda pen=1.0 phi=0.0 flat
240,680,300,160,True,0.914542,False,0.220267,0.0566991,rwanda pen=1.0 phi=0.0 flat
240,700,300,160,True,0.92131,False,0.217306,0.0553149,rwanda pen=1.0 phi=0.0 flat
240,720,300,160,True,0.928169,False,0.214886,0.0541588,rwanda pen=1.0 phi=0.0 flat
240,740,300,160,True,0.93511,False,0.212936,0.0532008,rwanda pen=1.0 phi=0.0 flat
240,760,300,160,True,0.942111,False,0.211477,0.0523884,rwanda pen=1.0 phi=0.0 flat
240,780,300,160,True,0.949164,False,0.21047,0.0517022,rwanda pen=1.0 phi=0.0 flat
240,800,300,160,True,0.956262,False,0.209896,0.0511179,rwanda pen=1.0 phi=0.0 flat
240,820,300,160,True,0.963399,False,0.209529,0.0506233,rwanda pen=1.0 phi=0.0 flat
240,840,300,160,True,0.970555,False,0.209257,0.0501785,rwanda pen=1.0 phi=0.0 flat
240,860,300,160,True,0.977727,False,0.208995,0.0497659,rwanda pen=1.0 phi=0.0 flat
240,880,300,160,True,0.984918,False,0.208761,0.0493963,rwanda pen=1.0 phi=0.0 flat
240,900,300,160,True,0.992121,False,0.208555,0.0490541,rwanda pen=1.0 phi=0.0 flat
240,920,300,160,True,0.99934,False,0.20838,0.0487428,rwanda pen=1.0 phi=0.0 flat
240,940,300,160,True,1.00657,False,0.208243,0.048453,rwanda pen=1.0 phi=0.0 flat
240,960,300,160,True,1.0138,False,0.208111,0.048174,rwanda pen=1.0 phi=0.0 flat
240,980,300,160,True,1.02104,False,0.20798,0.0479137,rwanda pen=1.0 phi=0.0 flat
240,1000,300,160,True,1.02829,False,0.207848,0.0476744,rwanda pen=1.0 phi=0.0 flat
240,1020,300,160,True,1.03554,False,0.207717,0.0474416,rwanda pen=1.0 phi=0.0 flat
240,1040,300,160,True,1.0428,False,0.207585,0.047226,rwanda pen=1.0 phi=0.0 flat
240,1060,300,160,True,1.05006,False,0.207454,0.0470235,rwanda pen=1.0 phi=0.0 flat
240,1080,300,160,True,1.05733,False,0.207358,0.0468268,rwanda pen=1.0 phi=0.0 flat
240,1100,300,160,True,1.06461,False,0.207345,0.0466477,rwanda pen=1.0 phi=0.0 flat
240,1120,300,160,True,1.07189,False,0.207345,0.046486,rwanda pen=1.0 phi=0.0 flat
240,1140,300,160,True,1.07918,False,0.207345,0.0463399,rwanda pen=1.0 phi=0.0 flat
240,1160,300,160,True,1.08648,False,0.207345,0.0462032,rwanda pen=1.0 phi=0.0 flat
240,1180,300,160,True,1.09378,False,0.207345,0.0460786,rwanda pen=1.0 phi=0.0 flat
240,1200,300,160,True,1.10109,False,0.207345,0.0459677,rwanda pen=1.0 phi=0.0 flat
240,1220,300,160,True,1.1084,False,0.207345,0.0458578,rwanda pen=1.0 phi=0.0 flat
240,1240,300,160,True,1.11572,False,0.207345,0.0457636,rwanda pen=1.0 phi=0.0 flat
240,1260,300,160,True,1.12304,False,0.207345,0.0456729,rwanda pen=1.0 phi=0.0 flat
240,1280,300,160,True,1.13036,False,0.207345,0.0455855,rwanda pen=1.0 phi=0.0 flat
240,1300,300,160,True,1.13768,False,0.207345,0.0454982,rwanda pen=1.0 phi=0.0 flat
240,1320,300,160,True,1.145,False,0.207345,0.0454129,rwanda pen=1.0 phi=0.0 flat
240,1340,300,160,True,1.15232,False,0.207345,0.0453289,rwanda pen=1.0 phi=0.0 flat
240,1360,300,160,True,1.15964,False,0.207345,0.0452454,rwanda pen=1.0 phi=0.0 flat
240,1380,300,160,True,1.16696,False,0.207345,0.045168,rwanda pen=1.0 phi=0.0 flat
240,1400,300,160,True,1.17429,False,0.207345,0.045092,rwanda pen=1.0 phi=0.0 flat
245,0,300,160,True,1.34532,False,0.558836,0.527893,rwanda pen=1.0 phi=0.0 flat
245,20,300,160,True,1.28862,False,0.544912,0.505533,rwanda pen=1.0 phi=0.0 flat
245,40,300,160,True,1.23808,False,0.531693,0.483503,rwanda pen=1.0 phi=0.0 flat
245,60,300,160,True,1.1924,False,0.518709,0.46155,rwanda pen=1.0 phi=0.0 flat
245,80,300,160,True,1.15086,False,0.505839,0.439627,rwanda pen=1.0 phi=0.0 flat
245,100,300,160,True,1.11294,False,0.493097,0.417731,rwanda pen=1.0 phi=0.0 flat
245,120,300,160,True,1.07817,False,0.480409,0.395859,rwanda pen=1.0 phi=0.0 flat
245,140,300,160,True,1.04619,False,0.467837,0.374024,rwanda pen=1.0 phi=0.0 flat
245,160,300,160,True,1.01667,False,0.455377,0.352227,rwanda pen=1.0 phi=0.0 flat
245,180,300,160,True,0.989353,False,0.443014,0.330474,rwanda pen=1.0 phi=0.0 flat
245,200,300,160,True,0.964013,False,0.43084,0.308784,rwanda pen=1.0 phi=0.0 flat
245,220,300,160,True,0.940481,False,0.418841,0.287177,rwanda pen=1.0 phi=0.0 flat
245,240,300,160,True,0.919112,False,0.406916,0.265813,rwanda pen=1.0 phi=0.0 flat
245,260,300,160,True,0.901296,False,0.395053,0.245205,rwanda pen=1.0 phi=0.0 flat
245,280,300,160,True,0.887407,False,0.383287,0.225684,rwanda pen=1.0 phi=0.0 flat
245,300,300,160,True,0.876747,False,0.37162,0.207265,rwanda pen=1.0 phi=0.0 flat
245,320,300,160,True,0.868693,False,0.360149,0.189936,rwanda pen=1.0 phi=0.0 flat
245,340,300,160,True,0.86278,False,0.348903,0.173682,rwanda pen=1.0 phi=0.0 flat
245,360,300,160,True,0.85867,False,0.337995,0.158508,rwanda pen=1.0 phi=0.0 flat
245,380,300,160,True,0.856101,False,0.327294,0.144413,rwanda pen=1.0 phi=0.0 flat
245,400,300,160,True,0.854906,False,0.31673,0.131437,rwanda pen=1.0 phi=0.0 flat
245,420,300,160,True,0.855006,False,0.306288,0.119678,rwanda pen=1.0 phi=0.0 flat
245,440,300,160,True,0.856399,False,0.296033,0.109276,rwanda pen=1.0 phi=0.0 flat
245,460,300,160,True,0.85901,False,0.286105,0.10029,rwanda pen=1.0 phi=0.0 flat
245,480,300,160,True,0.862552,False,0.276733,0.0925179,rwanda pen=1.0 phi=0.0 flat
245,500,300,160,True,0.866762,False,0.267616,0.0857084,rwanda pen=1.0 phi=0.0 flat
245,520,300,160,True,0.87144,False,0.258854,0.0796857,rwanda pen=1.0 phi=0.0 flat
245,540,300,160,True,0.876472,False,0.250628,0.0743313,rwanda pen=1.0 phi=0.0 flat
245,560,300,160,True,0.881828,False,0.242867,0.0696337,rwanda pen=1.0 phi=0.0 flat
245,580,300,160,True,0.887451,False,0.235669,0.0655135,rwanda pen=1.0 phi=0.0 flat
245,600,300,160,True,0.893334,False,0.228986,0.0619591,rwanda pen=1.0 phi=0.0 flat
245,620,300,160,True,0.899425,False,0.222977,0.0588888,rwanda pen=1.0 phi=0.0 flat
245,640,300,160,True,0.905698,False,0.217561,0.0562639,rwanda pen=1.0 phi=0.0 flat
245,660,300,160,True,0.912142,False,0.212837,0.0540568,rwanda pen=1.0 phi=0.0 flat
245,680,300,160,True,0.918728,False,0.208787,0.0522139,rwanda pen=1.0 phi=0.0 flat
245,700,300,160,True,0.925439,False,0.205279,0.0506956,rwanda pen=1.0 phi=0.0 flat
245,720,300,160,True,0.932254,False,0.202324,0.0494323,rwanda pen=1.0 phi=0.0 flat
245,740,300,160,True,0.939152,False,0.199925,0.0483861,rwanda pen=1.0 phi=0.0 flat
245,760,300,160,True,0.946125,False,0.19813,0.0475277,rwanda pen=1.0 phi=0.0 flat
245,780,300,160,True,0.953148,False,0.196747,0.046787,rwanda pen=1.0 phi=0.0 flat
245,800,300,160,True,0.960212,False,0.195755,0.0461437,rwanda pen=1.0 phi=0.0 flat
245,820,300,160,True,0.967312,False,0.195117,0.0455873,rwanda pen=1.0 phi=0.0 flat
245,840,300,160,True,0.97444,False,0.194689,0.0451006,rwanda pen=1.0 phi=0.0 flat
245,860,300,160,True,0.981588,False,0.194388,0.044665,rwanda pen=1.0 phi=0.0 flat
245,880,300,160,True,0.988756,False,0.194139,0.0442713,rwanda pen=1.0 phi=0.0 flat
245,900,300,160,True,0.995943,False,0.19392,0.0439166,rwanda pen=1.0 phi=0.0 flat
245,920,300,160,True,1.00313,False,0.193701,0.0435777,rwanda pen=1.0 phi=0.0 flat
245,940,300,160,True,1.01033,False,0.193482,0.0432583,rwanda pen=1.0 phi=0.0 flat
245,960,300,160,True,1.01754,False,0.193264,0.0429546,rwanda pen=1.0 phi=0.0 flat
245,980,300,160,True,1.02475,False,0.193045,0.0426702,rwanda pen=1.0 phi=0.0 flat
245,1000,300,160,True,1.03197,False,0.192826,0.0424047,rwanda pen=1.0 phi=0.0 flat
245,1020,300,160,True,1.03921,False,0.192611,0.0421632,rwanda pen=1.0 phi=0.0 flat
245,1040,300,160,True,1.04645,False,0.19248,0.041941,rwanda pen=1.0 phi=0.0 flat
245,1060,300,160,True,1.05371,False,0.192348,0.0417376,rwanda pen=1.0 phi=0.0 flat
245,1080,300,160,True,1.06096,False,0.192217,0.0415432,rwanda pen=1.0 phi=0.0 flat
245,1100,300,160,True,1.06822,False,0.192085,0.0413552,rwanda pen=1.0 phi=0.0 flat
245,1120,300,160,True,1.07548,False,0.191953,0.0411735,rwanda pen=1.0 phi=0.0 flat
245,1140,300,160,True,1.08275,False,0.191822,0.0410142,rwanda pen=1.0 phi=0.0 flat
245,1160,300,160,True,1.09003,False,0.191734,0.0408737,rwanda pen=1.0 phi=0.0 flat
245,1180,300,160,True,1.09732,False,0.191646,0.0407401,rwanda pen=1.0 phi=0.0 flat
245,1200,300,160,True,1.10461,False,0.191581,0.0406128,rwanda pen=1.0 phi=0.0 flat
245,1220,300,160,True,1.1119,False,0.191581,0.0404962,rwanda pen=1.0 phi=0.0 flat
245,1240,300,160,True,1.11919,False,0.191581,0.0403903,rwanda pen=1.0 phi=0.0 flat
245,1260,300,160,True,1.12649,False,0.191581,0.0402895,rwanda pen=1.0 phi=0.0 flat
245,1280,300,160,True,1.13379,False,0.191581,0.0401894,rwanda pen=1.0 phi=0.0 flat
245,1300,300,160,True,1.14108,False,0.191581,0.0400919,rwanda pen=1.0 phi=0.0 flat
245,1320,300,160,True,1.14839,False,0.191581,0.0400036,rwanda pen=1.0 phi=0.0 flat
245,1340,300,160,True,1.15569,False,0.191581,0.0399182,rwanda pen=1.0 phi=0.0 flat
245,1360,300,160,True,1.163,False,0.191581,0.0398341,rwanda pen=1.0 phi=0.0 flat
245,1380,300,160,True,1.1703,False,0.191581,0.0397501,rwanda pen=1.0 phi=0.0 flat
245,1400,300,160,True,1.17761,False,0.191581,0.0396664,rwanda pen=1.0 phi=0.0 flat
250,0,300,160,True,1.35434,False,0.557228,0.52658,rwanda pen=1.0 phi=0.0 flat
250,20,300,160,True,1.29732,False,0.543339,0.504243,rwanda pen=1.0 phi=0.0 flat
250,40,300,160,True,1.24647,False,0.530121,0.482219,rwanda pen=1.0 phi=0.0 flat
250,60,300,160,True,1.20049,False,0.517128,0.460264,rwanda pen=1.0 phi=0.0 flat
250,80,300,160,True,1.15867,False,0.504239,0.438337,rwanda pen=1.0 phi=0.0 flat
250,100,300,160,True,1.12048,False,0.491477,0.416435,rwanda pen=1.0 phi=0.0 flat
250,120,300,160,True,1.08545,False,0.478756,0.394552,rwanda pen=1.0 phi=0.0 flat
250,140,300,160,True,1.05322,False,0.466121,0.372699,rwanda pen=1.0 phi=0.0 flat
250,160,300,160,True,1.02347,False,0.453594,0.350883,rwanda pen=1.0 phi=0.0 flat
250,180,300,160,True,0.995934,False,0.441165,0.329104,rwanda pen=1.0 phi=0.0 flat
250,200,300,160,True,0.970377,False,0.428874,0.307377,rwanda pen=1.0 phi=0.0 flat
250,220,300,160,True,0.946631,False,0.416758,0.285722,rwanda pen=1.0 phi=0.0 flat
250,240,300,160,True,0.925085,False,0.404813,0.264312,rwanda pen=1.0 phi=0.0 flat
250,260,300,160,True,0.907158,False,0.392894,0.24367,rwanda pen=1.0 phi=0.0 flat
250,280,300,160,True,0.893179,False,0.381061,0.224113,rwanda pen=1.0 phi=0.0 flat
250,300,300,160,True,0.882424,False,0.369328,0.205647,rwanda pen=1.0 phi=0.0 flat
250,320,300,160,True,0.874283,False,0.357693,0.188261,rwanda pen=1.0 phi=0.0 flat
250,340,300,160,True,0.868281,False,0.346267,0.171937,rwanda pen=1.0 phi=0.0 flat
250,360,300,160,True,0.864073,False,0.335066,0.156668,rwanda pen=1.0 phi=0.0 flat
250,380,300,160,True,0.861414,False,0.324209,0.142474,rwanda pen=1.0 phi=0.0 flat
250,400,300,160,True,0.860142,False,0.313508,0.129404,rwanda pen=1.0 phi=0.0 flat
250,420,300,160,True,0.860181,False,0.302902,0.11756,rwanda pen=1.0 phi=0.0 flat
250,440,300,160,True,0.861515,False,0.292381,0.107063,rwanda pen=1.0 phi=0.0 flat
250,460,300,160,True,0.864064,False,0.282045,0.0979642,rwanda pen=1.0 phi=0.0 flat
250,480,300,160,True,0.867558,False,0.27204,0.0900683,rwanda pen=1.0 phi=0.0 flat
250,500,300,160,True,0.871719,False,0.262599,0.083132,rwanda pen=1.0 phi=0.0 flat
250,520,300,160,True,0.87633,False,0.253409,0.0769509,rwanda pen=1.0 phi=0.0 flat
250,540,300,160,True,0.881291,False,0.244573,0.0714251,rwanda pen=1.0 phi=0.0 flat
250,560,300,160,True,0.886574,False,0.23627,0.066553,rwanda pen=1.0 phi=0.0 flat
250,580,300,160,True,0.892136,False,0.228436,0.0622633,rwanda pen=1.0 phi=0.0 flat
250,600,300,160,True,0.897954,False,0.221159,0.0585426,rwanda pen=1.0 phi=0.0 flat
250,620,300,160,True,0.903985,False,0.214396,0.0553137,rwanda pen=1.0 phi=0.0 flat
250,640,300,160,True,0.910204,False,0.208319,0.0525446,rwanda pen=1.0 phi=0.0 flat
250,660,300,160,True,0.916595,False,0.202816,0.050194,rwanda pen=1.0 phi=0.0 flat
250,680,300,160,True,0.923124,False,0.198015,0.0482062,rwanda pen=1.0 phi=0.0 flat
250,700,300,160,True,0.929784,False,0.193864,0.0465526,rwanda pen=1.0 phi=0.0 flat
250,720,300,160,True,0.936548,False,0.190359,0.0451733,rwanda pen=1.0 phi=0.0 flat
250,740,300,160,True,0.943414,False,0.187499,0.0440555,rwanda pen=1.0 phi=0.0 flat
250,760,300,160,True,0.950347,False,0.185287,0.0431145,rwanda pen=1.0 phi=0.0 flat
250,780,300,160,True,0.957337,False,0.183636,0.0423184,rwanda pen=1.0 phi=0.0 flat
250,800,300,160,True,0.964374,False,0.182379,0.0416324,rwanda pen=1.0 phi=0.0 flat
250,820,300,160,True,0.971446,False,0.181329,0.0410281,rwanda pen=1.0 phi=0.0 flat
250,840,300,160,True,0.978548,False,0.180603,0.040502,rwanda pen=1.0 phi=0.0 flat
250,860,300,160,True,0.985679,False,0.180111,0.0400471,rwanda pen=1.0 phi=0.0 flat
250,880,300,160,True,0.99283,False,0.179718,0.0396372,rwanda pen=1.0 phi=0.0 flat
250,900,300,160,True,0.999989,False,0.17942,0.039252,rwanda pen=1.0 phi=0.0 flat
250,920,300,160,True,1.00716,False,0.179158,0.0388874,rwanda pen=1.0 phi=0.0 flat
250,940,300,160,True,1.01434,False,0.178905,0.0385476,rwanda pen=1.0 phi=0.0 flat
250,960,300,160,True,1.02153,False,0.178686,0.038233,rwanda pen=1.0 phi=0.0 flat
250,980,300,160,True,1.02873,False,0.178467,0.0379291,rwanda pen=1.0 phi=0.0 flat
250,1000,300,160,True,1.03593,False,0.178248,0.0376571,rwanda pen=1.0 phi=0.0 flat
250,1020,300,160,True,1.04315,False,0.178029,0.0374063,rwanda pen=1.0 phi=0.0 flat
250,1040,300,160,True,1.05038,False,0.17781,0.0371687,rwanda pen=1.0 phi=0.0 flat
250,1060,300,160,True,1.05761,False,0.177591,0.0369489,rwanda pen=1.0 phi=0.0 flat
250,1080,300,160,True,1.06485,False,0.177372,0.0367424,rwanda pen=1.0 phi=0.0 flat
250,1100,300,160,True,1.07209,False,0.177152,0.0365423,rwanda pen=1.0 phi=0.0 flat
250,1120,300,160,True,1.07933,False,0.176933,0.0363583,rwanda pen=1.0 phi=0.0 flat
250,1140,300,160,True,1.08659,False,0.176754,0.03619,rwanda pen=1.0 phi=0.0 flat
250,1160,300,160,True,1.09384,False,0.176616,0.0360329,rwanda pen=1.0 phi=0.0 flat
250,1180,300,160,True,1.10111,False,0.176485,0.0358825,rwanda pen=1.0 phi=0.0 flat
250,1200,300,160,True,1.10837,False,0.176363,0.0357395,rwanda pen=1.0 phi=0.0 flat
250,1220,300,160,True,1.11564,False,0.176275,0.0356111,rwanda pen=1.0 phi=0.0 flat
250,1240,300,160,True,1.12292,False,0.176187,0.0354908,rwanda pen=1.0 phi=0.0 flat
250,1260,300,160,True,1.13019,False,0.1761,0.0353749,rwanda pen=1.0 phi=0.0 flat
250,1280,300,160,True,1.13747,False,0.176012,0.035264,rwanda pen=1.0 phi=0.0 flat
250,1300,300,160,True,1.14476,False,0.175924,0.0351578,rwanda pen=1.0 phi=0.0 flat
250,1320,300,160,True,1.15204,False,0.175843,0.0350561,rwanda pen=1.0 phi=0.0 flat
250,1340,300,160,True,1.15933,False,0.175822,0.0349638,rwanda pen=1.0 phi=0.0 flat
250,1360,300,160,True,1.16661,False,0.175822,0.0348731,rwanda pen=1.0 phi=0.0 flat
250,1380,300,160,True,1.1739,False,0.175822,0.0347857,rwanda pen=1.0 phi=0.0 flat
250,1400,300,160,True,1.18119,False,0.175822,0.0346984,rwanda pen=1.0 phi=0.0 flat
255,0,300,160,True,1.36341,False,0.555665,0.525304,rwanda pen=1.0 phi=0.0 flat
255,20,300,160,True,1.30608,False,0.541821,0.50299,rwanda pen=1.0 phi=0.0 flat
255,40,300,160,True,1.25491,False,0.528609,0.480973,rwanda pen=1.0 phi=0.0 flat
255,60,300,160,True,1.20862,False,0.515608,0.459018,rwanda pen=1.0 phi=0.0 flat
255,80,300,160,True,1.16651,False,0.502705,0.437089,rwanda pen=1.0 phi=0.0 flat
255,100,300,160,True,1.12805,False,0.489911,0.415179,rwanda pen=1.0 phi=0.0 flat
255,120,300,160,True,1.09276,False,0.477173,0.393288,rwanda pen=1.0 phi=0.0 flat
255,140,300,160,True,1.06029,False,0.464501,0.371422,rwanda pen=1.0 phi=0.0 flat
255,160,300,160,True,1.03031,False,0.451893,0.349588,rwanda pen=1.0 phi=0.0 flat
255,180,300,160,True,1.00255,False,0.439415,0.327788,rwanda pen=1.0 phi=0.0 flat
255,200,300,160,True,0.976778,False,0.42703,0.30603,rwanda pen=1.0 phi=0.0 flat
255,220,300,160,True,0.952824,False,0.414793,0.284333,rwanda pen=1.0 phi=0.0 flat
255,240,300,160,True,0.9311,False,0.402738,0.26288,rwanda pen=1.0 phi=0.0 flat
255,260,300,160,True,0.913061,False,0.390818,0.242207,rwanda pen=1.0 phi=0.0 flat
255,280,300,160,True,0.898993,False,0.378925,0.222617,rwanda pen=1.0 phi=0.0 flat
255,300,300,160,True,0.888148,False,0.367105,0.204109,rwanda pen=1.0 phi=0.0 flat
255,320,300,160,True,0.879922,False,0.35541,0.186677,rwanda pen=1.0 phi=0.0 flat
255,340,300,160,True,0.873834,False,0.343816,0.170294,rwanda pen=1.0 phi=0.0 flat
255,360,300,160,True,0.869541,False,0.332426,0.154954,rwanda pen=1.0 phi=0.0 flat
255,380,300,160,True,0.866792,False,0.321277,0.140665,rwanda pen=1.0 phi=0.0 flat
255,400,300,160,True,0.86544,False,0.310451,0.127504,rwanda pen=1.0 phi=0.0 flat
255,420,300,160,True,0.865426,False,0.29969,0.115586,rwanda pen=1.0 phi=0.0 flat
255,440,300,160,True,0.866716,False,0.289,0.10502,rwanda pen=1.0 phi=0.0 flat
255,460,300,160,True,0.869215,False,0.27838,0.0958333,rwanda pen=1.0 phi=0.0 flat
255,480,300,160,True,0.872669,False,0.267961,0.0878462,rwanda pen=1.0 phi=0.0 flat
255,500,300,160,True,0.876772,False,0.257906,0.0807764,rwanda pen=1.0 phi=0.0 flat
255,520,300,160,True,0.881335,False,0.248383,0.0744762,rwanda pen=1.0 phi=0.0 flat
255,540,300,160,True,0.886229,False,0.239129,0.0687957,rwanda pen=1.0 phi=0.0 flat
255,560,300,160,True,0.891457,False,0.230214,0.0637767,rwanda pen=1.0 phi=0.0 flat
255,580,300,160,True,0.89695,False,0.22185,0.0593221,rwanda pen=1.0 phi=0.0 flat
255,600,300,160,True,0.90271,False,0.213946,0.0554513,rwanda pen=1.0 phi=0.0 flat
255,620,300,160,True,0.908683,False,0.2066,0.0520788,rwanda pen=1.0 phi=0.0 flat
255,640,300,160,True,0.914861,False,0.199759,0.0491866,rwanda pen=1.0 phi=0.0 flat
255,660,300,160,True,0.921198,False,0.193623,0.0466973,rwanda pen=1.0 phi=0.0 flat
255,680,300,160,True,0.927681,False,0.188042,0.0445787,rwanda pen=1.0 phi=0.0 flat
255,700,300,160,True,0.934292,False,0.183176,0.0428,rwanda pen=1.0 phi=0.0 flat
255,720,300,160,True,0.941018,False,0.179014,0.0413256,rwanda pen=1.0 phi=0.0 flat
255,740,300,160,True,0.947839,False,0.175593,0.0401116,rwanda pen=1.0 phi=0.0 flat
255,760,300,160,True,0.954739,False,0.172983,0.0391025,rwanda pen=1.0 phi=0.0 flat
255,780,300,160,True,0.9617,False,0.171051,0.0382487,rwanda pen=1.0 phi=0.0 flat
255,800,300,160,True,0.968708,False,0.169574,0.0375124,rwanda pen=1.0 phi=0.0 flat
255,820,300,160,True,0.975752,False,0.16839,0.0368693,rwanda pen=1.0 phi=0.0 flat
255,840,300,160,True,0.982829,False,0.167381,0.0363011,rwanda pen=1.0 phi=0.0 flat
255,860,300,160,True,0.989933,False,0.16656,0.0357965,rwanda pen=1.0 phi=0.0 flat
255,880,300,160,True,0.997058,False,0.165966,0.0353458,rwanda pen=1.0 phi=0.0 flat
255,900,300,160,True,1.0042,False,0.165497,0.0349309,rwanda pen=1.0 phi=0.0 flat
255,920,300,160,True,1.01135,False,0.16506,0.0345475,rwanda pen=1.0 phi=0.0 flat
255,940,300,160,True,1.01851,False,0.164675,0.0341998,rwanda pen=1.0 phi=0.0 flat
255,960,300,160,True,1.02569,False,0.164382,0.0338776,rwanda pen=1.0 phi=0.0 flat
255,980,300,160,True,1.03288,False,0.164119,0.0335818,rwanda pen=1.0 phi=0.0 flat
255,1000,300,160,True,1.04008,False,0.163857,0.0333016,rwanda pen=1.0 phi=0.0 flat
255,1020,300,160,True,1.04728,False,0.163594,0.0330368,rwanda pen=1.0 phi=0.0 flat
255,1040,300,160,True,1.05449,False,0.163331,0.0327865,rwanda pen=1.0 phi=0.0 flat
255,1060,300,160,True,1.0617,False,0.1631,0.0325464,rwanda pen=1.0 phi=0.0 flat
255,1080,300,160,True,1.06891,False,0.16288,0.0323211,rwanda pen=1.0 phi=0.0 flat
255,1100,300,160,True,1.07614,False,0.162661,0.0321137,rwanda pen=1.0 phi=0.0 flat
255,1120,300,160,True,1.08337,False,0.162442,0.0319169,rwanda pen=1.0 phi=0.0 flat
255,1140,300,160,True,1.0906,False,0.162223,0.0317287,rwanda pen=1.0 phi=0.0 flat
255,1160,300,160,True,1.09784,False,0.162003,0.0315548,rwanda pen=1.0 phi=0.0 flat
255,1180,300,160,True,1.10508,False,0.161784,0.0313898,rwanda pen=1.0 phi=0.0 flat
255,1200,300,160,True,1.11233,False,0.161564,0.0312372,rwanda pen=1.0 phi=0.0 flat
255,1220,300,160,True,1.11958,False,0.161345,0.0310926,rwanda pen=1.0 phi=0.0 flat
255,1240,300,160,True,1.12684,False,0.161162,0.0309598,rwanda pen=1.0 phi=0.0 flat
255,1260,300,160,True,1.1341,False,0.160987,0.0308335,rwanda pen=1.0 phi=0.0 flat
255,1280,300,160,True,1.14137,False,0.160874,0.0307216,rwanda pen=1.0 phi=0.0 flat
255,1300,300,160,True,1.14864,False,0.160786,0.0306235,rwanda pen=1.0 phi=0.0 flat
255,1320,300,160,True,1.15591,False,0.160698,0.0305268,rwanda pen=1.0 phi=0.0 flat
255,1340,300,160,True,1.16319,False,0.16061,0.0304376,rwanda pen=1.0 phi=0.0 flat
255,1360,300,160,True,1.17047,False,0.160522,0.0303526,rwanda pen=1.0 phi=0.0 flat
255,1380,300,160,True,1.17775,False,0.160434,0.0302686,rwanda pen=1.0 phi=0.0 flat
255,1400,300,160,True,1.18503,False,0.160346,0.0301846,rwanda pen=1.0 phi=0.0 flat
260,0,300,160,True,1.37252,False,0.554146,0.524065,rwanda pen=1.0 phi=0.0 flat
260,20,300,160,True,1.31488,False,0.54034,0.501772,rwanda pen=1.0 phi=0.0 flat
260,40,300,160,True,1.26338,False,0.527137,0.47976,rwanda pen=1.0 phi=0.0 flat
260,60,300,160,True,1.21678,False,0.514127,0.457806,rwanda pen=1.0 phi=0.0 flat
260,80,300,160,True,1.17439,False,0.501218,0.435876,rwanda pen=1.0 phi=0.0 flat
260,100,300,160,True,1.13565,False,0.488406,0.413961,rwanda pen=1.0 phi=0.0 flat
260,120,300,160,True,1.10011,False,0.47564,0.392062,rwanda pen=1.0 phi=0.0 flat
260,140,300,160,True,1.06739,False,0.462937,0.370183,rwanda pen=1.0 phi=0.0 flat
260,160,300,160,True,1.03718,False,0.450292,0.348335,rwanda pen=1.0 phi=0.0 flat
260,180,300,160,True,1.0092,False,0.437726,0.326517,rwanda pen=1.0 phi=0.0 flat
260,200,300,160,True,0.983212,False,0.425279,0.304733,rwanda pen=1.0 phi=0.0 flat
260,220,300,160,True,0.959053,False,0.412945,0.283004,rwanda pen=1.0 phi=0.0 flat
260,240,300,160,True,0.937151,False,0.400751,0.261512,rwanda pen=1.0 phi=0.0 flat
260,260,300,160,True,0.919002,False,0.388776,0.240809,rwanda pen=1.0 phi=0.0 flat
260,280,300,160,True,0.904843,False,0.376856,0.22119,rwanda pen=1.0 phi=0.0 flat
260,300,300,160,True,0.893915,False,0.364991,0.202649,rwanda pen=1.0 phi=0.0 flat
260,320,300,160,True,0.885603,False,0.353199,0.185172,rwanda pen=1.0 phi=0.0 flat
260,340,300,160,True,0.879435,False,0.341521,0.168741,rwanda pen=1.0 phi=0.0 flat
260,360,300,160,True,0.875063,False,0.329986,0.153343,rwanda pen=1.0 phi=0.0 flat
260,380,300,160,True,0.87223,False,0.318618,0.138977,rwanda pen=1.0 phi=0.0 flat
260,400,300,160,True,0.870801,False,0.307505,0.125728,rwanda pen=1.0 phi=0.0 flat
260,420,300,160,True,0.87074,False,0.296653,0.113748,rwanda pen=1.0 phi=0.0 flat
260,440,300,160,True,0.871984,False,0.285789,0.103117,rwanda pen=1.0 phi=0.0 flat
260,460,300,160,True,0.874446,False,0.274989,0.093865,rwanda pen=1.0 phi=0.0 flat
260,480,300,160,True,0.877866,False,0.264267,0.0858071,rwanda pen=1.0 phi=0.0 flat
260,500,300,160,True,0.881917,False,0.25378,0.0786333,rwanda pen=1.0 phi=0.0 flat
260,520,300,160,True,0.886435,False,0.243677,0.0722184,rwanda pen=1.0 phi=0.0 flat
260,540,300,160,True,0.891279,False,0.234082,0.0664145,rwanda pen=1.0 phi=0.0 flat
260,560,300,160,True,0.896448,False,0.224761,0.0612562,rwanda pen=1.0 phi=0.0 flat
260,580,300,160,True,0.901888,False,0.215783,0.0566639,rwanda pen=1.0 phi=0.0 flat
260,600,300,160,True,0.907589,False,0.207356,0.0526528,rwanda pen=1.0 phi=0.0 flat
260,620,300,160,True,0.913513,False,0.199396,0.0491484,rwanda pen=1.0 phi=0.0 flat
260,640,300,160,True,0.919648,False,0.191983,0.0461391,rwanda pen=1.0 phi=0.0 flat
260,660,300,160,True,0.925941,False,0.185077,0.0435299,rwanda pen=1.0 phi=0.0 flat
260,680,300,160,True,0.93238,False,0.178886,0.0413018,rwanda pen=1.0 phi=0.0 flat
260,700,300,160,True,0.938952,False,0.173241,0.0394201,rwanda pen=1.0 phi=0.0 flat
260,720,300,160,True,0.945634,False,0.168403,0.0378379,rwanda pen=1.0 phi=0.0 flat
260,740,300,160,True,0.95242,False,0.164369,0.036539,rwanda pen=1.0 phi=0.0 flat
260,760,300,160,True,0.959288,False,0.161242,0.0354541,rwanda pen=1.0 phi=0.0 flat
260,780,300,160,True,0.966219,False,0.158948,0.0345377,rwanda pen=1.0 phi=0.0 flat
260,800,300,160,True,0.973211,False,0.157303,0.033779,rwanda pen=1.0 phi=0.0 flat
260,820,300,160,True,0.980242,False,0.155985,0.0331178,rwanda pen=1.0 phi=0.0 flat
260,840,300,160,True,0.987299,False,0.154921,0.0325232,rwanda pen=1.0 phi=0.0 flat
260,860,300,160,True,0.994376,False,0.153955,0.0319779,rwanda pen=1.0 phi=0.0 flat
260,880,300,160,True,1.00148,False,0.153114,0.0314948,rwanda pen=1.0 phi=0.0 flat
260,900,300,160,True,1.0086,False,0.152427,0.0310587,rwanda pen=1.0 phi=0.0 flat
260,920,300,160,True,1.01574,False,0.151806,0.0306541,rwanda pen=1.0 phi=0.0 flat
260,940,300,160,True,1.02289,False,0.151259,0.0302922,rwanda pen=1.0 phi=0.0 flat
260,960,300,160,True,1.03005,False,0.150762,0.0299565,rwanda pen=1.0 phi=0.0 flat
260,980,300,160,True,1.03722,False,0.150318,0.0296349,rwanda pen=1.0 phi=0.0 flat
260,1000,300,160,True,1.04439,False,0.149965,0.0293318,rwanda pen=1.0 phi=0.0 flat
260,1020,300,160,True,1.05158,False,0.149634,0.0290465,rwanda pen=1.0 phi=0.0 flat
260,1040,300,160,True,1.05876,False,0.149352,0.0287801,rwanda pen=1.0 phi=0.0 flat
260,1060,300,160,True,1.06596,False,0.149089,0.028532,rwanda pen=1.0 phi=0.0 flat
260,1080,300,160,True,1.07317,False,0.148826,0.028302,rwanda pen=1.0 phi=0.0 flat
260,1100,300,160,True,1.08039,False,0.148563,0.0280945,rwanda pen=1.0 phi=0.0 flat
260,1120,300,160,True,1.08761,False,0.1483,0.0278954,rwanda pen=1.0 phi=0.0 flat
260,1140,300,160,True,1.09483,False,0.148036,0.0277092,rwanda pen=1.0 phi=0.0 flat
260,1160,300,160,True,1.10206,False,0.147773,0.0275316,rwanda pen=1.0 phi=0.0 flat
260,1180,300,160,True,1.10929,False,0.14751,0.0273604,rwanda pen=1.0 phi=0.0 flat
260,1200,300,160,True,1.11652,False,0.147247,0.0272022,rwanda pen=1.0 phi=0.0 flat
260,1220,300,160,True,1.12377,False,0.146983,0.0270642,rwanda pen=1.0 phi=0.0 flat
260,1240,300,160,True,1.13102,False,0.14672,0.0269303,rwanda pen=1.0 phi=0.0 flat
260,1260,300,160,True,1.13827,False,0.146487,0.026805,rwanda pen=1.0 phi=0.0 flat
260,1280,300,160,True,1.14552,False,0.146297,0.026684,rwanda pen=1.0 phi=0.0 flat
260,1300,300,160,True,1.15277,False,0.146121,0.0265699,rwanda pen=1.0 phi=0.0 flat
260,1320,300,160,True,1.16003,False,0.145945,0.026462,rwanda pen=1.0 phi=0.0 flat
260,1340,300,160,True,1.16729,False,0.145804,0.02636,rwanda pen=1.0 phi=0.0 flat
260,1360,300,160,True,1.17455,False,0.145672,0.0262649,rwanda pen=1.0 phi=0.0 flat
260,1380,300,160,True,1.18182,False,0.14554,0.0261729,rwanda pen=1.0 phi=0.0 flat
260,1400,300,160,True,1.18908,False,0.145427,0.0260849,rwanda pen=1.0 phi=0.0 flat
265,0,300,160,True,1.3817,False,0.552658,0.522863,rwanda pen=1.0 phi=0.0 flat
265,20,300,160,True,1.32373,False,0.538895,0.50059,rwanda pen=1.0 phi=0.0 flat
265,40,300,160,True,1.2719,False,0.525705,0.478584,rwanda pen=1.0 phi=0.0 flat
265,60,300,160,True,1.22499,False,0.512689,0.456629,rwanda pen=1.0 phi=0.0 flat
265,80,300,160,True,1.18231,False,0.499779,0.434699,rwanda pen=1.0 phi=0.0 flat
265,100,300,160,True,1.14329,False,0.48693,0.412781,rwanda pen=1.0 phi=0.0 flat
265,120,300,160,True,1.10749,False,0.474153,0.390874,rwanda pen=1.0 phi=0.0 flat
265,140,300,160,True,1.07452,False,0.461423,0.368987,rwanda pen=1.0 phi=0.0 flat
265,160,300,160,True,1.04408,False,0.448756,0.347126,rwanda pen=1.0 phi=0.0 flat
265,180,300,160,True,1.01588,False,0.436125,0.325292,rwanda pen=1.0 phi=0.0 flat
265,200,300,160,True,0.989681,False,0.423609,0.303488,rwanda pen=1.0 phi=0.0 flat
265,220,300,160,True,0.965319,False,0.411201,0.281729,rwanda pen=1.0 phi=0.0 flat
265,240,300,160,True,0.943246,False,0.398903,0.260206,rwanda pen=1.0 phi=0.0 flat
265,260,300,160,True,0.92498,False,0.386774,0.239473,rwanda pen=1.0 phi=0.0 flat
265,280,300,160,True,0.910729,False,0.374844,0.219828,rwanda pen=1.0 phi=0.0 flat
265,300,300,160,True,0.899722,False,0.362934,0.201259,rwanda pen=1.0 phi=0.0 flat
265,320,300,160,True,0.891325,False,0.351089,0.183744,rwanda pen=1.0 phi=0.0 flat
265,340,300,160,True,0.885085,False,0.339328,0.167274,rwanda pen=1.0 phi=0.0 flat
265,360,300,160,True,0.880634,False,0.327661,0.151821,rwanda pen=1.0 phi=0.0 flat
265,380,300,160,True,0.877724,False,0.316175,0.137397,rwanda pen=1.0 phi=0.0 flat
265,400,300,160,True,0.876226,False,0.304821,0.124079,rwanda pen=1.0 phi=0.0 flat
265,420,300,160,True,0.876102,False,0.293706,0.112022,rwanda pen=1.0 phi=0.0 flat
265,440,300,160,True,0.877318,False,0.282758,0.10135,rwanda pen=1.0 phi=0.0 flat
265,460,300,160,True,0.879745,False,0.271774,0.092037,rwanda pen=1.0 phi=0.0 flat
265,480,300,160,True,0.883136,False,0.260862,0.083923,rwanda pen=1.0 phi=0.0 flat
265,500,300,160,True,0.887145,False,0.250058,0.0766691,rwanda pen=1.0 phi=0.0 flat
265,520,300,160,True,0.891621,False,0.239494,0.0701616,rwanda pen=1.0 phi=0.0 flat
265,540,300,160,True,0.896425,False,0.229357,0.0642553,rwanda pen=1.0 phi=0.0 flat
265,560,300,160,True,0.901545,False,0.219681,0.0589763,rwanda pen=1.0 phi=0.0 flat
265,580,300,160,True,0.906933,False,0.210311,0.054265,rwanda pen=1.0 phi=0.0 flat
265,600,300,160,True,0.912591,False,0.201267,0.0501359,rwanda pen=1.0 phi=0.0 flat
265,620,300,160,True,0.918473,False,0.192792,0.0465164,rwanda pen=1.0 phi=0.0 flat
265,640,300,160,True,0.924558,False,0.184774,0.0433879,rwanda pen=1.0 phi=0.0 flat
265,660,300,160,True,0.930815,False,0.177309,0.0406843,rwanda pen=1.0 phi=0.0 flat
265,680,300,160,True,0.937221,False,0.170342,0.0383662,rwanda pen=1.0 phi=0.0 flat
265,700,300,160,True,0.943762,False,0.16411,0.0364035,rwanda pen=1.0 phi=0.0 flat
265,720,300,160,True,0.95041,False,0.158516,0.0347345,rwanda pen=1.0 phi=0.0 flat
265,740,300,160,True,0.957166,False,0.15389,0.0333562,rwanda pen=1.0 phi=0.0 flat
265,760,300,160,True,0.963999,False,0.150209,0.0321919,rwanda pen=1.0 phi=0.0 flat
265,780,300,160,True,0.970915,False,0.14759,0.0312429,rwanda pen=1.0 phi=0.0 flat
265,800,300,160,True,0.977882,False,0.145646,0.0304349,rwanda pen=1.0 phi=0.0 flat
265,820,300,160,True,0.984885,False,0.144066,0.029725,rwanda pen=1.0 phi=0.0 flat
265,840,300,160,True,0.991925,False,0.142907,0.0291053,rwanda pen=1.0 phi=0.0 flat
265,860,300,160,True,0.998991,False,0.141862,0.0285485,rwanda pen=1.0 phi=0.0 flat
265,880,300,160,True,1.00608,False,0.14088,0.0280492,rwanda pen=1.0 phi=0.0 flat
265,900,300,160,True,1.01319,False,0.139989,0.0275951,rwanda pen=1.0 phi=0.0 flat
265,920,300,160,True,1.02032,False,0.139302,0.0271993,rwanda pen=1.0 phi=0.0 flat
265,940,300,160,True,1.02746,False,0.138647,0.0268234,rwanda pen=1.0 phi=0.0 flat
265,960,300,160,True,1.0346,False,0.137991,0.0264663,rwanda pen=1.0 phi=0.0 flat
265,980,300,160,True,1.04176,False,0.137381,0.0261259,rwanda pen=1.0 phi=0.0 flat
265,1000,300,160,True,1.04892,False,0.136854,0.0258114,rwanda pen=1.0 phi=0.0 flat
265,1020,300,160,True,1.05609,False,0.136329,0.0255133,rwanda pen=1.0 phi=0.0 flat
265,1040,300,160,True,1.06327,False,0.135832,0.0252286,rwanda pen=1.0 phi=0.0 flat
265,1060,300,160,True,1.07046,False,0.135465,0.0249762,rwanda pen=1.0 phi=0.0 flat
265,1080,300,160,True,1.07765,False,0.135114,0.0247415,rwanda pen=1.0 phi=0.0 flat
265,1100,300,160,True,1.08485,False,0.134768,0.0245175,rwanda pen=1.0 phi=0.0 flat
265,1120,300,160,True,1.09206,False,0.134461,0.0243093,rwanda pen=1.0 phi=0.0 flat
265,1140,300,160,True,1.09927,False,0.134184,0.0241194,rwanda pen=1.0 phi=0.0 flat
265,1160,300,160,True,1.10648,False,0.133921,0.0239333,rwanda pen=1.0 phi=0.0 flat
265,1180,300,160,True,1.11371,False,0.133701,0.0237625,rwanda pen=1.0 phi=0.0 flat
265,1200,300,160,True,1.12093,False,0.133482,0.0236022,rwanda pen=1.0 phi=0.0 flat
265,1220,300,160,True,1.12816,False,0.133262,0.0234537,rwanda pen=1.0 phi=0.0 flat
265,1240,300,160,True,1.13539,False,0.133043,0.0233078,rwanda pen=1.0 phi=0.0 flat
265,1260,300,160,True,1.14262,False,0.132823,0.02317,rwanda pen=1.0 phi=0.0 flat
265,1280,300,160,True,1.14986,False,0.132613,0.0230392,rwanda pen=1.0 phi=0.0 flat
265,1300,300,160,True,1.15711,False,0.132438,0.0229227,rwanda pen=1.0 phi=0.0 flat
265,1320,300,160,True,1.16435,False,0.132262,0.0228092,rwanda pen=1.0 phi=0.0 flat
265,1340,300,160,True,1.1716,False,0.132086,0.0227036,rwanda pen=1.0 phi=0.0 flat
265,1360,300,160,True,1.17885,False,0.131911,0.0226008,rwanda pen=1.0 phi=0.0 flat
265,1380,300,160,True,1.1861,False,0.131735,0.0225024,rwanda pen=1.0 phi=0.0 flat
265,1400,300,160,True,1.19335,False,0.131559,0.0224082,rwanda pen=1.0 phi=0.0 flat
270,0,300,160,True,1.39092,False,0.551214,0.521693,rwanda pen=1.0 phi=0.0 flat
270,20,300,160,True,1.33262,False,0.537493,0.49944,rwanda pen=1.0 phi=0.0 flat
270,40,300,160,True,1.28046,False,0.52432,0.477439,rwanda pen=1.0 phi=0.0 flat
270,60,300,160,True,1.23324,False,0.511317,0.455486,rwanda pen=1.0 phi=0.0 flat
270,80,300,160,True,1.19025,False,0.498408,0.433555,rwanda pen=1.0 phi=0.0 flat
270,100,300,160,True,1.15096,False,0.485522,0.411633,rwanda pen=1.0 phi=0.0 flat
270,120,300,160,True,1.1149,False,0.472728,0.389721,rwanda pen=1.0 phi=0.0 flat
270,140,300,160,True,1.08168,False,0.459964,0.367825,rwanda pen=1.0 phi=0.0 flat
270,160,300,160,True,1.051,False,0.447278,0.345952,rwanda pen=1.0 phi=0.0 flat
270,180,300,160,True,1.02258,False,0.43462,0.324107,rwanda pen=1.0 phi=0.0 flat
270,200,300,160,True,0.996178,False,0.422017,0.302285,rwanda pen=1.0 phi=0.0 flat
270,220,300,160,True,0.971615,False,0.40955,0.280503,rwanda pen=1.0 phi=0.0 flat
270,240,300,160,True,0.949376,False,0.397177,0.258957,rwanda pen=1.0 phi=0.0 flat
270,260,300,160,True,0.93099,False,0.384925,0.238201,rwanda pen=1.0 phi=0.0 flat
270,280,300,160,True,0.916648,False,0.372876,0.218529,rwanda pen=1.0 phi=0.0 flat
270,300,300,160,True,0.90556,False,0.360949,0.199934,rwanda pen=1.0 phi=0.0 flat
270,320,300,160,True,0.897085,False,0.349062,0.182387,rwanda pen=1.0 phi=0.0 flat
270,340,300,160,True,0.890772,False,0.337235,0.16588,rwanda pen=1.0 phi=0.0 flat
270,360,300,160,True,0.886247,False,0.325494,0.150384,rwanda pen=1.0 phi=0.0 flat
270,380,300,160,True,0.883265,False,0.313857,0.135905,rwanda pen=1.0 phi=0.0 flat
270,400,300,160,True,0.881708,False,0.302376,0.122538,rwanda pen=1.0 phi=0.0 flat
270,420,300,160,True,0.881523,False,0.290997,0.110417,rwanda pen=1.0 phi=0.0 flat
270,440,300,160,True,0.882707,False,0.279822,0.0996976,rwanda pen=1.0 phi=0.0 flat
270,460,300,160,True,0.885106,False,0.268763,0.090339,rwanda pen=1.0 phi=0.0 flat
270,480,300,160,True,0.888467,False,0.257649,0.0821711,rwanda pen=1.0 phi=0.0 flat
270,500,300,160,True,0.892441,False,0.246653,0.0748529,rwanda pen=1.0 phi=0.0 flat
270,520,300,160,True,0.896881,False,0.235754,0.0682728,rwanda pen=1.0 phi=0.0 flat
270,540,300,160,True,0.901648,False,0.225134,0.0622851,rwanda pen=1.0 phi=0.0 flat
270,560,300,160,True,0.906731,False,0.214943,0.056911,rwanda pen=1.0 phi=0.0 flat
270,580,300,160,True,0.912072,False,0.2052,0.0520846,rwanda pen=1.0 phi=0.0 flat
270,600,300,160,True,0.917693,False,0.195769,0.0478595,rwanda pen=1.0 phi=0.0 flat
270,620,300,160,True,0.923521,False,0.18668,0.0441138,rwanda pen=1.0 phi=0.0 flat
270,640,300,160,True,0.92957,False,0.178156,0.0408901,rwanda pen=1.0 phi=0.0 flat
270,660,300,160,True,0.935788,False,0.170088,0.0380919,rwanda pen=1.0 phi=0.0 flat
270,680,300,160,True,0.942171,False,0.162576,0.0357088,rwanda pen=1.0 phi=0.0 flat
270,700,300,160,True,0.948678,False,0.15557,0.0336601,rwanda pen=1.0 phi=0.0 flat
270,720,300,160,True,0.9553,False,0.14946,0.0319205,rwanda pen=1.0 phi=0.0 flat
270,740,300,160,True,0.962026,False,0.144134,0.0304651,rwanda pen=1.0 phi=0.0 flat
270,760,300,160,True,0.968846,False,0.139976,0.0292644,rwanda pen=1.0 phi=0.0 flat
270,780,300,160,True,0.975736,False,0.136904,0.0282645,rwanda pen=1.0 phi=0.0 flat
270,800,300,160,True,0.98268,False,0.134671,0.0274146,rwanda pen=1.0 phi=0.0 flat
270,820,300,160,True,0.989667,False,0.13287,0.0266727,rwanda pen=1.0 phi=0.0 flat
270,840,300,160,True,0.996688,False,0.131408,0.0260166,rwanda pen=1.0 phi=0.0 flat
270,860,300,160,True,1.00373,False,0.130168,0.0254298,rwanda pen=1.0 phi=0.0 flat
270,880,300,160,True,1.01081,False,0.129062,0.0249081,rwanda pen=1.0 phi=0.0 flat
270,900,300,160,True,1.0179,False,0.128102,0.02444,rwanda pen=1.0 phi=0.0 flat
270,920,300,160,True,1.02502,False,0.127236,0.0240126,rwanda pen=1.0 phi=0.0 flat
270,940,300,160,True,1.03214,False,0.12647,0.0236162,rwanda pen=1.0 phi=0.0 flat
270,960,300,160,True,1.03927,False,0.125757,0.0232441,rwanda pen=1.0 phi=0.0 flat
270,980,300,160,True,1.04642,False,0.125081,0.022903,rwanda pen=1.0 phi=0.0 flat
270,1000,300,160,True,1.05358,False,0.124425,0.0225875,rwanda pen=1.0 phi=0.0 flat
270,1020,300,160,True,1.06074,False,0.123768,0.0222912,rwanda pen=1.0 phi=0.0 flat
270,1040,300,160,True,1.06791,False,0.123138,0.0220166,rwanda pen=1.0 phi=0.0 flat
270,1060,300,160,True,1.07509,False,0.122589,0.021757,rwanda pen=1.0 phi=0.0 flat
270,1080,300,160,True,1.08228,False,0.122081,0.0215121,rwanda pen=1.0 phi=0.0 flat
270,1100,300,160,True,1.08947,False,0.121643,0.0212818,rwanda pen=1.0 phi=0.0 flat
270,1120,300,160,True,1.09666,False,0.121231,0.0210572,rwanda pen=1.0 phi=0.0 flat
270,1140,300,160,True,1.10385,False,0.12088,0.0208471,rwanda pen=1.0 phi=0.0 flat
270,1160,300,160,True,1.11105,False,0.120556,0.0206527,rwanda pen=1.0 phi=0.0 flat
270,1180,300,160,True,1.11826,False,0.120249,0.0204701,rwanda pen=1.0 phi=0.0 flat
270,1200,300,160,True,1.12547,False,0.119952,0.0202951,rwanda pen=1.0 phi=0.0 flat
270,1220,300,160,True,1.13269,False,0.119698,0.0201343,rwanda pen=1.0 phi=0.0 flat
270,1240,300,160,True,1.13991,False,0.119512,0.0199835,rwanda pen=1.0 phi=0.0 flat
270,1260,300,160,True,1.14713,False,0.119337,0.0198415,rwanda pen=1.0 phi=0.0 flat
270,1280,300,160,True,1.15436,False,0.119161,0.019711,rwanda pen=1.0 phi=0.0 flat
270,1300,300,160,True,1.1616,False,0.118986,0.0195872,rwanda pen=1.0 phi=0.0 flat
270,1320,300,160,True,1.16883,False,0.11881,0.0194709,rwanda pen=1.0 phi=0.0 flat
270,1340,300,160,True,1.17607,False,0.118634,0.0193606,rwanda pen=1.0 phi=0.0 flat
270,1360,300,160,True,1.18331,False,0.118458,0.019262,rwanda pen=1.0 phi=0.0 flat
270,1380,300,160,True,1.19056,False,0.118283,0.0191713,rwanda pen=1.0 phi=0.0 flat
270,1400,300,160,True,1.1978,False,0.118107,0.0190822,rwanda pen=1.0 phi=0.0 flat
275,0,300,160,True,1.40019,False,0.549828,0.520556,rwanda pen=1.0 phi=0.0 flat
275,20,300,160,True,1.34154,False,0.536137,0.49832,rwanda pen=1.0 phi=0.0 flat
275,40,300,160,True,1.28905,False,0.522988,0.476324,rwanda pen=1.0 phi=0.0 flat
275,60,300,160,True,1.24151,False,0.509991,0.454373,rwanda pen=1.0 phi=0.0 flat
275,80,300,160,True,1.19823,False,0.49708,0.43244,rwanda pen=1.0 phi=0.0 flat
275,100,300,160,True,1.15866,False,0.48419,0.410517,rwanda pen=1.0 phi=0.0 flat
275,120,300,160,True,1.12233,False,0.471352,0.3886,rwanda pen=1.0 phi=0.0 flat
275,140,300,160,True,1.08887,False,0.458574,0.366698,rwanda pen=1.0 phi=0.0 flat
275,160,300,160,True,1.05795,False,0.445853,0.344815,rwanda pen=1.0 phi=0.0 flat
275,180,300,160,True,1.02931,False,0.433175,0.322957,rwanda pen=1.0 phi=0.0 flat
275,200,300,160,True,1.0027,False,0.420529,0.301122,rwanda pen=1.0 phi=0.0 flat
275,220,300,160,True,0.977937,False,0.407968,0.27932,rwanda pen=1.0 phi=0.0 flat
275,240,300,160,True,0.955532,False,0.395539,0.257754,rwanda pen=1.0 phi=0.0 flat
275,260,300,160,True,0.937028,False,0.383199,0.236982,rwanda pen=1.0 phi=0.0 flat
275,280,300,160,True,0.922598,False,0.371001,0.217289,rwanda pen=1.0 phi=0.0 flat
275,300,300,160,True,0.911427,False,0.359011,0.198668,rwanda pen=1.0 phi=0.0 flat
275,320,300,160,True,0.902879,False,0.347091,0.181095,rwanda pen=1.0 phi=0.0 flat
275,340,300,160,True,0.896491,False,0.335227,0.164553,rwanda pen=1.0 phi=0.0 flat
275,360,300,160,True,0.891898,False,0.323418,0.14902,rwanda pen=1.0 phi=0.0 flat
275,380,300,160,True,0.888848,False,0.31169,0.134499,rwanda pen=1.0 phi=0.0 flat
275,400,300,160,True,0.887231,False,0.300072,0.121086,rwanda pen=1.0 phi=0.0 flat
275,420,300,160,True,0.886995,False,0.288547,0.108919,rwanda pen=1.0 phi=0.0 flat
275,440,300,160,True,0.888149,False,0.277094,0.0981589,rwanda pen=1.0 phi=0.0 flat
275,460,300,160,True,0.890518,False,0.265834,0.0887534,rwanda pen=1.0 phi=0.0 flat
275,480,300,160,True,0.893855,False,0.254651,0.080543,rwanda pen=1.0 phi=0.0 flat
275,500,300,160,True,0.8978,False,0.243426,0.0731717,rwanda pen=1.0 phi=0.0 flat
275,520,300,160,True,0.902207,False,0.232337,0.0665304,rwanda pen=1.0 phi=0.0 flat
275,540,300,160,True,0.906944,False,0.22136,0.060481,rwanda pen=1.0 phi=0.0 flat
275,560,300,160,True,0.911991,False,0.210691,0.0550252,rwanda pen=1.0 phi=0.0 flat
275,580,300,160,True,0.917298,False,0.200456,0.050109,rwanda pen=1.0 phi=0.0 flat
275,600,300,160,True,0.922872,False,0.190641,0.045773,rwanda pen=1.0 phi=0.0 flat
275,620,300,160,True,0.928665,False,0.181163,0.0419414,rwanda pen=1.0 phi=0.0 flat
275,640,300,160,True,0.934674,False,0.172023,0.0386209,rwanda pen=1.0 phi=0.0 flat
275,660,300,160,True,0.940859,False,0.163463,0.0357369,rwanda pen=1.0 phi=0.0 flat
275,680,300,160,True,0.947214,False,0.155347,0.0332813,rwanda pen=1.0 phi=0.0 flat
275,700,300,160,True,0.953697,False,0.147813,0.0311726,rwanda pen=1.0 phi=0.0 flat
275,720,300,160,True,0.960296,False,0.14097,0.0293735,rwanda pen=1.0 phi=0.0 flat
275,740,300,160,True,0.967007,False,0.135153,0.0278783,rwanda pen=1.0 phi=0.0 flat
275,760,300,160,True,0.973801,False,0.130318,0.0266158,rwanda pen=1.0 phi=0.0 flat
275,780,300,160,True,0.980675,False,0.126923,0.0255809,rwanda pen=1.0 phi=0.0 flat
275,800,300,160,True,0.987605,False,0.124261,0.0246961,rwanda pen=1.0 phi=0.0 flat
275,820,300,160,True,0.994574,False,0.12219,0.0239183,rwanda pen=1.0 phi=0.0 flat
275,840,300,160,True,1.00158,False,0.120544,0.0232411,rwanda pen=1.0 phi=0.0 flat
275,860,300,160,True,1.00862,False,0.119086,0.0226504,rwanda pen=1.0 phi=0.0 flat
275,880,300,160,True,1.01568,False,0.117856,0.0221135,rwanda pen=1.0 phi=0.0 flat
275,900,300,160,True,1.02276,False,0.116712,0.0216204,rwanda pen=1.0 phi=0.0 flat
275,920,300,160,True,1.02986,False,0.115661,0.0211694,rwanda pen=1.0 phi=0.0 flat
275,940,300,160,True,1.03697,False,0.114729,0.0207634,rwanda pen=1.0 phi=0.0 flat
275,960,300,160,True,1.0441,False,0.113894,0.02039,rwanda pen=1.0 phi=0.0 flat
275,980,300,160,True,1.05124,False,0.11308,0.0200395,rwanda pen=1.0 phi=0.0 flat
275,1000,300,160,True,1.05839,False,0.11238,0.0197263,rwanda pen=1.0 phi=0.0 flat
275,1020,300,160,True,1.06555,False,0.111723,0.0194304,rwanda pen=1.0 phi=0.0 flat
275,1040,300,160,True,1.07271,False,0.111097,0.019144,rwanda pen=1.0 phi=0.0 flat
275,1060,300,160,True,1.07987,False,0.110528,0.0188689,rwanda pen=1.0 phi=0.0 flat
275,1080,300,160,True,1.08704,False,0.109967,0.0186089,rwanda pen=1.0 phi=0.0 flat
275,1100,300,160,True,1.09422,False,0.109441,0.0183627,rwanda pen=1.0 phi=0.0 flat
275,1120,300,160,True,1.1014,False,0.108915,0.0181321,rwanda pen=1.0 phi=0.0 flat
275,1140,300,160,True,1.10859,False,0.108454,0.0179223,rwanda pen=1.0 phi=0.0 flat
275,1160,300,160,True,1.11579,False,0.108025,0.0177294,rwanda pen=1.0 phi=0.0 flat
275,1180,300,160,True,1.12299,False,0.10763,0.0175484,rwanda pen=1.0 phi=0.0 flat
275,1200,300,160,True,1.1302,False,0.107295,0.0173808,rwanda pen=1.0 phi=0.0 flat
275,1220,300,160,True,1.13741,False,0.106988,0.0172194,rwanda pen=1.0 phi=0.0 flat
275,1240,300,160,True,1.14462,False,0.106681,0.0170649,rwanda pen=1.0 phi=0.0 flat
275,1260,300,160,True,1.15184,False,0.106411,0.0169185,rwanda pen=1.0 phi=0.0 flat
275,1280,300,160,True,1.15906,False,0.106183,0.0167946,rwanda pen=1.0 phi=0.0 flat
275,1300,300,160,True,1.16629,False,0.105963,0.0166783,rwanda pen=1.0 phi=0.0 flat
275,1320,300,160,True,1.17352,False,0.105743,0.0165696,rwanda pen=1.0 phi=0.0 flat
275,1340,300,160,True,1.18075,False,0.105524,0.016462,rwanda pen=1.0 phi=0.0 flat
275,1360,300,160,True,1.18799,False,0.105304,0.0163566,rwanda pen=1.0 phi=0.0 flat
275,1380,300,160,True,1.19522,False,0.105084,0.0162593,rwanda pen=1.0 phi=0.0 flat
275,1400,300,160,True,1.20246,False,0.104879,0.0161662,rwanda pen=1.0 phi=0.0 flat
280,0,300,160,True,1.4095,False,0.548466,0.519451,rwanda pen=1.0 phi=0.0 flat
280,20,300,160,True,1.35051,False,0.534806,0.497232,rwanda pen=1.0 phi=0.0 flat
280,40,300,160,True,1.29767,False,0.521676,0.47524,rwanda pen=1.0 phi=0.0 flat
280,60,300,160,True,1.24982,False,0.508687,0.45329,rwanda pen=1.0 phi=0.0 flat
280,80,300,160,True,1.20624,False,0.495769,0.431358,rwanda pen=1.0 phi=0.0 flat
280,100,300,160,True,1.16638,False,0.482881,0.409433,rwanda pen=1.0 phi=0.0 flat
280,120,300,160,True,1.12979,False,0.470011,0.387512,rwanda pen=1.0 phi=0.0 flat
280,140,300,160,True,1.09608,False,0.457216,0.365604,rwanda pen=1.0 phi=0.0 flat
280,160,300,160,True,1.06493,False,0.444448,0.343711,rwanda pen=1.0 phi=0.0 flat
280,180,300,160,True,1.03607,False,0.431767,0.321843,rwanda pen=1.0 phi=0.0 flat
280,200,300,160,True,1.00924,False,0.419098,0.299998,rwanda pen=1.0 phi=0.0 flat
280,220,300,160,True,0.984286,False,0.406469,0.278181,rwanda pen=1.0 phi=0.0 flat
280,240,300,160,True,0.961719,False,0.393961,0.256598,rwanda pen=1.0 phi=0.0 flat
280,260,300,160,True,0.943099,False,0.381557,0.235813,rwanda pen=1.0 phi=0.0 flat
280,280,300,160,True,0.928577,False,0.369262,0.216106,rwanda pen=1.0 phi=0.0 flat
280,300,300,160,True,0.917324,False,0.357123,0.197461,rwanda pen=1.0 phi=0.0 flat
280,320,300,160,True,0.908706,False,0.345167,0.179866,rwanda pen=1.0 phi=0.0 flat
280,340,300,160,True,0.902244,False,0.333269,0.163293,rwanda pen=1.0 phi=0.0 flat
280,360,300,160,True,0.897586,False,0.321411,0.147727,rwanda pen=1.0 phi=0.0 flat
280,380,300,160,True,0.894473,False,0.309611,0.13317,rwanda pen=1.0 phi=0.0 flat
280,400,300,160,True,0.892794,False,0.297891,0.119717,rwanda pen=1.0 phi=0.0 flat
280,420,300,160,True,0.892518,False,0.286231,0.107517,rwanda pen=1.0 phi=0.0 flat
280,440,300,160,True,0.893636,False,0.274606,0.0967205,rwanda pen=1.0 phi=0.0 flat
280,460,300,160,True,0.895979,False,0.263072,0.0872788,rwanda pen=1.0 phi=0.0 flat
280,480,300,160,True,0.899301,False,0.251713,0.0790331,rwanda pen=1.0 phi=0.0 flat
280,500,300,160,True,0.903218,False,0.240417,0.0716146,rwanda pen=1.0 phi=0.0 flat
280,520,300,160,True,0.907592,False,0.229073,0.0649171,rwanda pen=1.0 phi=0.0 flat
280,540,300,160,True,0.912299,False,0.21792,0.0588114,rwanda pen=1.0 phi=0.0 flat
280,560,300,160,True,0.917318,False,0.20686,0.0532991,rwanda pen=1.0 phi=0.0 flat
280,580,300,160,True,0.922599,False,0.196152,0.0483162,rwanda pen=1.0 phi=0.0 flat
280,600,300,160,True,0.928131,False,0.18587,0.0438832,rwanda pen=1.0 phi=0.0 flat
280,620,300,160,True,0.93389,False,0.176002,0.0399688,rwanda pen=1.0 phi=0.0 flat
280,640,300,160,True,0.939868,False,0.166471,0.0365737,rwanda pen=1.0 phi=0.0 flat
280,660,300,160,True,0.946024,False,0.157295,0.0336134,rwanda pen=1.0 phi=0.0 flat
280,680,300,160,True,0.952347,False,0.148702,0.0310853,rwanda pen=1.0 phi=0.0 flat
280,700,300,160,True,0.958813,False,0.140561,0.0289261,rwanda pen=1.0 phi=0.0 flat
280,720,300,160,True,0.9654,False,0.133226,0.027098,rwanda pen=1.0 phi=0.0 flat
280,740,300,160,True,0.972099,False,0.126759,0.0255702,rwanda pen=1.0 phi=0.0 flat
280,760,300,160,True,0.978881,False,0.121453,0.0242794,rwanda pen=1.0 phi=0.0 flat
280,780,300,160,True,0.985742,False,0.117536,0.0232097,rwanda pen=1.0 phi=0.0 flat
280,800,300,160,True,0.992653,False,0.114611,0.0222876,rwanda pen=1.0 phi=0.0 flat
280,820,300,160,True,0.999612,False,0.11223,0.0214903,rwanda pen=1.0 phi=0.0 flat
280,840,300,160,True,1.00661,False,0.110398,0.0207975,rwanda pen=1.0 phi=0.0 flat
280,860,300,160,True,1.01364,False,0.108854,0.0201816,rwanda pen=1.0 phi=0.0 flat
280,880,300,160,True,1.02068,False,0.107396,0.0196214,rwanda pen=1.0 phi=0.0 flat
280,900,300,160,True,1.02775,False,0.1061,0.0191142,rwanda pen=1.0 phi=0.0 flat
280,920,300,160,True,1.03484,False,0.104881,0.0186605,rwanda pen=1.0 phi=0.0 flat
280,940,300,160,True,1.04195,False,0.103849,0.0182524,rwanda pen=1.0 phi=0.0 flat
280,960,300,160,True,1.04907,False,0.102926,0.0178785,rwanda pen=1.0 phi=0.0 flat
280,980,300,160,True,1.05621,False,0.102079,0.0175419,rwanda pen=1.0 phi=0.0 flat
280,1000,300,160,True,1.06335,False,0.101299,0.0172218,rwanda pen=1.0 phi=0.0 flat
280,1020,300,160,True,1.0705,False,0.100555,0.0169146,rwanda pen=1.0 phi=0.0 flat
280,1040,300,160,True,1.07765,False,0.0998118,0.0166206,rwanda pen=1.0 phi=0.0 flat
280,1060,300,160,True,1.08481,False,0.0991302,0.0163463,rwanda pen=1.0 phi=0.0 flat
280,1080,300,160,True,1.09198,False,0.0984729,0.0160906,rwanda pen=1.0 phi=0.0 flat
280,1100,300,160,True,1.09915,False,0.0978155,0.0158397,rwanda pen=1.0 phi=0.0 flat
280,1120,300,160,True,1.10633,False,0.0972108,0.01561,rwanda pen=1.0 phi=0.0 flat
280,1140,300,160,True,1.11352,False,0.0966756,0.0154003,rwanda pen=1.0 phi=0.0 flat
280,1160,300,160,True,1.12071,False,0.0961619,0.0152021,rwanda pen=1.0 phi=0.0 flat
280,1180,300,160,True,1.1279,False,0.095762,0.0150184,rwanda pen=1.0 phi=0.0 flat
280,1200,300,160,True,1.1351,False,0.095411,0.0148439,rwanda pen=1.0 phi=0.0 flat
280,1220,300,160,True,1.1423,False,0.0950599,0.0146779,rwanda pen=1.0 phi=0.0 flat
280,1240,300,160,True,1.1495,False,0.0947367,0.0145185,rwanda pen=1.0 phi=0.0 flat
280,1260,300,160,True,1.15671,False,0.0944294,0.0143723,rwanda pen=1.0 phi=0.0 flat
280,1280,300,160,True,1.16393,False,0.0941563,0.0142375,rwanda pen=1.0 phi=0.0 flat
280,1300,300,160,True,1.17115,False,0.0938928,0.0141092,rwanda pen=1.0 phi=0.0 flat
280,1320,300,160,True,1.17836,False,0.0936294,0.0139859,rwanda pen=1.0 phi=0.0 flat
280,1340,300,160,True,1.18558,False,0.0933658,0.0138686,rwanda pen=1.0 phi=0.0 flat
280,1360,300,160,True,1.19281,False,0.0931023,0.0137606,rwanda pen=1.0 phi=0.0 flat
280,1380,300,160,True,1.20004,False,0.0928387,0.0136594,rwanda pen=1.0 phi=0.0 flat
280,1400,300,160,True,1.20727,False,0.0926188,0.0135622,rwanda pen=1.0 phi=0.0 flat
285,0,300,160,True,1.41885,False,0.547129,0.518374,rwanda pen=1.0 phi=0.0 flat
285,20,300,160,True,1.35951,False,0.533502,0.496172,rwanda pen=1.0 phi=0.0 flat
285,40,300,160,True,1.30633,False,0.520402,0.474184,rwanda pen=1.0 phi=0.0 flat
285,60,300,160,True,1.25815,False,0.507414,0.452235,rwanda pen=1.0 phi=0.0 flat
285,80,300,160,True,1.21427,False,0.494481,0.430302,rwanda pen=1.0 phi=0.0 flat
285,100,300,160,True,1.17414,False,0.481594,0.408376,rwanda pen=1.0 phi=0.0 flat
285,120,300,160,True,1.13728,False,0.468715,0.386453,rwanda pen=1.0 phi=0.0 flat
285,140,300,160,True,1.10332,False,0.455885,0.36454,rwanda pen=1.0 phi=0.0 flat
285,160,300,160,True,1.07193,False,0.443103,0.34264,rwanda pen=1.0 phi=0.0 flat
285,180,300,160,True,1.04284,False,0.43038,0.320762,rwanda pen=1.0 phi=0.0 flat
285,200,300,160,True,1.01581,False,0.4177,0.298906,rwanda pen=1.0 phi=0.0 flat
285,220,300,160,True,0.990658,False,0.405042,0.277078,rwanda pen=1.0 phi=0.0 flat
285,240,300,160,True,0.96793,False,0.392447,0.255484,rwanda pen=1.0 phi=0.0 flat
285,260,300,160,True,0.949198,False,0.379987,0.234692,rwanda pen=1.0 phi=0.0 flat
285,280,300,160,True,0.934581,False,0.36761,0.214975,rwanda pen=1.0 phi=0.0 flat
285,300,300,160,True,0.92325,False,0.355358,0.196313,rwanda pen=1.0 phi=0.0 flat
285,320,300,160,True,0.914558,False,0.343277,0.178692,rwanda pen=1.0 phi=0.0 flat
285,340,300,160,True,0.908028,False,0.331341,0.162093,rwanda pen=1.0 phi=0.0 flat
285,360,300,160,True,0.903307,False,0.319463,0.1465,rwanda pen=1.0 phi=0.0 flat
285,380,300,160,True,0.900134,False,0.307625,0.131913,rwanda pen=1.0 phi=0.0 flat
285,400,300,160,True,0.898395,False,0.295804,0.118421,rwanda pen=1.0 phi=0.0 flat
285,420,300,160,True,0.898081,False,0.284044,0.106196,rwanda pen=1.0 phi=0.0 flat
285,440,300,160,True,0.899167,False,0.272282,0.0953741,rwanda pen=1.0 phi=0.0 flat
285,460,300,160,True,0.901486,False,0.260536,0.0859036,rwanda pen=1.0 phi=0.0 flat
285,480,300,160,True,0.904792,False,0.248923,0.0776277,rwanda pen=1.0 phi=0.0 flat
285,500,300,160,True,0.908682,False,0.237472,0.0701628,rwanda pen=1.0 phi=0.0 flat
285,520,300,160,True,0.913027,False,0.226047,0.0634169,rwanda pen=1.0 phi=0.0 flat
285,540,300,160,True,0.917702,False,0.214623,0.057257,rwanda pen=1.0 phi=0.0 flat
285,560,300,160,True,0.922702,False,0.203382,0.0517035,rwanda pen=1.0 phi=0.0 flat
285,580,300,160,True,0.927955,False,0.192263,0.0466693,rwanda pen=1.0 phi=0.0 flat
285,600,300,160,True,0.933464,False,0.181504,0.0421745,rwanda pen=1.0 phi=0.0 flat
285,620,300,160,True,0.939186,False,0.171196,0.0381755,rwanda pen=1.0 phi=0.0 flat
285,640,300,160,True,0.945136,False,0.161274,0.0347104,rwanda pen=1.0 phi=0.0 flat
285,660,300,160,True,0.951258,False,0.151703,0.0316745,rwanda pen=1.0 phi=0.0 flat
285,680,300,160,True,0.95756,False,0.142498,0.0290907,rwanda pen=1.0 phi=0.0 flat
285,700,300,160,True,0.964006,False,0.133894,0.0268848,rwanda pen=1.0 phi=0.0 flat
285,720,300,160,True,0.970587,False,0.125993,0.025034,rwanda pen=1.0 phi=0.0 flat
285,740,300,160,True,0.977276,False,0.119074,0.0234837,rwanda pen=1.0 phi=0.0 flat
285,760,300,160,True,0.984045,False,0.11318,0.0221598,rwanda pen=1.0 phi=0.0 flat
285,780,300,160,True,0.990894,False,0.10884,0.0210658,rwanda pen=1.0 phi=0.0 flat
285,800,300,160,True,0.997801,False,0.105543,0.0201325,rwanda pen=1.0 phi=0.0 flat
285,820,300,160,True,1.00475,False,0.103039,0.0193278,rwanda pen=1.0 phi=0.0 flat
285,840,300,160,True,1.01174,False,0.100959,0.018616,rwanda pen=1.0 phi=0.0 flat
285,860,300,160,True,1.01875,False,0.0991824,0.017979,rwanda pen=1.0 phi=0.0 flat
285,880,300,160,True,1.02579,False,0.0976312,0.0174072,rwanda pen=1.0 phi=0.0 flat
285,900,300,160,True,1.03285,False,0.0961232,0.016884,rwanda pen=1.0 phi=0.0 flat
285,920,300,160,True,1.03994,False,0.0948502,0.0164188,rwanda pen=1.0 phi=0.0 flat
285,940,300,160,True,1.04703,False,0.0936704,0.0159921,rwanda pen=1.0 phi=0.0 flat
285,960,300,160,True,1.05414,False,0.0925897,0.0156064,rwanda pen=1.0 phi=0.0 flat
285,980,300,160,True,1.06127,False,0.0915962,0.0152549,rwanda pen=1.0 phi=0.0 flat
285,1000,300,160,True,1.0684,False,0.0906491,0.0149191,rwanda pen=1.0 phi=0.0 flat
285,1020,300,160,True,1.07554,False,0.0897941,0.0146057,rwanda pen=1.0 phi=0.0 flat
285,1040,300,160,True,1.0827,False,0.0890216,0.0143208,rwanda pen=1.0 phi=0.0 flat
285,1060,300,160,True,1.08986,False,0.0882891,0.0140597,rwanda pen=1.0 phi=0.0 flat
285,1080,300,160,True,1.09702,False,0.0876024,0.0138142,rwanda pen=1.0 phi=0.0 flat
285,1100,300,160,True,1.1042,False,0.0870097,0.0135872,rwanda pen=1.0 phi=0.0 flat
285,1120,300,160,True,1.11138,False,0.0864397,0.013369,rwanda pen=1.0 phi=0.0 flat
285,1140,300,160,True,1.11856,False,0.0858696,0.0131598,rwanda pen=1.0 phi=0.0 flat
285,1160,300,160,True,1.12574,False,0.085325,0.0129605,rwanda pen=1.0 phi=0.0 flat
285,1180,300,160,True,1.13293,False,0.0848363,0.0127694,rwanda pen=1.0 phi=0.0 flat
285,1200,300,160,True,1.14012,False,0.0843976,0.0125859,rwanda pen=1.0 phi=0.0 flat
285,1220,300,160,True,1.14731,False,0.0839588,0.0124073,rwanda pen=1.0 phi=0.0 flat
285,1240,300,160,True,1.15451,False,0.0835593,0.0122489,rwanda pen=1.0 phi=0.0 flat
285,1260,300,160,True,1.16171,False,0.0831642,0.0120944,rwanda pen=1.0 phi=0.0 flat
285,1280,300,160,True,1.16891,False,0.0827692,0.0119421,rwanda pen=1.0 phi=0.0 flat
285,1300,300,160,True,1.17612,False,0.0823827,0.0117994,rwanda pen=1.0 phi=0.0 flat
285,1320,300,160,True,1.18333,False,0.0820318,0.0116646,rwanda pen=1.0 phi=0.0 flat
285,1340,300,160,True,1.19054,False,0.0817313,0.0115419,rwanda pen=1.0 phi=0.0 flat
285,1360,300,160,True,1.19775,False,0.0814677,0.0114253,rwanda pen=1.0 phi=0.0 flat
285,1380,300,160,True,1.20497,False,0.0812179,0.0113193,rwanda pen=1.0 phi=0.0 flat
285,1400,300,160,True,1.2122,False,0.0809982,0.0112224,rwanda pen=1.0 phi=0.0 flat
290,0,300,160,True,1.42824,False,0.545828,0.517324,rwanda pen=1.0 phi=0.0 flat
290,20,300,160,True,1.36854,False,0.532233,0.495137,rwanda pen=1.0 phi=0.0 flat
290,40,300,160,True,1.31502,False,0.519159,0.473152,rwanda pen=1.0 phi=0.0 flat
290,60,300,160,True,1.26651,False,0.506173,0.451204,rwanda pen=1.0 phi=0.0 flat
290,80,300,160,True,1.22233,False,0.493229,0.42927,rwanda pen=1.0 phi=0.0 flat
290,100,300,160,True,1.18191,False,0.480336,0.407344,rwanda pen=1.0 phi=0.0 flat
290,120,300,160,True,1.14479,False,0.467455,0.38542,rwanda pen=1.0 phi=0.0 flat
290,140,300,160,True,1.11058,False,0.454601,0.363502,rwanda pen=1.0 phi=0.0 flat
290,160,300,160,True,1.07895,False,0.441797,0.341596,rwanda pen=1.0 phi=0.0 flat
290,180,300,160,True,1.04964,False,0.429033,0.319708,rwanda pen=1.0 phi=0.0 flat
290,200,300,160,True,1.0224,False,0.416342,0.297844,rwanda pen=1.0 phi=0.0 flat
290,220,300,160,True,0.997047,False,0.403663,0.276007,rwanda pen=1.0 phi=0.0 flat
290,240,300,160,True,0.974159,False,0.391017,0.254404,rwanda pen=1.0 phi=0.0 flat
290,260,300,160,True,0.955316,False,0.378466,0.233606,rwanda pen=1.0 phi=0.0 flat
290,280,300,160,True,0.940603,False,0.366041,0.213882,rwanda pen=1.0 phi=0.0 flat
290,300,300,160,True,0.929198,False,0.353712,0.195213,rwanda pen=1.0 phi=0.0 flat
290,320,300,160,True,0.920435,False,0.341506,0.177574,rwanda pen=1.0 phi=0.0 flat
290,340,300,160,True,0.913837,False,0.329468,0.16095,rwanda pen=1.0 phi=0.0 flat
290,360,300,160,True,0.909055,False,0.317554,0.145331,rwanda pen=1.0 phi=0.0 flat
290,380,300,160,True,0.905822,False,0.305676,0.130713,rwanda pen=1.0 phi=0.0 flat
290,400,300,160,True,0.904031,False,0.293833,0.117195,rwanda pen=1.0 phi=0.0 flat
290,420,300,160,True,0.903677,False,0.281942,0.104945,rwanda pen=1.0 phi=0.0 flat
290,440,300,160,True,0.904733,False,0.270086,0.0941028,rwanda pen=1.0 phi=0.0 flat
290,460,300,160,True,0.907031,False,0.2582,0.0846139,rwanda pen=1.0 phi=0.0 flat
290,480,300,160,True,0.910323,False,0.246342,0.0763156,rwanda pen=1.0 phi=0.0 flat
290,500,300,160,True,0.914192,False,0.234668,0.0688142,rwanda pen=1.0 phi=0.0 flat
290,520,300,160,True,0.918508,False,0.223103,0.06202,rwanda pen=1.0 phi=0.0 flat
290,540,300,160,True,0.923163,False,0.211559,0.0558244,rwanda pen=1.0 phi=0.0 flat
290,560,300,160,True,0.92813,False,0.20006,0.0502161,rwanda pen=1.0 phi=0.0 flat
290,580,300,160,True,0.933368,False,0.188742,0.0451528,rwanda pen=1.0 phi=0.0 flat
290,600,300,160,True,0.93885,False,0.177568,0.0406046,rwanda pen=1.0 phi=0.0 flat
290,620,300,160,True,0.944544,False,0.166783,0.0365389,rwanda pen=1.0 phi=0.0 flat
290,640,300,160,True,0.950461,False,0.156436,0.0329981,rwanda pen=1.0 phi=0.0 flat
290,660,300,160,True,0.95656,False,0.14648,0.0299038,rwanda pen=1.0 phi=0.0 flat
290,680,300,160,True,0.962843,False,0.136863,0.0272747,rwanda pen=1.0 phi=0.0 flat
290,700,300,160,True,0.96927,False,0.127662,0.0250211,rwanda pen=1.0 phi=0.0 flat
290,720,300,160,True,0.975842,False,0.119342,0.0231468,rwanda pen=1.0 phi=0.0 flat
290,740,300,160,True,0.982521,False,0.11197,0.0215729,rwanda pen=1.0 phi=0.0 flat
290,760,300,160,True,0.989284,False,0.105714,0.020238,rwanda pen=1.0 phi=0.0 flat
290,780,300,160,True,0.996128,False,0.100941,0.0191328,rwanda pen=1.0 phi=0.0 flat
290,800,300,160,True,1.00303,False,0.0973727,0.0181961,rwanda pen=1.0 phi=0.0 flat
290,820,300,160,True,1.00998,False,0.0945407,0.0173767,rwanda pen=1.0 phi=0.0 flat
290,840,300,160,True,1.01696,False,0.0922035,0.0166583,rwanda pen=1.0 phi=0.0 flat
290,860,300,160,True,1.02397,False,0.0901156,0.0160168,rwanda pen=1.0 phi=0.0 flat
290,880,300,160,True,1.031,False,0.0882898,0.0154261,rwanda pen=1.0 phi=0.0 flat
290,900,300,160,True,1.03806,False,0.0868115,0.0149118,rwanda pen=1.0 phi=0.0 flat
290,920,300,160,True,1.04513,False,0.0854319,0.0144438,rwanda pen=1.0 phi=0.0 flat
290,940,300,160,True,1.05223,False,0.0841889,0.0140181,rwanda pen=1.0 phi=0.0 flat
290,960,300,160,True,1.05933,False,0.0829854,0.013626,rwanda pen=1.0 phi=0.0 flat
290,980,300,160,True,1.06645,False,0.0818698,0.0132675,rwanda pen=1.0 phi=0.0 flat
290,1000,300,160,True,1.07358,False,0.0807815,0.0129327,rwanda pen=1.0 phi=0.0 flat
290,1020,300,160,True,1.08072,False,0.0797871,0.0126257,rwanda pen=1.0 phi=0.0 flat
290,1040,300,160,True,1.08787,False,0.0788465,0.0123392,rwanda pen=1.0 phi=0.0 flat
290,1060,300,160,True,1.09503,False,0.0780363,0.0120777,rwanda pen=1.0 phi=0.0 flat
290,1080,300,160,True,1.10219,False,0.0772912,0.011834,rwanda pen=1.0 phi=0.0 flat
290,1100,300,160,True,1.10936,False,0.076578,0.0115973,rwanda pen=1.0 phi=0.0 flat
290,1120,300,160,True,1.11652,False,0.0759104,0.0113669,rwanda pen=1.0 phi=0.0 flat
290,1140,300,160,True,1.12369,False,0.0752893,0.0111465,rwanda pen=1.0 phi=0.0 flat
290,1160,300,160,True,1.13087,False,0.0747499,0.010936,rwanda pen=1.0 phi=0.0 flat
290,1180,300,160,True,1.13805,False,0.0742235,0.0107459,rwanda pen=1.0 phi=0.0 flat
290,1200,300,160,True,1.14524,False,0.073697,0.0105652,rwanda pen=1.0 phi=0.0 flat
290,1220,300,160,True,1.15243,False,0.0731703,0.0103958,rwanda pen=1.0 phi=0.0 flat
290,1240,300,160,True,1.15963,False,0.0727522,0.0102422,rwanda pen=1.0 phi=0.0 flat
290,1260,300,160,True,1.16683,False,0.072401,0.0100978,rwanda pen=1.0 phi=0.0 flat
290,1280,300,160,True,1.17403,False,0.072072,0.00995685,rwanda pen=1.0 phi=0.0 flat
290,1300,300,160,True,1.18124,False,0.0717646,0.00981991,rwanda pen=1.0 phi=0.0 flat
290,1320,300,160,True,1.18844,False,0.0714572,0.00969191,rwanda pen=1.0 phi=0.0 flat
290,1340,300,160,True,1.19566,False,0.0711505,0.00957438,rwanda pen=1.0 phi=0.0 flat
290,1360,300,160,True,1.20287,False,0.0708869,0.00946919,rwanda pen=1.0 phi=0.0 flat
290,1380,300,160,True,1.21009,False,0.0706233,0.00937436,rwanda pen=1.0 phi=0.0 flat
290,1400,300,160,True,1.21731,False,0.0703597,0.0092816,rwanda pen=1.0 phi=0.0 flat
295,0,300,160,True,1.43766,False,0.544562,0.516304,rwanda pen=1.0 phi=0.0 flat
295,20,300,160,True,1.37761,False,0.531011,0.494131,rwanda pen=1.0 phi=0.0 flat
295,40,300,160,True,1.32373,False,0.517953,0.472149,rwanda pen=1.0 phi=0.0 flat
295,60,300,160,True,1.2749,False,0.50497,0.450202,rwanda pen=1.0 phi=0.0 flat
295,80,300,160,True,1.23041,False,0.492023,0.428268,rwanda pen=1.0 phi=0.0 flat
295,100,300,160,True,1.18971,False,0.479114,0.406341,rwanda pen=1.0 phi=0.0 flat
295,120,300,160,True,1.15232,False,0.466233,0.384416,rwanda pen=1.0 phi=0.0 flat
295,140,300,160,True,1.11786,False,0.45337,0.362495,rwanda pen=1.0 phi=0.0 flat
295,160,300,160,True,1.086,False,0.440538,0.340584,rwanda pen=1.0 phi=0.0 flat
295,180,300,160,True,1.05646,False,0.427752,0.318689,rwanda pen=1.0 phi=0.0 flat
295,200,300,160,True,1.029,False,0.41502,0.296814,rwanda pen=1.0 phi=0.0 flat
295,220,300,160,True,1.00346,False,0.402339,0.274969,rwanda pen=1.0 phi=0.0 flat
295,240,300,160,True,0.980413,False,0.389671,0.253364,rwanda pen=1.0 phi=0.0 flat
295,260,300,160,True,0.961459,False,0.377048,0.232564,rwanda pen=1.0 phi=0.0 flat
295,280,300,160,True,0.946651,False,0.364546,0.212834,rwanda pen=1.0 phi=0.0 flat
295,300,300,160,True,0.935169,False,0.352136,0.194158,rwanda pen=1.0 phi=0.0 flat
295,320,300,160,True,0.926337,False,0.33985,0.176508,rwanda pen=1.0 phi=0.0 flat
295,340,300,160,True,0.919675,False,0.32769,0.159865,rwanda pen=1.0 phi=0.0 flat
295,360,300,160,True,0.914831,False,0.315696,0.144221,rwanda pen=1.0 phi=0.0 flat
295,380,300,160,True,0.91154,False,0.303797,0.129577,rwanda pen=1.0 phi=0.0 flat
295,400,300,160,True,0.909699,False,0.291905,0.116032,rwanda pen=1.0 phi=0.0 flat
295,420,300,160,True,0.909308,False,0.279987,0.103767,rwanda pen=1.0 phi=0.0 flat
295,440,300,160,True,0.910342,False,0.267995,0.0929138,rwanda pen=1.0 phi=0.0 flat
295,460,300,160,True,0.912618,False,0.25599,0.0834055,rwanda pen=1.0 phi=0.0 flat
295,480,300,160,True,0.915889,False,0.24398,0.075086,rwanda pen=1.0 phi=0.0 flat
295,500,300,160,True,0.919743,False,0.232044,0.067562,rwanda pen=1.0 phi=0.0 flat
295,520,300,160,True,0.924034,False,0.220287,0.0607243,rwanda pen=1.0 phi=0.0 flat
295,540,300,160,True,0.928666,False,0.208627,0.05449,rwanda pen=1.0 phi=0.0 flat
295,560,300,160,True,0.933606,False,0.196955,0.0488384,rwanda pen=1.0 phi=0.0 flat
295,580,300,160,True,0.938818,False,0.185411,0.0437306,rwanda pen=1.0 phi=0.0 flat
295,600,300,160,True,0.944282,False,0.174006,0.0391533,rwanda pen=1.0 phi=0.0 flat
295,620,300,160,True,0.94996,False,0.162798,0.0350507,rwanda pen=1.0 phi=0.0 flat
295,640,300,160,True,0.955848,False,0.151983,0.0314411,rwanda pen=1.0 phi=0.0 flat
295,660,300,160,True,0.961926,False,0.141603,0.0282971,rwanda pen=1.0 phi=0.0 flat
295,680,300,160,True,0.968191,False,0.131611,0.0256259,rwanda pen=1.0 phi=0.0 flat
295,700,300,160,True,0.974609,False,0.121977,0.0233451,rwanda pen=1.0 phi=0.0 flat
295,720,300,160,True,0.981166,False,0.113151,0.0214357,rwanda pen=1.0 phi=0.0 flat
295,740,300,160,True,0.987838,False,0.105391,0.0198474,rwanda pen=1.0 phi=0.0 flat
295,760,300,160,True,0.994603,False,0.0988216,0.0185195,rwanda pen=1.0 phi=0.0 flat
295,780,300,160,True,1.00145,False,0.0938401,0.0174272,rwanda pen=1.0 phi=0.0 flat
295,800,300,160,True,1.00835,False,0.089947,0.0164958,rwanda pen=1.0 phi=0.0 flat
295,820,300,160,True,1.0153,False,0.0868532,0.015679,rwanda pen=1.0 phi=0.0 flat
295,840,300,160,True,1.02228,False,0.0842713,0.0149525,rwanda pen=1.0 phi=0.0 flat
295,860,300,160,True,1.02928,False,0.0820348,0.0143012,rwanda pen=1.0 phi=0.0 flat
295,880,300,160,True,1.03631,False,0.0799608,0.0137179,rwanda pen=1.0 phi=0.0 flat
295,900,300,160,True,1.04337,False,0.0781468,0.0131914,rwanda pen=1.0 phi=0.0 flat
295,920,300,160,True,1.05044,False,0.0765994,0.0127146,rwanda pen=1.0 phi=0.0 flat
295,940,300,160,True,1.05752,False,0.0752118,0.0122801,rwanda pen=1.0 phi=0.0 flat
295,960,300,160,True,1.06462,False,0.0739193,0.0118866,rwanda pen=1.0 phi=0.0 flat
295,980,300,160,True,1.07174,False,0.0726705,0.0115336,rwanda pen=1.0 phi=0.0 flat
295,1000,300,160,True,1.07887,False,0.0715999,0.0112072,rwanda pen=1.0 phi=0.0 flat
295,1020,300,160,True,1.08601,False,0.0706423,0.0109062,rwanda pen=1.0 phi=0.0 flat
295,1040,300,160,True,1.09316,False,0.0697631,0.0106357,rwanda pen=1.0 phi=0.0 flat
295,1060,300,160,True,1.10031,False,0.0688866,0.0103804,rwanda pen=1.0 phi=0.0 flat
295,1080,300,160,True,1.10747,False,0.0680101,0.0101268,rwanda pen=1.0 phi=0.0 flat
295,1100,300,160,True,1.11463,False,0.0671333,0.00988402,rwanda pen=1.0 phi=0.0 flat
295,1120,300,160,True,1.1218,False,0.0663413,0.00966025,rwanda pen=1.0 phi=0.0 flat
295,1140,300,160,True,1.12897,False,0.0656082,0.00945163,rwanda pen=1.0 phi=0.0 flat
295,1160,300,160,True,1.13615,False,0.0649064,0.00924686,rwanda pen=1.0 phi=0.0 flat
295,1180,300,160,True,1.14332,False,0.0642372,0.00904972,rwanda pen=1.0 phi=0.0 flat
295,1200,300,160,True,1.15051,False,0.0636941,0.00887699,rwanda pen=1.0 phi=0.0 flat
295,1220,300,160,True,1.1577,False,0.0632113,0.00871564,rwanda pen=1.0 phi=0.0 flat
295,1240,300,160,True,1.1649,False,0.0627284,0.00856393,rwanda pen=1.0 phi=0.0 flat
295,1260,300,160,True,1.17209,False,0.0622667,0.00841442,rwanda pen=1.0 phi=0.0 flat
295,1280,300,160,True,1.17929,False,0.0618277,0.008269,rwanda pen=1.0 phi=0.0 flat
295,1300,300,160,True,1.18649,False,0.0613886,0.00813201,rwanda pen=1.0 phi=0.0 flat
295,1320,300,160,True,1.19369,False,0.0609815,0.00800235,rwanda pen=1.0 phi=0.0 flat
295,1340,300,160,True,1.2009,False,0.0606843,0.00788881,rwanda pen=1.0 phi=0.0 flat
295,1360,300,160,True,1.20811,False,0.0604207,0.00778307,rwanda pen=1.0 phi=0.0 flat
295,1380,300,160,True,1.21533,False,0.0601571,0.00768114,rwanda pen=1.0 phi=0.0 flat
295,1400,300,160,True,1.22254,False,0.0598935,0.00758033,rwanda pen=1.0 phi=0.0 flat
300,0,300,160,True,1.44713,False,0.543333,0.515309,rwanda pen=1.0 phi=0.0 flat
300,20,300,160,True,1.38671,False,0.52982,0.49315,rwanda pen=1.0 phi=0.0 flat
300,40,300,160,True,1.33248,False,0.516767,0.47117,rwanda pen=1.0 phi=0.0 flat
300,60,300,160,True,1.28332,False,0.503789,0.449225,rwanda pen=1.0 phi=0.0 flat
300,80,300,160,True,1.23852,False,0.490838,0.427291,rwanda pen=1.0 phi=0.0 flat
300,100,300,160,True,1.19753,False,0.477921,0.405363,rwanda pen=1.0 phi=0.0 flat
300,120,300,160,True,1.15987,False,0.465031,0.383437,rwanda pen=1.0 phi=0.0 flat
300,140,300,160,True,1.12516,False,0.45216,0.361514,rwanda pen=1.0 phi=0.0 flat
300,160,300,160,True,1.09306,False,0.439313,0.339599,rwanda pen=1.0 phi=0.0 flat
300,180,300,160,True,1.0633,False,0.426499,0.317698,rwanda pen=1.0 phi=0.0 flat
300,200,300,160,True,1.03563,False,0.413744,0.295813,rwanda pen=1.0 phi=0.0 flat
300,220,300,160,True,1.00989,False,0.401038,0.273961,rwanda pen=1.0 phi=0.0 flat
300,240,300,160,True,0.986685,False,0.388356,0.252353,rwanda pen=1.0 phi=0.0 flat
300,260,300,160,True,0.967623,False,0.3757,0.231557,rwanda pen=1.0 phi=0.0 flat
300,280,300,160,True,0.952722,False,0.363113,0.211825,rwanda pen=1.0 phi=0.0 flat
300,300,300,160,True,0.94116,False,0.350657,0.193147,rwanda pen=1.0 phi=0.0 flat
300,320,300,160,True,0.93226,False,0.338288,0.175489,rwanda pen=1.0 phi=0.0 flat
300,340,300,160,True,0.925536,False,0.326033,0.158832,rwanda pen=1.0 phi=0.0 flat
300,360,300,160,True,0.92063,False,0.313909,0.143165,rwanda pen=1.0 phi=0.0 flat
300,380,300,160,True,0.917287,False,0.301943,0.128499,rwanda pen=1.0 phi=0.0 flat
300,400,300,160,True,0.915396,False,0.290026,0.11493,rwanda pen=1.0 phi=0.0 flat
300,420,300,160,True,0.91497,False,0.278072,0.102651,rwanda pen=1.0 phi=0.0 flat
300,440,300,160,True,0.915983,False,0.26602,0.0917912,rwanda pen=1.0 phi=0.0 flat
300,460,300,160,True,0.91824,False,0.253912,0.0822719,rwanda pen=1.0 phi=0.0 flat
300,480,300,160,True,0.921489,False,0.241742,0.073931,rwanda pen=1.0 phi=0.0 flat
300,500,300,160,True,0.92533,False,0.229645,0.066395,rwanda pen=1.0 phi=0.0 flat
300,520,300,160,True,0.929603,False,0.217629,0.0595257,rwanda pen=1.0 phi=0.0 flat
300,540,300,160,True,0.934206,False,0.205783,0.0532457,rwanda pen=1.0 phi=0.0 flat
300,560,300,160,True,0.939119,False,0.194031,0.0475529,rwanda pen=1.0 phi=0.0 flat
300,580,300,160,True,0.944306,False,0.182259,0.0424055,rwanda pen=1.0 phi=0.0 flat
300,600,300,160,True,0.949755,False,0.17066,0.0378013,rwanda pen=1.0 phi=0.0 flat
300,620,300,160,True,0.95542,False,0.159175,0.0336784,rwanda pen=1.0 phi=0.0 flat
300,640,300,160,True,0.961295,False,0.147937,0.0300375,rwanda pen=1.0 phi=0.0 flat
300,660,300,160,True,0.967353,False,0.137105,0.0268469,rwanda pen=1.0 phi=0.0 flat
300,680,300,160,True,0.973604,False,0.126689,0.0241362,rwanda pen=1.0 phi=0.0 flat
300,700,300,160,True,0.980006,False,0.116709,0.0218186,rwanda pen=1.0 phi=0.0 flat
300,720,300,160,True,0.986552,False,0.10746,0.0198913,rwanda pen=1.0 phi=0.0 flat
300,740,300,160,True,0.993219,False,0.0992425,0.0182914,rwanda pen=1.0 phi=0.0 flat
300,760,300,160,True,0.999985,False,0.0924122,0.0169705,rwanda pen=1.0 phi=0.0 flat
300,780,300,160,True,1.00684,False,0.0872076,0.0158999,rwanda pen=1.0 phi=0.0 flat
300,800,300,160,True,1.01375,False,0.0831347,0.0149781,rwanda pen=1.0 phi=0.0 flat
300,820,300,160,True,1.02069,False,0.0798325,0.0141742,rwanda pen=1.0 phi=0.0 flat
300,840,300,160,True,1.02767,False,0.0770612,0.0134507,rwanda pen=1.0 phi=0.0 flat
300,860,300,160,True,1.03468,False,0.0746364,0.0128025,rwanda pen=1.0 phi=0.0 flat
300,880,300,160,True,1.04171,False,0.072486,0.0122199,rwanda pen=1.0 phi=0.0 flat
300,900,300,160,True,1.04875,False,0.0705323,0.0116895,rwanda pen=1.0 phi=0.0 flat
300,920,300,160,True,1.05582,False,0.0686826,0.0112032,rwanda pen=1.0 phi=0.0 flat
300,940,300,160,True,1.0629,False,0.067077,0.0107716,rwanda pen=1.0 phi=0.0 flat
300,960,300,160,True,1.07,False,0.0655503,0.0103754,rwanda pen=1.0 phi=0.0 flat
300,980,300,160,True,1.07712,False,0.0642989,0.010016,rwanda pen=1.0 phi=0.0 flat
300,1000,300,160,True,1.08424,False,0.0631784,0.00968808,rwanda pen=1.0 phi=0.0 flat
300,1020,300,160,True,1.09138,False,0.0621711,0.0093939,rwanda pen=1.0 phi=0.0 flat
300,1040,300,160,True,1.09852,False,0.0611257,0.00911543,rwanda pen=1.0 phi=0.0 flat
300,1060,300,160,True,1.10567,False,0.0601334,0.00885255,rwanda pen=1.0 phi=0.0 flat
300,1080,300,160,True,1.11283,False,0.0592089,0.00860629,rwanda pen=1.0 phi=0.0 flat
300,1100,300,160,True,1.11999,False,0.058345,0.00837511,rwanda pen=1.0 phi=0.0 flat
300,1120,300,160,True,1.12716,False,0.0575647,0.00816283,rwanda pen=1.0 phi=0.0 flat
300,1140,300,160,True,1.13433,False,0.056819,0.00795932,rwanda pen=1.0 phi=0.0 flat
300,1160,300,160,True,1.14151,False,0.0560927,0.0077751,rwanda pen=1.0 phi=0.0 flat
300,1180,300,160,True,1.1487,False,0.0554098,0.00760062,rwanda pen=1.0 phi=0.0 flat
300,1200,300,160,True,1.15588,False,0.0547515,0.00742959,rwanda pen=1.0 phi=0.0 flat
300,1220,300,160,True,1.16307,False,0.0541327,0.00726797,rwanda pen=1.0 phi=0.0 flat
300,1240,300,160,True,1.17026,False,0.053518,0.00711408,rwanda pen=1.0 phi=0.0 flat
300,1260,300,160,True,1.17745,False,0.0529034,0.00696294,rwanda pen=1.0 phi=0.0 flat
300,1280,300,160,True,1.18465,False,0.0523506,0.00681654,rwanda pen=1.0 phi=0.0 flat
300,1300,300,160,True,1.19184,False,0.0518676,0.00667763,rwanda pen=1.0 phi=0.0 flat
300,1320,300,160,True,1.19904,False,0.0513844,0.00655176,rwanda pen=1.0 phi=0.0 flat
300,1340,300,160,True,1.20625,False,0.0509013,0.00642746,rwanda pen=1.0 phi=0.0 flat
300,1360,300,160,True,1.21345,False,0.0504305,0.00630425,rwanda pen=1.0 phi=0.0 flat
300,1380,300,160,True,1.22065,False,0.0500571,0.006193,rwanda pen=1.0 phi=0.0 flat
300,1400,300,160,True,1.22786,True,0.0497057,0.00608885,rwanda pen=1.0 phi=0.0 flat
305,0,300,160,True,1.45662,False,0.542126,0.514338,rwanda pen=1.0 phi=0.0 flat
305,20,300,160,True,1.39584,False,0.528653,0.492192,rwanda pen=1.0 phi=0.0 flat
305,40,300,160,True,1.34125,False,0.515602,0.470213,rwanda pen=1.0 phi=0.0 flat
305,60,300,160,True,1.29175,False,0.502624,0.448269,rwanda pen=1.0 phi=0.0 flat
305,80,300,160,True,1.24665,False,0.489671,0.426335,rwanda pen=1.0 phi=0.0 flat
305,100,300,160,True,1.20537,False,0.476754,0.404408,rwanda pen=1.0 phi=0.0 flat
305,120,300,160,True,1.16744,False,0.463845,0.38248,rwanda pen=1.0 phi=0.0 flat
305,140,300,160,True,1.13247,False,0.450966,0.360555,rwanda pen=1.0 phi=0.0 flat
305,160,300,160,True,1.10014,False,0.438119,0.338638,rwanda pen=1.0 phi=0.0 flat
305,180,300,160,True,1.07015,False,0.425283,0.316732,rwanda pen=1.0 phi=0.0 flat
305,200,300,160,True,1.04227,False,0.412499,0.29484,rwanda pen=1.0 phi=0.0 flat
305,220,300,160,True,1.01633,False,0.399758,0.272979,rwanda pen=1.0 phi=0.0 flat
305,240,300,160,True,0.992971,False,0.387073,0.25137,rwanda pen=1.0 phi=0.0 flat
305,260,300,160,True,0.973802,False,0.374395,0.230581,rwanda pen=1.0 phi=0.0 flat
305,280,300,160,True,0.958808,False,0.361749,0.210848,rwanda pen=1.0 phi=0.0 flat
305,300,300,160,True,0.947165,False,0.349203,0.192167,rwanda pen=1.0 phi=0.0 flat
305,320,300,160,True,0.938201,False,0.336783,0.174508,rwanda pen=1.0 phi=0.0 flat
305,340,300,160,True,0.931418,False,0.324461,0.157844,rwanda pen=1.0 phi=0.0 flat
305,360,300,160,True,0.926451,False,0.312241,0.142159,rwanda pen=1.0 phi=0.0 flat
305,380,300,160,True,0.923057,False,0.300151,0.127475,rwanda pen=1.0 phi=0.0 flat
305,400,300,160,True,0.92112,False,0.288181,0.113886,rwanda pen=1.0 phi=0.0 flat
305,420,300,160,True,0.920659,False,0.276194,0.101593,rwanda pen=1.0 phi=0.0 flat
305,440,300,160,True,0.921653,False,0.264123,0.0907294,rwanda pen=1.0 phi=0.0 flat
305,460,300,160,True,0.923893,False,0.251915,0.0812035,rwanda pen=1.0 phi=0.0 flat
305,480,300,160,True,0.927119,False,0.239656,0.0728436,rwanda pen=1.0 phi=0.0 flat
305,500,300,160,True,0.930946,False,0.22737,0.0652941,rwanda pen=1.0 phi=0.0 flat
305,520,300,160,True,0.935201,False,0.215186,0.0584035,rwanda pen=1.0 phi=0.0 flat
305,540,300,160,True,0.939779,False,0.203094,0.0520865,rwanda pen=1.0 phi=0.0 flat
305,560,300,160,True,0.944667,False,0.191158,0.0463515,rwanda pen=1.0 phi=0.0 flat
305,580,300,160,True,0.94984,False,0.179316,0.0411818,rwanda pen=1.0 phi=0.0 flat
305,600,300,160,True,0.955265,False,0.167454,0.0365391,rwanda pen=1.0 phi=0.0 flat
305,620,300,160,True,0.960922,False,0.155807,0.0324076,rwanda pen=1.0 phi=0.0 flat
305,640,300,160,True,0.966784,False,0.144246,0.0287436,rwanda pen=1.0 phi=0.0 flat
305,660,300,160,True,0.972824,False,0.133,0.025513,rwanda pen=1.0 phi=0.0 flat
305,680,300,160,True,0.979061,False,0.122145,0.0227679,rwanda pen=1.0 phi=0.0 flat
305,700,300,160,True,0.985445,False,0.111741,0.020408,rwanda pen=1.0 phi=0.0 flat
305,720,300,160,True,0.991987,False,0.102207,0.0184723,rwanda pen=1.0 phi=0.0 flat
305,740,300,160,True,0.998649,False,0.0935811,0.0168648,rwanda pen=1.0 phi=0.0 flat
305,760,300,160,True,1.00542,False,0.0864023,0.0155515,rwanda pen=1.0 phi=0.0 flat
305,780,300,160,True,1.01227,False,0.0809749,0.0144868,rwanda pen=1.0 phi=0.0 flat
305,800,300,160,True,1.01918,False,0.0767228,0.0135775,rwanda pen=1.0 phi=0.0 flat
305,820,300,160,True,1.02613,False,0.0733197,0.0127875,rwanda pen=1.0 phi=0.0 flat
305,840,300,160,True,1.03312,False,0.0704319,0.0120867,rwanda pen=1.0 phi=0.0 flat
305,860,300,160,True,1.04013,False,0.0678189,0.0114513,rwanda pen=1.0 phi=0.0 flat
305,880,300,160,True,1.04716,False,0.0655427,0.010871,rwanda pen=1.0 phi=0.0 flat
305,900,300,160,True,1.05421,False,0.0635165,0.0103532,rwanda pen=1.0 phi=0.0 flat
305,920,300,160,True,1.06127,False,0.0615716,0.00987831,rwanda pen=1.0 phi=0.0 flat
305,940,300,160,True,1.06835,False,0.0597571,0.00944038,rwanda pen=1.0 phi=0.0 flat
305,960,300,160,True,1.07545,False,0.0582115,0.00904594,rwanda pen=1.0 phi=0.0 flat
305,980,300,160,True,1.08256,False,0.0568749,0.00868649,rwanda pen=1.0 phi=0.0 flat
305,1000,300,160,True,1.08969,False,0.0556864,0.0083639,rwanda pen=1.0 phi=0.0 flat
305,1020,300,160,True,1.09683,False,0.0545913,0.00807418,rwanda pen=1.0 phi=0.0 flat
305,1040,300,160,True,1.10397,False,0.0535379,0.00779617,rwanda pen=1.0 phi=0.0 flat
305,1060,300,160,True,1.11112,False,0.052532,0.00754108,rwanda pen=1.0 phi=0.0 flat
305,1080,300,160,True,1.11828,False,0.0516095,0.00730964,rwanda pen=1.0 phi=0.0 flat
305,1100,300,160,True,1.12544,False,0.0507317,0.00708853,rwanda pen=1.0 phi=0.0 flat
305,1120,300,160,True,1.13261,True,0.0498656,0.00687979,rwanda pen=1.0 phi=0.0 flat
305,1140,300,160,True,1.13978,True,0.049067,0.00668577,rwanda pen=1.0 phi=0.0 flat
305,1160,300,160,True,1.14696,True,0.048281,0.00649912,rwanda pen=1.0 phi=0.0 flat
305,1180,300,160,True,1.15414,True,0.0475349,0.00632117,rwanda pen=1.0 phi=0.0 flat
305,1200,300,160,True,1.16132,True,0.0467888,0.00615019,rwanda pen=1.0 phi=0.0 flat
305,1220,300,160,True,1.16851,True,0.0460425,0.00598695,rwanda pen=1.0 phi=0.0 flat
305,1240,300,160,True,1.17569,True,0.0453062,0.00582652,rwanda pen=1.0 phi=0.0 flat
305,1260,300,160,True,1.18288,True,0.0446462,0.00567451,rwanda pen=1.0 phi=0.0 flat
305,1280,300,160,True,1.19007,True,0.0440098,0.00553271,rwanda pen=1.0 phi=0.0 flat
305,1300,300,160,True,1.19727,True,0.043437,0.00540429,rwanda pen=1.0 phi=0.0 flat
305,1320,300,160,True,1.20447,True,0.042866,0.00528097,rwanda pen=1.0 phi=0.0 flat
305,1340,300,160,True,1.21167,True,0.0422949,0.00516251,rwanda pen=1.0 phi=0.0 flat
305,1360,300,160,True,1.21888,True,0.0417427,0.00504973,rwanda pen=1.0 phi=0.0 flat
305,1380,300,160,True,1.22608,True,0.0412583,0.00494294,rwanda pen=1.0 phi=0.0 flat
305,1400,300,160,True,1.23329,True,0.040775,0.00484224,rwanda pen=1.0 phi=0.0 flat
310,0,300,160,True,1.46614,False,0.540939,0.513391,rwanda pen=1.0 phi=0.0 flat
310,20,300,160,True,1.40499,False,0.527512,0.491256,rwanda pen=1.0 phi=0.0 flat
310,40,300,160,True,1.35004,False,0.514461,0.469279,rwanda pen=1.0 phi=0.0 flat
310,60,300,160,True,1.30021,False,0.501483,0.447335,rwanda pen=1.0 phi=0.0 flat
310,80,300,160,True,1.2548,False,0.488537,0.425403,rwanda pen=1.0 phi=0.0 flat
310,100,300,160,True,1.21323,False,0.475621,0.403475,rwanda pen=1.0 phi=0.0 flat
310,120,300,160,True,1.17503,False,0.462704,0.381547,rwanda pen=1.0 phi=0.0 flat
310,140,300,160,True,1.13981,False,0.449812,0.359621,rwanda pen=1.0 phi=0.0 flat
310,160,300,160,True,1.10723,False,0.436959,0.3377,rwanda pen=1.0 phi=0.0 flat
310,180,300,160,True,1.07702,False,0.42411,0.31579,rwanda pen=1.0 phi=0.0 flat
310,200,300,160,True,1.04892,False,0.411289,0.293891,rwanda pen=1.0 phi=0.0 flat
310,220,300,160,True,1.02279,False,0.398541,0.272025,rwanda pen=1.0 phi=0.0 flat
310,240,300,160,True,0.999273,False,0.385822,0.250415,rwanda pen=1.0 phi=0.0 flat
310,260,300,160,True,0.979998,False,0.37314,0.229633,rwanda pen=1.0 phi=0.0 flat
310,280,300,160,True,0.964915,False,0.360474,0.209907,rwanda pen=1.0 phi=0.0 flat
310,300,300,160,True,0.953187,False,0.347859,0.191225,rwanda pen=1.0 phi=0.0 flat
310,320,300,160,True,0.944159,False,0.335359,0.173566,rwanda pen=1.0 phi=0.0 flat
310,340,300,160,True,0.937316,False,0.322963,0.156895,rwanda pen=1.0 phi=0.0 flat
310,360,300,160,True,0.932295,False,0.310672,0.141202,rwanda pen=1.0 phi=0.0 flat
310,380,300,160,True,0.928849,False,0.298474,0.126501,rwanda pen=1.0 phi=0.0 flat
310,400,300,160,True,0.926869,False,0.286397,0.112896,rwanda pen=1.0 phi=0.0 flat
310,420,300,160,True,0.926376,False,0.274369,0.10059,rwanda pen=1.0 phi=0.0 flat
310,440,300,160,True,0.92735,False,0.262259,0.0897236,rwanda pen=1.0 phi=0.0 flat
310,460,300,160,True,0.929572,False,0.250031,0.0801929,rwanda pen=1.0 phi=0.0 flat
310,480,300,160,True,0.93278,False,0.237648,0.0718191,rwanda pen=1.0 phi=0.0 flat
310,500,300,160,True,0.936591,False,0.225264,0.0642584,rwanda pen=1.0 phi=0.0 flat
310,520,300,160,True,0.940822,False,0.212883,0.0573444,rwanda pen=1.0 phi=0.0 flat
310,540,300,160,True,0.945389,False,0.20061,0.051014,rwanda pen=1.0 phi=0.0 flat
310,560,300,160,True,0.950253,False,0.18844,0.0452403,rwanda pen=1.0 phi=0.0 flat
310,580,300,160,True,0.955405,False,0.176414,0.0400364,rwanda pen=1.0 phi=0.0 flat
310,600,300,160,True,0.960813,False,0.164481,0.0353697,rwanda pen=1.0 phi=0.0 flat
310,620,300,160,True,0.966453,False,0.152555,0.0312108,rwanda pen=1.0 phi=0.0 flat
310,640,300,160,True,0.972307,False,0.140849,0.0275373,rwanda pen=1.0 phi=0.0 flat
310,660,300,160,True,0.978341,False,0.12924,0.0242966,rwanda pen=1.0 phi=0.0 flat
310,680,300,160,True,0.984563,False,0.117975,0.0215152,rwanda pen=1.0 phi=0.0 flat
310,700,300,160,True,0.990939,False,0.107149,0.0191366,rwanda pen=1.0 phi=0.0 flat
310,720,300,160,True,0.997473,False,0.0972296,0.0171836,rwanda pen=1.0 phi=0.0 flat
310,740,300,160,True,1.00413,False,0.0883501,0.0155749,rwanda pen=1.0 phi=0.0 flat
310,760,300,160,True,1.0109,False,0.0808677,0.0142729,rwanda pen=1.0 phi=0.0 flat
310,780,300,160,True,1.01776,False,0.0751315,0.0132083,rwanda pen=1.0 phi=0.0 flat
310,800,300,160,True,1.02468,False,0.0708348,0.0123273,rwanda pen=1.0 phi=0.0 flat
310,820,300,160,True,1.03164,False,0.0673702,0.0115604,rwanda pen=1.0 phi=0.0 flat
310,840,300,160,True,1.03863,False,0.0643327,0.0108817,rwanda pen=1.0 phi=0.0 flat
310,860,300,160,True,1.04564,False,0.0616006,0.0102638,rwanda pen=1.0 phi=0.0 flat
310,880,300,160,True,1.05267,False,0.0591217,0.00969942,rwanda pen=1.0 phi=0.0 flat
310,900,300,160,True,1.05973,False,0.056921,0.00919154,rwanda pen=1.0 phi=0.0 flat
310,920,300,160,True,1.0668,False,0.0549473,0.00872906,rwanda pen=1.0 phi=0.0 flat
310,940,300,160,True,1.07388,False,0.0532084,0.00830919,rwanda pen=1.0 phi=0.0 flat
310,960,300,160,True,1.08098,False,0.0515806,0.00792632,rwanda pen=1.0 phi=0.0 flat
310,980,300,160,True,1.0881,False,0.0501334,0.00757458,rwanda pen=1.0 phi=0.0 flat
310,1000,300,160,True,1.09522,True,0.0487762,0.00724528,rwanda pen=1.0 phi=0.0 flat
310,1020,300,160,True,1.10235,True,0.0476326,0.00694899,rwanda pen=1.0 phi=0.0 flat
310,1040,300,160,True,1.10949,True,0.0466286,0.00668349,rwanda pen=1.0 phi=0.0 flat
310,1060,300,160,True,1.11665,True,0.0456642,0.00643943,rwanda pen=1.0 phi=0.0 flat
310,1080,300,160,True,1.1238,True,0.0447466,0.00620811,rwanda pen=1.0 phi=0.0 flat
310,1100,300,160,True,1.13097,True,0.0439131,0.00600055,rwanda pen=1.0 phi=0.0 flat
310,1120,300,160,True,1.13814,True,0.0431032,0.00580939,rwanda pen=1.0 phi=0.0 flat
310,1140,300,160,True,1.14532,True,0.0423134,0.00562473,rwanda pen=1.0 phi=0.0 flat
310,1160,300,160,True,1.1525,True,0.0415234,0.00544373,rwanda pen=1.0 phi=0.0 flat
310,1180,300,160,True,1.15967,True,0.0407334,0.00526857,rwanda pen=1.0 phi=0.0 flat
310,1200,300,160,True,1.16686,True,0.0399433,0.00510242,rwanda pen=1.0 phi=0.0 flat
310,1220,300,160,True,1.17404,True,0.0391801,0.00494757,rwanda pen=1.0 phi=0.0 flat
310,1240,300,160,True,1.18123,True,0.0384337,0.00479644,rwanda pen=1.0 phi=0.0 flat
310,1260,300,160,True,1.18842,True,0.0376953,0.00465144,rwanda pen=1.0 phi=0.0 flat
310,1280,300,160,True,1.19562,True,0.0369925,0.00451744,rwanda pen=1.0 phi=0.0 flat
310,1300,300,160,True,1.20282,True,0.0362897,0.00439405,rwanda pen=1.0 phi=0.0 flat
310,1320,300,160,True,1.21002,True,0.0356211,0.00427574,rwanda pen=1.0 phi=0.0 flat
310,1340,300,160,True,1.21722,True,0.0349731,0.00416161,rwanda pen=1.0 phi=0.0 flat
310,1360,300,160,True,1.22442,True,0.0344019,0.00405547,rwanda pen=1.0 phi=0.0 flat
310,1380,300,160,True,1.23163,True,0.0338307,0.00395131,rwanda pen=1.0 phi=0.0 flat
310,1400,300,160,True,1.23883,True,0.0332864,0.00385197,rwanda pen=1.0 phi=0.0 flat
315,0,300,160,True,1.4757,False,0.539781,0.512469,rwanda pen=1.0 phi=0.0 flat
315,20,300,160,True,1.41417,False,0.526392,0.490345,rwanda pen=1.0 phi=0.0 flat
315,40,300,160,True,1.35886,False,0.513344,0.468369,rwanda pen=1.0 phi=0.0 flat
315,60,300,160,True,1.3087,False,0.500371,0.446426,rwanda pen=1.0 phi=0.0 flat
315,80,300,160,True,1.26297,False,0.48743,0.424494,rwanda pen=1.0 phi=0.0 flat
315,100,300,160,True,1.22111,False,0.474513,0.402566,rwanda pen=1.0 phi=0.0 flat
315,120,300,160,True,1.18264,False,0.461597,0.380638,rwanda pen=1.0 phi=0.0 flat
315,140,300,160,True,1.14716,False,0.448687,0.358711,rwanda pen=1.0 phi=0.0 flat
315,160,300,160,True,1.11435,False,0.435825,0.336788,rwanda pen=1.0 phi=0.0 flat
315,180,300,160,True,1.08391,False,0.422977,0.314875,rwanda pen=1.0 phi=0.0 flat
315,200,300,160,True,1.0556,False,0.410137,0.292971,rwanda pen=1.0 phi=0.0 flat
315,220,300,160,True,1.02927,False,0.397357,0.271097,rwanda pen=1.0 phi=0.0 flat
315,240,300,160,True,1.00559,False,0.384608,0.249488,rwanda pen=1.0 phi=0.0 flat
315,260,300,160,True,0.986211,False,0.371916,0.228714,rwanda pen=1.0 phi=0.0 flat
315,280,300,160,True,0.971038,False,0.359233,0.208995,rwanda pen=1.0 phi=0.0 flat
315,300,300,160,True,0.959227,False,0.346578,0.190315,rwanda pen=1.0 phi=0.0 flat
315,320,300,160,True,0.950133,False,0.334001,0.172658,rwanda pen=1.0 phi=0.0 flat
315,340,300,160,True,0.943232,False,0.321545,0.155988,rwanda pen=1.0 phi=0.0 flat
315,360,300,160,True,0.938159,False,0.309185,0.140288,rwanda pen=1.0 phi=0.0 flat
315,380,300,160,True,0.934661,False,0.296904,0.125575,rwanda pen=1.0 phi=0.0 flat
315,400,300,160,True,0.93264,False,0.284709,0.111959,rwanda pen=1.0 phi=0.0 flat
315,420,300,160,True,0.932118,False,0.272591,0.0996436,rwanda pen=1.0 phi=0.0 flat
315,440,300,160,True,0.933073,False,0.26044,0.0887741,rwanda pen=1.0 phi=0.0 flat
315,460,300,160,True,0.935281,False,0.248179,0.0792421,rwanda pen=1.0 phi=0.0 flat
315,480,300,160,True,0.938472,False,0.235753,0.0708596,rwanda pen=1.0 phi=0.0 flat
315,500,300,160,True,0.942261,False,0.223244,0.0632797,rwanda pen=1.0 phi=0.0 flat
315,520,300,160,True,0.946468,False,0.210733,0.0563468,rwanda pen=1.0 phi=0.0 flat
315,540,300,160,True,0.951027,False,0.198264,0.0500116,rwanda pen=1.0 phi=0.0 flat
315,560,300,160,True,0.955872,False,0.18591,0.0442087,rwanda pen=1.0 phi=0.0 flat
315,580,300,160,True,0.961003,False,0.173675,0.0389748,rwanda pen=1.0 phi=0.0 flat
315,600,300,160,True,0.96639,False,0.161569,0.0342742,rwanda pen=1.0 phi=0.0 flat
315,620,300,160,True,0.972016,False,0.149546,0.0300972,rwanda pen=1.0 phi=0.0 flat
315,640,300,160,True,0.977863,False,0.137572,0.0264142,rwanda pen=1.0 phi=0.0 flat
315,660,300,160,True,0.983897,False,0.125794,0.0231769,rwanda pen=1.0 phi=0.0 flat
315,680,300,160,True,0.990109,False,0.114145,0.0203791,rwanda pen=1.0 phi=0.0 flat
315,700,300,160,True,0.996478,False,0.102957,0.0179873,rwanda pen=1.0 phi=0.0 flat
315,720,300,160,True,1.00301,False,0.0926247,0.0160227,rwanda pen=1.0 phi=0.0 flat
315,740,300,160,True,1.00967,False,0.083428,0.0144113,rwanda pen=1.0 phi=0.0 flat
315,760,300,160,True,1.01644,False,0.0758245,0.0131119,rwanda pen=1.0 phi=0.0 flat
315,780,300,160,True,1.0233,False,0.0699507,0.0120697,rwanda pen=1.0 phi=0.0 flat
315,800,300,160,True,1.03022,False,0.0654586,0.0112055,rwanda pen=1.0 phi=0.0 flat
315,820,300,160,True,1.03719,False,0.0619388,0.0104773,rwanda pen=1.0 phi=0.0 flat
315,840,300,160,True,1.04419,False,0.0588353,0.00982825,rwanda pen=1.0 phi=0.0 flat
315,860,300,160,True,1.05122,False,0.0560407,0.00923583,rwanda pen=1.0 phi=0.0 flat
315,880,300,160,True,1.05826,False,0.0534954,0.00869794,rwanda pen=1.0 phi=0.0 flat
315,900,300,160,True,1.06531,False,0.0510915,0.00819215,rwanda pen=1.0 phi=0.0 flat
315,920,300,160,True,1.07238,True,0.0490097,0.00773718,rwanda pen=1.0 phi=0.0 flat
315,940,300,160,True,1.07948,True,0.0472582,0.0073351,rwanda pen=1.0 phi=0.0 flat
315,960,300,160,True,1.08658,True,0.0457347,0.00695933,rwanda pen=1.0 phi=0.0 flat
315,980,300,160,True,1.09369,True,0.0443506,0.00661321,rwanda pen=1.0 phi=0.0 flat
315,1000,300,160,True,1.10081,True,0.0430417,0.00630229,rwanda pen=1.0 phi=0.0 flat
315,1020,300,160,True,1.10795,True,0.041771,0.00602172,rwanda pen=1.0 phi=0.0 flat
315,1040,300,160,True,1.1151,True,0.0405746,0.00575979,rwanda pen=1.0 phi=0.0 flat
315,1060,300,160,True,1.12225,True,0.039602,0.00552215,rwanda pen=1.0 phi=0.0 flat
315,1080,300,160,True,1.12941,True,0.0386895,0.00530228,rwanda pen=1.0 phi=0.0 flat
315,1100,300,160,True,1.13658,True,0.0378248,0.00509974,rwanda pen=1.0 phi=0.0 flat
315,1120,300,160,True,1.14375,True,0.0370101,0.00490311,rwanda pen=1.0 phi=0.0 flat
315,1140,300,160,True,1.15092,True,0.0362202,0.00472282,rwanda pen=1.0 phi=0.0 flat
315,1160,300,160,True,1.1581,True,0.0354301,0.00455354,rwanda pen=1.0 phi=0.0 flat
315,1180,300,160,True,1.16529,True,0.0346517,0.00439349,rwanda pen=1.0 phi=0.0 flat
315,1200,300,160,True,1.17247,True,0.0339052,0.00424235,rwanda pen=1.0 phi=0.0 flat
315,1220,300,160,True,1.17966,True,0.0331588,0.004094,rwanda pen=1.0 phi=0.0 flat
315,1240,300,160,True,1.18685,True,0.0324194,0.00395741,rwanda pen=1.0 phi=0.0 flat
315,1260,300,160,True,1.19405,True,0.0317543,0.00383571,rwanda pen=1.0 phi=0.0 flat
315,1280,300,160,True,1.20125,True,0.0310953,0.00371599,rwanda pen=1.0 phi=0.0 flat
315,1300,300,160,True,1.20845,True,0.0304363,0.0035993,rwanda pen=1.0 phi=0.0 flat
315,1320,300,160,True,1.21565,True,0.029778,0.00348573,rwanda pen=1.0 phi=0.0 flat
315,1340,300,160,True,1.22286,True,0.0291629,0.00338115,rwanda pen=1.0 phi=0.0 flat
315,1360,300,160,True,1.23006,True,0.0285477,0.00327699,rwanda pen=1.0 phi=0.0 flat
315,1380,300,160,True,1.23726,True,0.0279324,0.00317309,rwanda pen=1.0 phi=0.0 flat
315,1400,300,160,True,1.24447,True,0.0273171,0.00307909,rwanda pen=1.0 phi=0.0 flat
320,0,300,160,True,1.48528,False,0.538649,0.511568,rwanda pen=1.0 phi=0.0 flat
320,20,300,160,True,1.42337,False,0.525293,0.489454,rwanda pen=1.0 phi=0.0 flat
320,40,300,160,True,1.36771,False,0.512255,0.46748,rwanda pen=1.0 phi=0.0 flat
320,60,300,160,True,1.3172,False,0.499284,0.445538,rwanda pen=1.0 phi=0.0 flat
320,80,300,160,True,1.27116,False,0.486345,0.423606,rwanda pen=1.0 phi=0.0 flat
320,100,300,160,True,1.229,False,0.473428,0.401679,rwanda pen=1.0 phi=0.0 flat
320,120,300,160,True,1.19026,False,0.460512,0.379751,rwanda pen=1.0 phi=0.0 flat
320,140,300,160,True,1.15453,False,0.447596,0.357823,rwanda pen=1.0 phi=0.0 flat
320,160,300,160,True,1.12147,False,0.434713,0.335898,rwanda pen=1.0 phi=0.0 flat
320,180,300,160,True,1.09081,False,0.421865,0.313981,rwanda pen=1.0 phi=0.0 flat
320,200,300,160,True,1.06229,False,0.409016,0.292074,rwanda pen=1.0 phi=0.0 flat
320,220,300,160,True,1.03576,False,0.396202,0.270194,rwanda pen=1.0 phi=0.0 flat
320,240,300,160,True,1.01193,False,0.383447,0.248587,rwanda pen=1.0 phi=0.0 flat
320,260,300,160,True,0.992437,False,0.370714,0.227821,rwanda pen=1.0 phi=0.0 flat
320,280,300,160,True,0.977176,False,0.358033,0.208112,rwanda pen=1.0 phi=0.0 flat
320,300,300,160,True,0.965284,False,0.345357,0.189436,rwanda pen=1.0 phi=0.0 flat
320,320,300,160,True,0.95612,False,0.332715,0.171782,rwanda pen=1.0 phi=0.0 flat
320,340,300,160,True,0.949162,False,0.320175,0.155112,rwanda pen=1.0 phi=0.0 flat
320,360,300,160,True,0.944038,False,0.307765,0.139411,rwanda pen=1.0 phi=0.0 flat
320,380,300,160,True,0.940493,False,0.295425,0.124693,rwanda pen=1.0 phi=0.0 flat
320,400,300,160,True,0.938434,False,0.283133,0.11107,rwanda pen=1.0 phi=0.0 flat
320,420,300,160,True,0.937883,False,0.270895,0.0987507,rwanda pen=1.0 phi=0.0 flat
320,440,300,160,True,0.938819,False,0.258673,0.0878772,rwanda pen=1.0 phi=0.0 flat
320,460,300,160,True,0.941014,False,0.24637,0.0783438,rwanda pen=1.0 phi=0.0 flat
320,480,300,160,True,0.944189,False,0.233912,0.069954,rwanda pen=1.0 phi=0.0 flat
320,500,300,160,True,0.947953,False,0.221332,0.0623543,rwanda pen=1.0 phi=0.0 flat
320,520,300,160,True,0.952141,False,0.208707,0.0554059,rwanda pen=1.0 phi=0.0 flat
320,540,300,160,True,0.956685,False,0.196077,0.0490627,rwanda pen=1.0 phi=0.0 flat
320,560,300,160,True,0.961515,False,0.18354,0.0432442,rwanda pen=1.0 phi=0.0 flat
320,580,300,160,True,0.96663,False,0.171093,0.0379867,rwanda pen=1.0 phi=0.0 flat
320,600,300,160,True,0.971996,False,0.158791,0.0332537,rwanda pen=1.0 phi=0.0 flat
320,620,300,160,True,0.977612,False,0.14661,0.0290627,rwanda pen=1.0 phi=0.0 flat
320,640,300,160,True,0.983448,False,0.134485,0.0253649,rwanda pen=1.0 phi=0.0 flat
320,660,300,160,True,0.989479,False,0.122481,0.0221291,rwanda pen=1.0 phi=0.0 flat
320,680,300,160,True,0.995692,False,0.110631,0.0193396,rwanda pen=1.0 phi=0.0 flat
320,700,300,160,True,1.00205,False,0.0990822,0.0169297,rwanda pen=1.0 phi=0.0 flat
320,720,300,160,True,1.00858,False,0.0883955,0.0149669,rwanda pen=1.0 phi=0.0 flat
320,740,300,160,True,1.01523,False,0.0788351,0.0133403,rwanda pen=1.0 phi=0.0 flat
320,760,300,160,True,1.022,False,0.0710445,0.0120464,rwanda pen=1.0 phi=0.0 flat
320,780,300,160,True,1.02887,False,0.0650729,0.0110287,rwanda pen=1.0 phi=0.0 flat
320,800,300,160,True,1.0358,False,0.0604971,0.0101922,rwanda pen=1.0 phi=0.0 flat
320,820,300,160,True,1.04279,False,0.0569523,0.00949601,rwanda pen=1.0 phi=0.0 flat
320,840,300,160,True,1.0498,False,0.0538788,0.00887097,rwanda pen=1.0 phi=0.0 flat
320,860,300,160,True,1.05683,False,0.0510473,0.00830371,rwanda pen=1.0 phi=0.0 flat
320,880,300,160,True,1.06387,True,0.0484325,0.00778459,rwanda pen=1.0 phi=0.0 flat
320,900,300,160,True,1.07094,True,0.0461106,0.00730808,rwanda pen=1.0 phi=0.0 flat
320,920,300,160,True,1.07802,True,0.0440647,0.00687274,rwanda pen=1.0 phi=0.0 flat
320,940,300,160,True,1.08511,True,0.0422914,0.00646974,rwanda pen=1.0 phi=0.0 flat
320,960,300,160,True,1.09221,True,0.0407784,0.0061077,rwanda pen=1.0 phi=0.0 flat
320,980,300,160,True,1.09933,True,0.0393532,0.00578164,rwanda pen=1.0 phi=0.0 flat
320,1000,300,160,True,1.10646,True,0.0380054,0.0054832,rwanda pen=1.0 phi=0.0 flat
320,1020,300,160,True,1.1136,True,0.0367212,0.0052028,rwanda pen=1.0 phi=0.0 flat
320,1040,300,160,True,1.12074,True,0.0355063,0.00494638,rwanda pen=1.0 phi=0.0 flat
320,1060,300,160,True,1.1279,True,0.0343553,0.00471064,rwanda pen=1.0 phi=0.0 flat
320,1080,300,160,True,1.13506,True,0.0333274,0.00449638,rwanda pen=1.0 phi=0.0 flat
320,1100,300,160,True,1.14223,True,0.032451,0.00430175,rwanda pen=1.0 phi=0.0 flat
320,1120,300,160,True,1.1494,True,0.0316389,0.00411665,rwanda pen=1.0 phi=0.0 flat
320,1140,300,160,True,1.15658,True,0.0308488,0.00394589,rwanda pen=1.0 phi=0.0 flat
320,1160,300,160,True,1.16376,True,0.0301163,0.00378567,rwanda pen=1.0 phi=0.0 flat
320,1180,300,160,True,1.17095,True,0.0294138,0.0036357,rwanda pen=1.0 phi=0.0 flat
320,1200,300,160,True,1.17814,True,0.0287112,0.00349521,rwanda pen=1.0 phi=0.0 flat
320,1220,300,160,True,1.18533,True,0.0280084,0.00336411,rwanda pen=1.0 phi=0.0 flat
320,1240,300,160,True,1.19253,True,0.0273291,0.00323825,rwanda pen=1.0 phi=0.0 flat
320,1260,300,160,True,1.19972,True,0.0266886,0.00311966,rwanda pen=1.0 phi=0.0 flat
320,1280,300,160,True,1.20692,True,0.0260735,0.00301026,rwanda pen=1.0 phi=0.0 flat
320,1300,300,160,True,1.21413,True,0.0254583,0.00290388,rwanda pen=1.0 phi=0.0 flat
320,1320,300,160,True,1.22133,True,0.0248431,0.00279972,rwanda pen=1.0 phi=0.0 flat
320,1340,300,160,True,1.22853,True,0.0242279,0.00269556,rwanda pen=1.0 phi=0.0 flat
320,1360,300,160,True,1.23574,True,0.0236127,0.00259511,rwanda pen=1.0 phi=0.0 flat
320,1380,300,160,True,1.24294,True,0.0229973,0.00250595,rwanda pen=1.0 phi=0.0 flat
320,1400,300,160,True,1.25015,True,0.0223819,0.00241858,rwanda pen=1.0 phi=0.0 flat
325,0,300,160,True,1.49488,False,0.537548,0.510687,rwanda pen=1.0 phi=0.0 flat
325,20,300,160,True,1.4326,False,0.524222,0.488582,rwanda pen=1.0 phi=0.0 flat
325,40,300,160,True,1.37656,False,0.511192,0.466609,rwanda pen=1.0 phi=0.0 flat
325,60,300,160,True,1.32572,False,0.498222,0.444668,rwanda pen=1.0 phi=0.0 flat
325,80,300,160,True,1.27936,False,0.485285,0.422737,rwanda pen=1.0 phi=0.0 flat
325,100,300,160,True,1.23691,False,0.472369,0.400809,rwanda pen=1.0 phi=0.0 flat
325,120,300,160,True,1.1979,False,0.459452,0.378881,rwanda pen=1.0 phi=0.0 flat
325,140,300,160,True,1.16191,False,0.446536,0.356953,rwanda pen=1.0 phi=0.0 flat
325,160,300,160,True,1.12861,False,0.433625,0.335027,rwanda pen=1.0 phi=0.0 flat
325,180,300,160,True,1.09772,False,0.420778,0.313107,rwanda pen=1.0 phi=0.0 flat
325,200,300,160,True,1.06898,False,0.40793,0.291197,rwanda pen=1.0 phi=0.0 flat
325,220,300,160,True,1.04226,False,0.395088,0.269313,rwanda pen=1.0 phi=0.0 flat
325,240,300,160,True,1.01827,False,0.38231,0.247707,rwanda pen=1.0 phi=0.0 flat
325,260,300,160,True,0.998675,False,0.369562,0.226951,rwanda pen=1.0 phi=0.0 flat
325,280,300,160,True,0.983324,False,0.356855,0.20725,rwanda pen=1.0 phi=0.0 flat
325,300,300,160,True,0.971353,False,0.344172,0.188581,rwanda pen=1.0 phi=0.0 flat
325,320,300,160,True,0.962117,False,0.331508,0.170932,rwanda pen=1.0 phi=0.0 flat
325,340,300,160,True,0.955107,False,0.318903,0.15427,rwanda pen=1.0 phi=0.0 flat
325,360,300,160,True,0.949932,False,0.306401,0.138568,rwanda pen=1.0 phi=0.0 flat
325,380,300,160,True,0.946342,False,0.294005,0.123848,rwanda pen=1.0 phi=0.0 flat
325,400,300,160,True,0.944244,False,0.281656,0.110223,rwanda pen=1.0 phi=0.0 flat
325,420,300,160,True,0.943667,False,0.26931,0.0979031,rwanda pen=1.0 phi=0.0 flat
325,440,300,160,True,0.944584,False,0.256966,0.087026,rwanda pen=1.0 phi=0.0 flat
325,460,300,160,True,0.94677,False,0.244608,0.0774958,rwanda pen=1.0 phi=0.0 flat
325,480,300,160,True,0.949925,False,0.232114,0.0690933,rwanda pen=1.0 phi=0.0 flat
325,500,300,160,True,0.953667,False,0.219494,0.0614798,rwanda pen=1.0 phi=0.0 flat
325,520,300,160,True,0.957833,False,0.206783,0.0545127,rwanda pen=1.0 phi=0.0 flat
325,540,300,160,True,0.962364,False,0.194047,0.0481648,rwanda pen=1.0 phi=0.0 flat
325,560,300,160,True,0.967177,False,0.181312,0.0423319,rwanda pen=1.0 phi=0.0 flat
325,580,300,160,True,0.972282,False,0.16871,0.0370663,rwanda pen=1.0 phi=0.0 flat
325,600,300,160,True,0.977633,False,0.156145,0.0323096,rwanda pen=1.0 phi=0.0 flat
325,620,300,160,True,0.983239,False,0.143782,0.0281034,rwanda pen=1.0 phi=0.0 flat
325,640,300,160,True,0.989063,False,0.131534,0.0243893,rwanda pen=1.0 phi=0.0 flat
325,660,300,160,True,0.995092,False,0.119329,0.0211565,rwanda pen=1.0 phi=0.0 flat
325,680,300,160,True,1.0013,False,0.107295,0.0183627,rwanda pen=1.0 phi=0.0 flat
325,700,300,160,True,1.00766,False,0.0954983,0.0159599,rwanda pen=1.0 phi=0.0 flat
325,720,300,160,True,1.01418,False,0.0844719,0.0139906,rwanda pen=1.0 phi=0.0 flat
325,740,300,160,True,1.02083,False,0.0746323,0.0123649,rwanda pen=1.0 phi=0.0 flat
325,760,300,160,True,1.02761,False,0.0665393,0.0110809,rwanda pen=1.0 phi=0.0 flat
325,780,300,160,True,1.03448,False,0.0604878,0.0100762,rwanda pen=1.0 phi=0.0 flat
325,800,300,160,True,1.04142,False,0.0559512,0.00927423,rwanda pen=1.0 phi=0.0 flat
325,820,300,160,True,1.04842,False,0.0523821,0.00860545,rwanda pen=1.0 phi=0.0 flat
325,840,300,160,True,1.05543,True,0.0492575,0.00800394,rwanda pen=1.0 phi=0.0 flat
325,860,300,160,True,1.06247,True,0.0464511,0.00745752,rwanda pen=1.0 phi=0.0 flat
325,880,300,160,True,1.06953,True,0.0439743,0.006966,rwanda pen=1.0 phi=0.0 flat
325,900,300,160,True,1.0766,True,0.0417741,0.00651779,rwanda pen=1.0 phi=0.0 flat
325,920,300,160,True,1.08369,True,0.0398237,0.00610374,rwanda pen=1.0 phi=0.0 flat
325,940,300,160,True,1.09078,True,0.038092,0.0057227,rwanda pen=1.0 phi=0.0 flat
325,960,300,160,True,1.0979,True,0.0365514,0.00538403,rwanda pen=1.0 phi=0.0 flat
325,980,300,160,True,1.10502,True,0.035101,0.00506868,rwanda pen=1.0 phi=0.0 flat
325,1000,300,160,True,1.11215,True,0.0337428,0.00477808,rwanda pen=1.0 phi=0.0 flat
325,1020,300,160,True,1.11929,True,0.0324627,0.00451115,rwanda pen=1.0 phi=0.0 flat
325,1040,300,160,True,1.12644,True,0.0312502,0.00426668,rwanda pen=1.0 phi=0.0 flat
325,1060,300,160,True,1.1336,True,0.030099,0.00403679,rwanda pen=1.0 phi=0.0 flat
325,1080,300,160,True,1.14076,True,0.0290545,0.00382768,rwanda pen=1.0 phi=0.0 flat
325,1100,300,160,True,1.14793,True,0.0280883,0.00363639,rwanda pen=1.0 phi=0.0 flat
325,1120,300,160,True,1.1551,True,0.0271943,0.003458,rwanda pen=1.0 phi=0.0 flat
325,1140,300,160,True,1.16228,True,0.0264078,0.00329448,rwanda pen=1.0 phi=0.0 flat
325,1160,300,160,True,1.16947,True,0.0256921,0.00314392,rwanda pen=1.0 phi=0.0 flat
325,1180,300,160,True,1.17666,True,0.0249894,0.00300339,rwanda pen=1.0 phi=0.0 flat
325,1200,300,160,True,1.18385,True,0.024323,0.00287453,rwanda pen=1.0 phi=0.0 flat
325,1220,300,160,True,1.19104,True,0.0236733,0.00275082,rwanda pen=1.0 phi=0.0 flat
325,1240,300,160,True,1.19824,True,0.0230583,0.00262988,rwanda pen=1.0 phi=0.0 flat
325,1260,300,160,True,1.20544,True,0.0224433,0.00251311,rwanda pen=1.0 phi=0.0 flat
325,1280,300,160,True,1.21264,True,0.0218282,0.00240155,rwanda pen=1.0 phi=0.0 flat
325,1300,300,160,True,1.21984,True,0.021213,0.00229399,rwanda pen=1.0 phi=0.0 flat
325,1320,300,160,True,1.22704,True,0.0205977,0.00219866,rwanda pen=1.0 phi=0.0 flat
325,1340,300,160,True,1.23425,True,0.0199823,0.00210949,rwanda pen=1.0 phi=0.0 flat
325,1360,300,160,True,1.24146,True,0.0193669,0.00202682,rwanda pen=1.0 phi=0.0 flat
325,1380,300,160,True,1.24867,True,0.0187514,0.00195099,rwanda pen=1.0 phi=0.0 flat
325,1400,300,160,True,1.25589,True,0.0181711,0.00187975,rwanda pen=1.0 phi=0.0 flat
330,0,300,160,True,1.50452,False,0.536469,0.509829,rwanda pen=1.0 phi=0.0 flat
330,20,300,160,True,1.44185,False,0.523177,0.487731,rwanda pen=1.0 phi=0.0 flat
330,40,300,160,True,1.38545,False,0.510154,0.46576,rwanda pen=1.0 phi=0.0 flat
330,60,300,160,True,1.33427,False,0.497187,0.44382,rwanda pen=1.0 phi=0.0 flat
330,80,300,160,True,1.28759,False,0.484251,0.421889,rwanda pen=1.0 phi=0.0 flat
330,100,300,160,True,1.24484,False,0.471335,0.399961,rwanda pen=1.0 phi=0.0 flat
330,120,300,160,True,1.20555,False,0.458418,0.378033,rwanda pen=1.0 phi=0.0 flat
330,140,300,160,True,1.16931,False,0.445502,0.356105,rwanda pen=1.0 phi=0.0 flat
330,160,300,160,True,1.13577,False,0.432585,0.334178,rwanda pen=1.0 phi=0.0 flat
330,180,300,160,True,1.10465,False,0.419716,0.312256,rwanda pen=1.0 phi=0.0 flat
330,200,300,160,True,1.0757,False,0.406868,0.290342,rwanda pen=1.0 phi=0.0 flat
330,220,300,160,True,1.04877,False,0.394019,0.268455,rwanda pen=1.0 phi=0.0 flat
330,240,300,160,True,1.02463,False,0.381207,0.246851,rwanda pen=1.0 phi=0.0 flat
330,260,300,160,True,1.00493,False,0.368447,0.226105,rwanda pen=1.0 phi=0.0 flat
330,280,300,160,True,0.989486,False,0.355706,0.206414,rwanda pen=1.0 phi=0.0 flat
330,300,300,160,True,0.977438,False,0.343016,0.187754,rwanda pen=1.0 phi=0.0 flat
330,320,300,160,True,0.968128,False,0.330332,0.170109,rwanda pen=1.0 phi=0.0 flat
330,340,300,160,True,0.961063,False,0.317679,0.153455,rwanda pen=1.0 phi=0.0 flat
330,360,300,160,True,0.955838,False,0.305111,0.137757,rwanda pen=1.0 phi=0.0 flat
330,380,300,160,True,0.952206,False,0.292651,0.123039,rwanda pen=1.0 phi=0.0 flat
330,400,300,160,True,0.950074,False,0.28025,0.109416,rwanda pen=1.0 phi=0.0 flat
330,420,300,160,True,0.949472,False,0.267826,0.0971001,rwanda pen=1.0 phi=0.0 flat
330,440,300,160,True,0.950374,False,0.255364,0.0862274,rwanda pen=1.0 phi=0.0 flat
330,460,300,160,True,0.952546,False,0.242895,0.0766938,rwanda pen=1.0 phi=0.0 flat
330,480,300,160,True,0.955681,False,0.230355,0.0682792,rwanda pen=1.0 phi=0.0 flat
330,500,300,160,True,0.959405,False,0.217695,0.0606558,rwanda pen=1.0 phi=0.0 flat
330,520,300,160,True,0.963548,False,0.204943,0.053671,rwanda pen=1.0 phi=0.0 flat
330,540,300,160,True,0.96806,False,0.192099,0.0473093,rwanda pen=1.0 phi=0.0 flat
330,560,300,160,True,0.97286,False,0.179262,0.041474,rwanda pen=1.0 phi=0.0 flat
330,580,300,160,True,0.97796,False,0.166433,0.0362091,rwanda pen=1.0 phi=0.0 flat
330,600,300,160,True,0.983297,False,0.15373,0.0314343,rwanda pen=1.0 phi=0.0 flat
330,620,300,160,True,0.988893,False,0.141097,0.0272134,rwanda pen=1.0 phi=0.0 flat
330,640,300,160,True,0.994706,False,0.128669,0.0234818,rwanda pen=1.0 phi=0.0 flat
330,660,300,160,True,1.00073,False,0.116364,0.0202402,rwanda pen=1.0 phi=0.0 flat
330,680,300,160,True,1.00693,False,0.104086,0.0174505,rwanda pen=1.0 phi=0.0 flat
330,700,300,160,True,1.01329,False,0.0921529,0.0150654,rwanda pen=1.0 phi=0.0 flat
330,720,300,160,True,1.01982,False,0.08086,0.0130979,rwanda pen=1.0 phi=0.0 flat
330,740,300,160,True,1.02647,False,0.070745,0.0114813,rwanda pen=1.0 phi=0.0 flat
330,760,300,160,True,1.03325,False,0.0625117,0.0102145,rwanda pen=1.0 phi=0.0 flat
330,780,300,160,True,1.04012,False,0.0562695,0.00922336,rwanda pen=1.0 phi=0.0 flat
330,800,300,160,True,1.04708,False,0.0516936,0.00844721,rwanda pen=1.0 phi=0.0 flat
330,820,300,160,True,1.05408,True,0.0481331,0.0077983,rwanda pen=1.0 phi=0.0 flat
330,840,300,160,True,1.06111,True,0.0450938,0.00723134,rwanda pen=1.0 phi=0.0 flat
330,860,300,160,True,1.06816,True,0.0424549,0.00671646,rwanda pen=1.0 phi=0.0 flat
330,880,300,160,True,1.07522,True,0.0402819,0.006257,rwanda pen=1.0 phi=0.0 flat
330,900,300,160,True,1.08231,True,0.0382834,0.00584333,rwanda pen=1.0 phi=0.0 flat
330,920,300,160,True,1.0894,True,0.0364554,0.00545818,rwanda pen=1.0 phi=0.0 flat
330,940,300,160,True,1.09651,True,0.0347418,0.00510661,rwanda pen=1.0 phi=0.0 flat
330,960,300,160,True,1.10363,True,0.0331603,0.00478058,rwanda pen=1.0 phi=0.0 flat
330,980,300,160,True,1.11076,True,0.0317134,0.00448058,rwanda pen=1.0 phi=0.0 flat
330,1000,300,160,True,1.11789,True,0.0303119,0.00420398,rwanda pen=1.0 phi=0.0 flat
330,1020,300,160,True,1.12504,True,0.0290757,0.00395266,rwanda pen=1.0 phi=0.0 flat
330,1040,300,160,True,1.13219,True,0.0278655,0.00371171,rwanda pen=1.0 phi=0.0 flat
330,1060,300,160,True,1.13935,True,0.0267626,0.00349223,rwanda pen=1.0 phi=0.0 flat
330,1080,300,160,True,1.14651,True,0.0257303,0.00329135,rwanda pen=1.0 phi=0.0 flat
330,1100,300,160,True,1.15369,True,0.0247962,0.00311186,rwanda pen=1.0 phi=0.0 flat
330,1120,300,160,True,1.16086,True,0.0238743,0.00294265,rwanda pen=1.0 phi=0.0 flat
330,1140,300,160,True,1.16804,True,0.0229883,0.00277889,rwanda pen=1.0 phi=0.0 flat
330,1160,300,160,True,1.17523,True,0.0221934,0.00263618,rwanda pen=1.0 phi=0.0 flat
330,1180,300,160,True,1.18242,True,0.0214851,0.00250812,rwanda pen=1.0 phi=0.0 flat
330,1200,300,160,True,1.18961,True,0.0207823,0.00238046,rwanda pen=1.0 phi=0.0 flat
330,1220,300,160,True,1.19681,True,0.020148,0.00225942,rwanda pen=1.0 phi=0.0 flat
330,1240,300,160,True,1.20401,True,0.0195329,0.00214605,rwanda pen=1.0 phi=0.0 flat
330,1260,300,160,True,1.21121,True,0.0189177,0.002045,rwanda pen=1.0 phi=0.0 flat
330,1280,300,160,True,1.21842,True,0.0183024,0.00195082,rwanda pen=1.0 phi=0.0 flat
330,1300,300,160,True,1.22562,True,0.0176871,0.00185673,rwanda pen=1.0 phi=0.0 flat
330,1320,300,160,True,1.23283,True,0.0170717,0.0017674,rwanda pen=1.0 phi=0.0 flat
330,1340,300,160,True,1.24004,True,0.0164756,0.00168632,rwanda pen=1.0 phi=0.0 flat
330,1360,300,160,True,1.24725,True,0.015948,0.00161371,rwanda pen=1.0 phi=0.0 flat
330,1380,300,160,True,1.25447,True,0.015444,0.00154796,rwanda pen=1.0 phi=0.0 flat
330,1400,300,160,True,1.26169,True,0.0149603,0.00148409,rwanda pen=1.0 phi=0.0 flat
335,0,300,160,True,1.51418,False,0.535409,0.508991,rwanda pen=1.0 phi=0.0 flat
335,20,300,160,True,1.45112,False,0.522152,0.486901,rwanda pen=1.0 phi=0.0 flat
335,40,300,160,True,1.39435,False,0.509138,0.464931,rwanda pen=1.0 phi=0.0 flat
335,60,300,160,True,1.34283,False,0.496173,0.442991,rwanda pen=1.0 phi=0.0 flat
335,80,300,160,True,1.29583,False,0.483239,0.421061,rwanda pen=1.0 phi=0.0 flat
335,100,300,160,True,1.25279,False,0.470322,0.399133,rwanda pen=1.0 phi=0.0 flat
335,120,300,160,True,1.21322,False,0.457406,0.377205,rwanda pen=1.0 phi=0.0 flat
335,140,300,160,True,1.17672,False,0.44449,0.355277,rwanda pen=1.0 phi=0.0 flat
335,160,300,160,True,1.14294,False,0.431573,0.33335,rwanda pen=1.0 phi=0.0 flat
335,180,300,160,True,1.11159,False,0.418675,0.311425,rwanda pen=1.0 phi=0.0 flat
335,200,300,160,True,1.08243,False,0.405828,0.289508,rwanda pen=1.0 phi=0.0 flat
335,220,300,160,True,1.0553,False,0.392979,0.26762,rwanda pen=1.0 phi=0.0 flat
335,240,300,160,True,1.031,False,0.380134,0.246017,rwanda pen=1.0 phi=0.0 flat
335,260,300,160,True,1.01119,False,0.367347,0.225281,rwanda pen=1.0 phi=0.0 flat
335,280,300,160,True,0.995659,False,0.354599,0.205601,rwanda pen=1.0 phi=0.0 flat
335,300,300,160,True,0.983534,False,0.341875,0.186951,rwanda pen=1.0 phi=0.0 flat
335,320,300,160,True,0.974153,False,0.329192,0.169312,rwanda pen=1.0 phi=0.0 flat
335,340,300,160,True,0.96703,False,0.316519,0.152667,rwanda pen=1.0 phi=0.0 flat
335,360,300,160,True,0.961757,False,0.303886,0.136976,rwanda pen=1.0 phi=0.0 flat
335,380,300,160,True,0.958084,False,0.291342,0.122261,rwanda pen=1.0 phi=0.0 flat
335,400,300,160,True,0.955918,False,0.278884,0.108644,rwanda pen=1.0 phi=0.0 flat
335,420,300,160,True,0.955291,False,0.266414,0.0963337,rwanda pen=1.0 phi=0.0 flat
335,440,300,160,True,0.956185,False,0.253868,0.0854746,rwanda pen=1.0 phi=0.0 flat
335,460,300,160,True,0.958342,False,0.241278,0.0759401,rwanda pen=1.0 phi=0.0 flat
335,480,300,160,True,0.961455,False,0.228648,0.0675119,rwanda pen=1.0 phi=0.0 flat
335,500,300,160,True,0.965162,False,0.215939,0.0598777,rwanda pen=1.0 phi=0.0 flat
335,520,300,160,True,0.969283,False,0.20313,0.052877,rwanda pen=1.0 phi=0.0 flat
335,540,300,160,True,0.973775,False,0.190239,0.0465014,rwanda pen=1.0 phi=0.0 flat
335,560,300,160,True,0.978563,False,0.177286,0.0406629,rwanda pen=1.0 phi=0.0 flat
335,580,300,160,True,0.983659,False,0.164329,0.0354054,rwanda pen=1.0 phi=0.0 flat
335,600,300,160,True,0.988985,False,0.151418,0.0306179,rwanda pen=1.0 phi=0.0 flat
335,620,300,160,True,0.994572,False,0.13862,0.0263874,rwanda pen=1.0 phi=0.0 flat
335,640,300,160,True,1.00037,False,0.125949,0.0226359,rwanda pen=1.0 phi=0.0 flat
335,660,300,160,True,1.00638,False,0.113445,0.0193834,rwanda pen=1.0 phi=0.0 flat
335,680,300,160,True,1.01259,False,0.101093,0.0166048,rwanda pen=1.0 phi=0.0 flat
335,700,300,160,True,1.01895,False,0.0889202,0.0142311,rwanda pen=1.0 phi=0.0 flat
335,720,300,160,True,1.02548,False,0.0774999,0.0122837,rwanda pen=1.0 phi=0.0 flat
335,740,300,160,True,1.03214,False,0.0671572,0.0106825,rwanda pen=1.0 phi=0.0 flat
335,760,300,160,True,1.03892,False,0.0587598,0.00943481,rwanda pen=1.0 phi=0.0 flat
335,780,300,160,True,1.04581,False,0.0524335,0.00846836,rwanda pen=1.0 phi=0.0 flat
335,800,300,160,True,1.05276,True,0.0477869,0.00769791,rwanda pen=1.0 phi=0.0 flat
335,820,300,160,True,1.05977,True,0.0443677,0.00707744,rwanda pen=1.0 phi=0.0 flat
335,840,300,160,True,1.06681,True,0.0414853,0.00653766,rwanda pen=1.0 phi=0.0 flat
335,860,300,160,True,1.07387,True,0.039156,0.00606246,rwanda pen=1.0 phi=0.0 flat
335,880,300,160,True,1.08095,True,0.037016,0.00563745,rwanda pen=1.0 phi=0.0 flat
335,900,300,160,True,1.08805,True,0.0351718,0.0052489,rwanda pen=1.0 phi=0.0 flat
335,920,300,160,True,1.09515,True,0.0334517,0.00489334,rwanda pen=1.0 phi=0.0 flat
335,940,300,160,True,1.10227,True,0.0318168,0.00456379,rwanda pen=1.0 phi=0.0 flat
335,960,300,160,True,1.10939,True,0.0302398,0.00425611,rwanda pen=1.0 phi=0.0 flat
335,980,300,160,True,1.11652,True,0.0286885,0.00397069,rwanda pen=1.0 phi=0.0 flat
335,1000,300,160,True,1.12367,True,0.0273234,0.00370737,rwanda pen=1.0 phi=0.0 flat
335,1020,300,160,True,1.13081,True,0.0259715,0.00345156,rwanda pen=1.0 phi=0.0 flat
335,1040,300,160,True,1.13796,True,0.0247385,0.0032189,rwanda pen=1.0 phi=0.0 flat
335,1060,300,160,True,1.14512,True,0.0236944,0.00301363,rwanda pen=1.0 phi=0.0 flat
335,1080,300,160,True,1.1523,True,0.0227288,0.00283422,rwanda pen=1.0 phi=0.0 flat
335,1100,300,160,True,1.15947,True,0.021787,0.00266498,rwanda pen=1.0 phi=0.0 flat
335,1120,300,160,True,1.16665,True,0.0208997,0.00250527,rwanda pen=1.0 phi=0.0 flat
335,1140,300,160,True,1.17384,True,0.0200214,0.00235766,rwanda pen=1.0 phi=0.0 flat
335,1160,300,160,True,1.18103,True,0.0191859,0.0022199,rwanda pen=1.0 phi=0.0 flat
335,1180,300,160,True,1.18822,True,0.0183664,0.00208758,rwanda pen=1.0 phi=0.0 flat
335,1200,300,160,True,1.19541,True,0.0176004,0.00196684,rwanda pen=1.0 phi=0.0 flat
335,1220,300,160,True,1.20261,True,0.0168914,0.0018554,rwanda pen=1.0 phi=0.0 flat
335,1240,300,160,True,1.20981,True,0.016224,0.00175371,rwanda pen=1.0 phi=0.0 flat
335,1260,300,160,True,1.21702,True,0.0155883,0.00165806,rwanda pen=1.0 phi=0.0 flat
335,1280,300,160,True,1.22423,True,0.0150018,0.00156623,rwanda pen=1.0 phi=0.0 flat
335,1300,300,160,True,1.23144,True,0.0144757,0.00148858,rwanda pen=1.0 phi=0.0 flat
335,1320,300,160,True,1.23865,True,0.0139921,0.00141799,rwanda pen=1.0 phi=0.0 flat
335,1340,300,160,True,1.24587,True,0.0135084,0.00134741,rwanda pen=1.0 phi=0.0 flat
335,1360,300,160,True,1.25308,True,0.0130248,0.00127972,rwanda pen=1.0 phi=0.0 flat
335,1380,300,160,True,1.2603,True,0.0125411,0.00121715,rwanda pen=1.0 phi=0.0 flat
335,1400,300,160,True,1.26752,True,0.0120819,0.00115853,rwanda pen=1.0 phi=0.0 flat
340,0,300,160,True,1.52386,False,0.534357,0.508171,rwanda pen=1.0 phi=0.0 flat
340,20,300,160,True,1.46042,False,0.521138,0.486088,rwanda pen=1.0 phi=0.0 flat
340,40,300,160,True,1.40327,False,0.508127,0.464119,rwanda pen=1.0 phi=0.0 flat
340,60,300,160,True,1.3514,False,0.495164,0.44218,rwanda pen=1.0 phi=0.0 flat
340,80,300,160,True,1.30409,False,0.482231,0.42025,rwanda pen=1.0 phi=0.0 flat
340,100,300,160,True,1.26075,False,0.469315,0.398322,rwanda pen=1.0 phi=0.0 flat
340,120,300,160,True,1.2209,False,0.456398,0.376394,rwanda pen=1.0 phi=0.0 flat
340,140,300,160,True,1.18414,False,0.443482,0.354466,rwanda pen=1.0 phi=0.0 flat
340,160,300,160,True,1.15012,False,0.430565,0.332539,rwanda pen=1.0 phi=0.0 flat
340,180,300,160,True,1.11854,False,0.417654,0.310613,rwanda pen=1.0 phi=0.0 flat
340,200,300,160,True,1.08916,False,0.404792,0.288693,rwanda pen=1.0 phi=0.0 flat
340,220,300,160,True,1.06184,False,0.391944,0.266803,rwanda pen=1.0 phi=0.0 flat
340,240,300,160,True,1.03738,False,0.379094,0.245203,rwanda pen=1.0 phi=0.0 flat
340,260,300,160,True,1.01746,False,0.36627,0.224478,rwanda pen=1.0 phi=0.0 flat
340,280,300,160,True,1.00184,False,0.353504,0.20481,rwanda pen=1.0 phi=0.0 flat
340,300,300,160,True,0.98964,False,0.340757,0.18617,rwanda pen=1.0 phi=0.0 flat
340,320,300,160,True,0.980189,False,0.328057,0.168538,rwanda pen=1.0 phi=0.0 flat
340,340,300,160,True,0.973005,False,0.315373,0.151899,rwanda pen=1.0 phi=0.0 flat
340,360,300,160,True,0.967685,False,0.302711,0.136219,rwanda pen=1.0 phi=0.0 flat
340,380,300,160,True,0.963973,False,0.290106,0.121514,rwanda pen=1.0 phi=0.0 flat
340,400,300,160,True,0.961776,False,0.277558,0.107904,rwanda pen=1.0 phi=0.0 flat
340,420,300,160,True,0.961126,False,0.265035,0.0956033,rwanda pen=1.0 phi=0.0 flat
340,440,300,160,True,0.962009,False,0.252442,0.0847575,rwanda pen=1.0 phi=0.0 flat
340,460,300,160,True,0.964154,False,0.239745,0.0752266,rwanda pen=1.0 phi=0.0 flat
340,480,300,160,True,0.967248,False,0.226998,0.0667878,rwanda pen=1.0 phi=0.0 flat
340,500,300,160,True,0.970938,False,0.214208,0.0591431,rwanda pen=1.0 phi=0.0 flat
340,520,300,160,True,0.975036,False,0.201363,0.0521263,rwanda pen=1.0 phi=0.0 flat
340,540,300,160,True,0.979506,False,0.188416,0.0457333,rwanda pen=1.0 phi=0.0 flat
340,560,300,160,True,0.984281,False,0.175396,0.0398895,rwanda pen=1.0 phi=0.0 flat
340,580,300,160,True,0.989372,False,0.162325,0.034638,rwanda pen=1.0 phi=0.0 flat
340,600,300,160,True,0.994691,False,0.149245,0.0298511,rwanda pen=1.0 phi=0.0 flat
340,620,300,160,True,1.00027,False,0.136274,0.0256153,rwanda pen=1.0 phi=0.0 flat
340,640,300,160,True,1.00606,False,0.123424,0.0218512,rwanda pen=1.0 phi=0.0 flat
340,660,300,160,True,1.01207,False,0.110715,0.0186014,rwanda pen=1.0 phi=0.0 flat
340,680,300,160,True,1.01827,False,0.0981652,0.0158123,rwanda pen=1.0 phi=0.0 flat
340,700,300,160,True,1.02464,False,0.0859209,0.0134589,rwanda pen=1.0 phi=0.0 flat
340,720,300,160,True,1.03117,False,0.0742908,0.0115292,rwanda pen=1.0 phi=0.0 flat
340,740,300,160,True,1.03783,False,0.0638389,0.00993867,rwanda pen=1.0 phi=0.0 flat
340,760,300,160,True,1.04462,False,0.0553684,0.00871883,rwanda pen=1.0 phi=0.0 flat
340,780,300,160,True,1.05151,True,0.0489222,0.00776454,rwanda pen=1.0 phi=0.0 flat
340,800,300,160,True,1.05847,True,0.0442353,0.00701142,rwanda pen=1.0 phi=0.0 flat
340,820,300,160,True,1.06549,True,0.0408954,0.00641942,rwanda pen=1.0 phi=0.0 flat
340,840,300,160,True,1.07253,True,0.0382354,0.00590722,rwanda pen=1.0 phi=0.0 flat
340,860,300,160,True,1.07961,True,0.0359985,0.00546581,rwanda pen=1.0 phi=0.0 flat
340,880,300,160,True,1.0867,True,0.0340174,0.00506416,rwanda pen=1.0 phi=0.0 flat
340,900,300,160,True,1.0938,True,0.0322088,0.00469646,rwanda pen=1.0 phi=0.0 flat
340,920,300,160,True,1.10091,True,0.0305629,0.00436593,rwanda pen=1.0 phi=0.0 flat
340,940,300,160,True,1.10804,True,0.0289859,0.00405894,rwanda pen=1.0 phi=0.0 flat
340,960,300,160,True,1.11517,True,0.0274083,0.00377069,rwanda pen=1.0 phi=0.0 flat
340,980,300,160,True,1.12231,True,0.0259067,0.00349906,rwanda pen=1.0 phi=0.0 flat
340,1000,300,160,True,1.12945,True,0.0244586,0.00323699,rwanda pen=1.0 phi=0.0 flat
340,1020,300,160,True,1.1366,True,0.0231186,0.00299926,rwanda pen=1.0 phi=0.0 flat
340,1040,300,160,True,1.14376,True,0.0219779,0.00278956,rwanda pen=1.0 phi=0.0 flat
340,1060,300,160,True,1.15093,True,0.0209241,0.0025988,rwanda pen=1.0 phi=0.0 flat
340,1080,300,160,True,1.1581,True,0.019922,0.00241943,rwanda pen=1.0 phi=0.0 flat
340,1100,300,160,True,1.16528,True,0.019,0.00225609,rwanda pen=1.0 phi=0.0 flat
340,1120,300,160,True,1.17246,True,0.0181207,0.00211049,rwanda pen=1.0 phi=0.0 flat
340,1140,300,160,True,1.17965,True,0.0172717,0.00197829,rwanda pen=1.0 phi=0.0 flat
340,1160,300,160,True,1.18685,True,0.016437,0.00185064,rwanda pen=1.0 phi=0.0 flat
340,1180,300,160,True,1.19404,True,0.0156141,0.00172928,rwanda pen=1.0 phi=0.0 flat
340,1200,300,160,True,1.20124,True,0.0148727,0.00161884,rwanda pen=1.0 phi=0.0 flat
340,1220,300,160,True,1.20844,True,0.0141696,0.00151466,rwanda pen=1.0 phi=0.0 flat
340,1240,300,160,True,1.21564,True,0.0134828,0.00141477,rwanda pen=1.0 phi=0.0 flat
340,1260,300,160,True,1.22285,True,0.0128915,0.00132713,rwanda pen=1.0 phi=0.0 flat
340,1280,300,160,True,1.23006,True,0.01232,0.00124759,rwanda pen=1.0 phi=0.0 flat
340,1300,300,160,True,1.23727,True,0.0117492,0.00117034,rwanda pen=1.0 phi=0.0 flat
340,1320,300,160,True,1.24449,True,0.0112216,0.00109806,rwanda pen=1.0 phi=0.0 flat
340,1340,300,160,True,1.2517,True,0.0107219,0.00103176,rwanda pen=1.0 phi=0.0 flat
340,1360,300,160,True,1.25892,True,0.0102387,0.000971293,rwanda pen=1.0 phi=0.0 flat
340,1380,300,160,True,1.26614,True,0.00979892,0.000914148,rwanda pen=1.0 phi=0.0 flat
340,1400,300,160,True,1.27336,True,0.00935916,0.000857003,rwanda pen=1.0 phi=0.0 flat
345,0,300,160,True,1.53357,False,0.533337,0.507368,rwanda pen=1.0 phi=0.0 flat
345,20,300,160,True,1.46972,False,0.520139,0.485291,rwanda pen=1.0 phi=0.0 flat
345,40,300,160,True,1.41221,False,0.507131,0.463323,rwanda pen=1.0 phi=0.0 flat
345,60,300,160,True,1.35999,False,0.49417,0.441385,rwanda pen=1.0 phi=0.0 flat
345,80,300,160,True,1.31236,False,0.481239,0.419455,rwanda pen=1.0 phi=0.0 flat
345,100,300,160,True,1.26872,False,0.468322,0.397527,rwanda pen=1.0 phi=0.0 flat
345,120,300,160,True,1.22859,False,0.455406,0.375599,rwanda pen=1.0 phi=0.0 flat
345,140,300,160,True,1.19157,False,0.442489,0.353671,rwanda pen=1.0 phi=0.0 flat
345,160,300,160,True,1.15731,False,0.429573,0.331744,rwanda pen=1.0 phi=0.0 flat
345,180,300,160,True,1.12551,False,0.416656,0.309818,rwanda pen=1.0 phi=0.0 flat
345,200,300,160,True,1.09591,False,0.403771,0.287895,rwanda pen=1.0 phi=0.0 flat
345,220,300,160,True,1.06839,False,0.390924,0.266003,rwanda pen=1.0 phi=0.0 flat
345,240,300,160,True,1.04377,False,0.378074,0.244408,rwanda pen=1.0 phi=0.0 flat
345,260,300,160,True,1.02374,False,0.365227,0.223692,rwanda pen=1.0 phi=0.0 flat
345,280,300,160,True,1.00803,False,0.352428,0.204035,rwanda pen=1.0 phi=0.0 flat
345,300,300,160,True,0.995753,False,0.339677,0.185408,rwanda pen=1.0 phi=0.0 flat
345,320,300,160,True,0.986235,False,0.326943,0.167786,rwanda pen=1.0 phi=0.0 flat
345,340,300,160,True,0.978988,False,0.314254,0.151154,rwanda pen=1.0 phi=0.0 flat
345,360,300,160,True,0.973623,False,0.301571,0.135485,rwanda pen=1.0 phi=0.0 flat
345,380,300,160,True,0.969871,False,0.288909,0.12079,rwanda pen=1.0 phi=0.0 flat
345,400,300,160,True,0.967644,False,0.276302,0.107191,rwanda pen=1.0 phi=0.0 flat
345,420,300,160,True,0.966977,False,0.263706,0.0949055,rwanda pen=1.0 phi=0.0 flat
345,440,300,160,True,0.967844,False,0.251071,0.0840695,rwanda pen=1.0 phi=0.0 flat
345,460,300,160,True,0.96998,False,0.238312,0.074549,rwanda pen=1.0 phi=0.0 flat
345,480,300,160,True,0.973059,False,0.225435,0.0661066,rwanda pen=1.0 phi=0.0 flat
345,500,300,160,True,0.976731,False,0.212524,0.0584502,rwanda pen=1.0 phi=0.0 flat
345,520,300,160,True,0.980805,False,0.199625,0.0514146,rwanda pen=1.0 phi=0.0 flat
345,540,300,160,True,0.985257,False,0.18663,0.0450089,rwanda pen=1.0 phi=0.0 flat
345,560,300,160,True,0.990016,False,0.173577,0.0391556,rwanda pen=1.0 phi=0.0 flat
345,580,300,160,True,0.995098,False,0.160414,0.0339062,rwanda pen=1.0 phi=0.0 flat
345,600,300,160,True,1.00041,False,0.147217,0.0291257,rwanda pen=1.0 phi=0.0 flat
345,620,300,160,True,1.00599,False,0.134042,0.0248957,rwanda pen=1.0 phi=0.0 flat
345,640,300,160,True,1.01177,False,0.121064,0.021128,rwanda pen=1.0 phi=0.0 flat
345,660,300,160,True,1.01777,False,0.108123,0.0178752,rwanda pen=1.0 phi=0.0 flat
345,680,300,160,True,1.02397,False,0.095401,0.0150811,rwanda pen=1.0 phi=0.0 flat
345,700,300,160,True,1.03034,False,0.0829934,0.0127377,rwanda pen=1.0 phi=0.0 flat
345,720,300,160,True,1.03687,False,0.0712624,0.0108199,rwanda pen=1.0 phi=0.0 flat
345,740,300,160,True,1.04354,False,0.0606772,0.0092514,rwanda pen=1.0 phi=0.0 flat
345,760,300,160,True,1.05034,False,0.0521518,0.00805626,rwanda pen=1.0 phi=0.0 flat
345,780,300,160,True,1.05723,True,0.0456551,0.00712202,rwanda pen=1.0 phi=0.0 flat
345,800,300,160,True,1.06421,True,0.0409579,0.00640143,rwanda pen=1.0 phi=0.0 flat
345,820,300,160,True,1.07123,True,0.0377185,0.00582942,rwanda pen=1.0 phi=0.0 flat
345,840,300,160,True,1.07829,True,0.0351117,0.00534033,rwanda pen=1.0 phi=0.0 flat
345,860,300,160,True,1.08537,True,0.0330464,0.00493056,rwanda pen=1.0 phi=0.0 flat
345,880,300,160,True,1.09247,True,0.0311768,0.00455522,rwanda pen=1.0 phi=0.0 flat
345,900,300,160,True,1.09958,True,0.0294325,0.00421074,rwanda pen=1.0 phi=0.0 flat
345,920,300,160,True,1.1067,True,0.0277829,0.00389284,rwanda pen=1.0 phi=0.0 flat
345,940,300,160,True,1.11383,True,0.0262054,0.00360217,rwanda pen=1.0 phi=0.0 flat
345,960,300,160,True,1.12097,True,0.0247156,0.00332977,rwanda pen=1.0 phi=0.0 flat
345,980,300,160,True,1.12811,True,0.0232688,0.00307246,rwanda pen=1.0 phi=0.0 flat
345,1000,300,160,True,1.13526,True,0.0219063,0.00283326,rwanda pen=1.0 phi=0.0 flat
345,1020,300,160,True,1.14242,True,0.0206642,0.00261962,rwanda pen=1.0 phi=0.0 flat
345,1040,300,160,True,1.14958,True,0.0194767,0.00241905,rwanda pen=1.0 phi=0.0 flat
345,1060,300,160,True,1.15675,True,0.0184137,0.00223555,rwanda pen=1.0 phi=0.0 flat
345,1080,300,160,True,1.16393,True,0.0174722,0.00207121,rwanda pen=1.0 phi=0.0 flat
345,1100,300,160,True,1.17111,True,0.01655,0.00192137,rwanda pen=1.0 phi=0.0 flat
345,1120,300,160,True,1.1783,True,0.0156483,0.0017781,rwanda pen=1.0 phi=0.0 flat
345,1140,300,160,True,1.18549,True,0.0148137,0.00164568,rwanda pen=1.0 phi=0.0 flat
345,1160,300,160,True,1.19268,True,0.014007,0.00152896,rwanda pen=1.0 phi=0.0 flat
345,1180,300,160,True,1.19988,True,0.0132537,0.0014186,rwanda pen=1.0 phi=0.0 flat
345,1200,300,160,True,1.20708,True,0.0125417,0.00131521,rwanda pen=1.0 phi=0.0 flat
345,1220,300,160,True,1.21429,True,0.0118819,0.00121829,rwanda pen=1.0 phi=0.0 flat
345,1240,300,160,True,1.22149,True,0.0112689,0.00113058,rwanda pen=1.0 phi=0.0 flat
345,1260,300,160,True,1.2287,True,0.0106974,0.0010521,rwanda pen=1.0 phi=0.0 flat
345,1280,300,160,True,1.23592,True,0.0101258,0.000977942,rwanda pen=1.0 phi=0.0 flat
345,1300,300,160,True,1.24313,True,0.00955423,0.000904001,rwanda pen=1.0 phi=0.0 flat
345,1320,300,160,True,1.25034,True,0.00898264,0.000832205,rwanda pen=1.0 phi=0.0 flat
345,1340,300,160,True,1.25756,True,0.00843113,0.000765814,rwanda pen=1.0 phi=0.0 flat
345,1360,300,160,True,1.26477,True,0.00790342,0.000704471,rwanda pen=1.0 phi=0.0 flat
345,1380,300,160,True,1.27199,True,0.00740336,0.000649389,rwanda pen=1.0 phi=0.0 flat
345,1400,300,160,True,1.27922,True,0.00699076,0.000602997,rwanda pen=1.0 phi=0.0 flat
350,0,300,160,True,1.5433,False,0.532344,0.506586,rwanda pen=1.0 phi=0.0 flat
350,20,300,160,True,1.47906,False,0.519164,0.484514,rwanda pen=1.0 phi=0.0 flat
350,40,300,160,True,1.42117,False,0.506158,0.462546,rwanda pen=1.0 phi=0.0 flat
350,60,300,160,True,1.36861,False,0.493199,0.440609,rwanda pen=1.0 phi=0.0 flat
350,80,300,160,True,1.32065,False,0.480269,0.418679,rwanda pen=1.0 phi=0.0 flat
350,100,300,160,True,1.27671,False,0.467353,0.396751,rwanda pen=1.0 phi=0.0 flat
350,120,300,160,True,1.2363,False,0.454436,0.374823,rwanda pen=1.0 phi=0.0 flat
350,140,300,160,True,1.19902,False,0.44152,0.352895,rwanda pen=1.0 phi=0.0 flat
350,160,300,160,True,1.16451,False,0.428603,0.330969,rwanda pen=1.0 phi=0.0 flat
350,180,300,160,True,1.13248,False,0.415687,0.309042,rwanda pen=1.0 phi=0.0 flat
350,200,300,160,True,1.10267,False,0.40279,0.287117,rwanda pen=1.0 phi=0.0 flat
350,220,300,160,True,1.07495,False,0.389926,0.265223,rwanda pen=1.0 phi=0.0 flat
350,240,300,160,True,1.05018,False,0.377078,0.243633,rwanda pen=1.0 phi=0.0 flat
350,260,300,160,True,1.03003,False,0.364227,0.222928,rwanda pen=1.0 phi=0.0 flat
350,280,300,160,True,1.01423,False,0.351396,0.203282,rwanda pen=1.0 phi=0.0 flat
350,300,300,160,True,1.00188,False,0.338621,0.184668,rwanda pen=1.0 phi=0.0 flat
350,320,300,160,True,0.992293,False,0.325872,0.167056,rwanda pen=1.0 phi=0.0 flat
350,340,300,160,True,0.984985,False,0.313157,0.150431,rwanda pen=1.0 phi=0.0 flat
350,360,300,160,True,0.97957,False,0.300472,0.134773,rwanda pen=1.0 phi=0.0 flat
350,380,300,160,True,0.975779,False,0.287792,0.120091,rwanda pen=1.0 phi=0.0 flat
350,400,300,160,True,0.973525,False,0.27512,0.106509,rwanda pen=1.0 phi=0.0 flat
350,420,300,160,True,0.972841,False,0.262445,0.0942397,rwanda pen=1.0 phi=0.0 flat
350,440,300,160,True,0.973695,False,0.249741,0.083415,rwanda pen=1.0 phi=0.0 flat
350,460,300,160,True,0.975824,False,0.236951,0.0739089,rwanda pen=1.0 phi=0.0 flat
350,480,300,160,True,0.978888,False,0.223995,0.0654653,rwanda pen=1.0 phi=0.0 flat
350,500,300,160,True,0.982538,False,0.210952,0.0577972,rwanda pen=1.0 phi=0.0 flat
350,520,300,160,True,0.98659,False,0.197941,0.0507452,rwanda pen=1.0 phi=0.0 flat
350,540,300,160,True,0.991025,False,0.184905,0.0443275,rwanda pen=1.0 phi=0.0 flat
350,560,300,160,True,0.99577,False,0.171777,0.0384653,rwanda pen=1.0 phi=0.0 flat
350,580,300,160,True,1.00084,False,0.158584,0.0332083,rwanda pen=1.0 phi=0.0 flat
350,600,300,160,True,1.00615,False,0.145284,0.0284411,rwanda pen=1.0 phi=0.0 flat
350,620,300,160,True,1.01173,False,0.131982,0.0242249,rwanda pen=1.0 phi=0.0 flat
350,640,300,160,True,1.0175,False,0.118805,0.0204501,rwanda pen=1.0 phi=0.0 flat
350,660,300,160,True,1.0235,False,0.105745,0.0172046,rwanda pen=1.0 phi=0.0 flat
350,680,300,160,True,1.02969,False,0.0927711,0.0144053,rwanda pen=1.0 phi=0.0 flat
350,700,300,160,True,1.03606,False,0.0801904,0.0120623,rwanda pen=1.0 phi=0.0 flat
350,720,300,160,True,1.04259,False,0.0683796,0.0101597,rwanda pen=1.0 phi=0.0 flat
350,740,300,160,True,1.04927,False,0.0577144,0.00862036,rwanda pen=1.0 phi=0.0 flat
350,760,300,160,True,1.05608,True,0.0491636,0.00744847,rwanda pen=1.0 phi=0.0 flat
350,780,300,160,True,1.06298,True,0.0426224,0.006541,rwanda pen=1.0 phi=0.0 flat
350,800,300,160,True,1.06996,True,0.0380601,0.00584854,rwanda pen=1.0 phi=0.0 flat
350,820,300,160,True,1.077,True,0.0348736,0.00530181,rwanda pen=1.0 phi=0.0 flat
350,840,300,160,True,1.08407,True,0.0323367,0.00484408,rwanda pen=1.0 phi=0.0 flat
350,860,300,160,True,1.09116,True,0.0303468,0.00444995,rwanda pen=1.0 phi=0.0 flat
350,880,300,160,True,1.09826,True,0.0285428,0.00409622,rwanda pen=1.0 phi=0.0 flat
350,900,300,160,True,1.10538,True,0.0268729,0.00377761,rwanda pen=1.0 phi=0.0 flat
350,920,300,160,True,1.1125,True,0.0252137,0.00347097,rwanda pen=1.0 phi=0.0 flat
350,940,300,160,True,1.11964,True,0.0236855,0.00319429,rwanda pen=1.0 phi=0.0 flat
350,960,300,160,True,1.12678,True,0.022253,0.00294153,rwanda pen=1.0 phi=0.0 flat
350,980,300,160,True,1.13393,True,0.0208731,0.00270325,rwanda pen=1.0 phi=0.0 flat
350,1000,300,160,True,1.14109,True,0.0196189,0.00248988,rwanda pen=1.0 phi=0.0 flat
350,1020,300,160,True,1.14825,True,0.0184338,0.00228773,rwanda pen=1.0 phi=0.0 flat
350,1040,300,160,True,1.15542,True,0.0173492,0.00210384,rwanda pen=1.0 phi=0.0 flat
350,1060,300,160,True,1.1626,True,0.0163394,0.00193835,rwanda pen=1.0 phi=0.0 flat
350,1080,300,160,True,1.16978,True,0.0153294,0.00178176,rwanda pen=1.0 phi=0.0 flat
350,1100,300,160,True,1.17696,True,0.0143679,0.00163155,rwanda pen=1.0 phi=0.0 flat
350,1120,300,160,True,1.18415,True,0.0135258,0.00149817,rwanda pen=1.0 phi=0.0 flat
350,1140,300,160,True,1.19135,True,0.012735,0.0013759,rwanda pen=1.0 phi=0.0 flat
350,1160,300,160,True,1.19855,True,0.0119775,0.00126826,rwanda pen=1.0 phi=0.0 flat
350,1180,300,160,True,1.20575,True,0.0112948,0.00116903,rwanda pen=1.0 phi=0.0 flat
350,1200,300,160,True,1.21295,True,0.0106557,0.00107311,rwanda pen=1.0 phi=0.0 flat
350,1220,300,160,True,1.22016,True,0.0100645,0.00098788,rwanda pen=1.0 phi=0.0 flat
350,1240,300,160,True,1.22737,True,0.00949294,0.000913805,rwanda pen=1.0 phi=0.0 flat
350,1260,300,160,True,1.23458,True,0.00892138,0.000839864,rwanda pen=1.0 phi=0.0 flat
350,1280,300,160,True,1.2418,True,0.00834981,0.000765923,rwanda pen=1.0 phi=0.0 flat
350,1300,300,160,True,1.24901,True,0.00777818,0.000698303,rwanda pen=1.0 phi=0.0 flat
350,1320,300,160,True,1.25623,True,0.00724629,0.000640487,rwanda pen=1.0 phi=0.0 flat
350,1340,300,160,True,1.26345,True,0.00674821,0.000592226,rwanda pen=1.0 phi=0.0 flat
350,1360,300,160,True,1.27068,True,0.00626436,0.00054516,rwanda pen=1.0 phi=0.0 flat
350,1380,300,160,True,1.2779,True,0.00578051,0.000499121,rwanda pen=1.0 phi=0.0 flat
350,1400,300,160,True,1.28513,True,0.005313,0.000460031,rwanda pen=1.0 phi=0.0 flat
355,0,300,160,True,1.55305,False,0.531372,0.505821,rwanda pen=1.0 phi=0.0 flat
355,20,300,160,True,1.48841,False,0.518211,0.483754,rwanda pen=1.0 phi=0.0 flat
355,40,300,160,True,1.43014,False,0.505202,0.461787,rwanda pen=1.0 phi=0.0 flat
355,60,300,160,True,1.37723,False,0.492245,0.43985,rwanda pen=1.0 phi=0.0 flat
355,80,300,160,True,1.32895,False,0.479317,0.41792,rwanda pen=1.0 phi=0.0 flat
355,100,300,160,True,1.28471,False,0.466401,0.395992,rwanda pen=1.0 phi=0.0 flat
355,120,300,160,True,1.24403,False,0.453484,0.374064,rwanda pen=1.0 phi=0.0 flat
355,140,300,160,True,1.20648,False,0.440568,0.352137,rwanda pen=1.0 phi=0.0 flat
355,160,300,160,True,1.17173,False,0.427651,0.33021,rwanda pen=1.0 phi=0.0 flat
355,180,300,160,True,1.13947,False,0.414734,0.308283,rwanda pen=1.0 phi=0.0 flat
355,200,300,160,True,1.10944,False,0.401827,0.286358,rwanda pen=1.0 phi=0.0 flat
355,220,300,160,True,1.08152,False,0.388946,0.264461,rwanda pen=1.0 phi=0.0 flat
355,240,300,160,True,1.05659,False,0.376098,0.242875,rwanda pen=1.0 phi=0.0 flat
355,260,300,160,True,1.03633,False,0.363248,0.222182,rwanda pen=1.0 phi=0.0 flat
355,280,300,160,True,1.02044,False,0.350399,0.202548,rwanda pen=1.0 phi=0.0 flat
355,300,300,160,True,1.00801,False,0.337591,0.183946,rwanda pen=1.0 phi=0.0 flat
355,320,300,160,True,0.99836,False,0.324834,0.166347,rwanda pen=1.0 phi=0.0 flat
355,340,300,160,True,0.990992,False,0.312093,0.149731,rwanda pen=1.0 phi=0.0 flat
355,360,300,160,True,0.985525,False,0.299393,0.134082,rwanda pen=1.0 phi=0.0 flat
355,380,300,160,True,0.981696,False,0.286697,0.119414,rwanda pen=1.0 phi=0.0 flat
355,400,300,160,True,0.979416,False,0.273987,0.10585,rwanda pen=1.0 phi=0.0 flat
355,420,300,160,True,0.978716,False,0.261259,0.093601,rwanda pen=1.0 phi=0.0 flat
355,440,300,160,True,0.979559,False,0.248473,0.0827922,rwanda pen=1.0 phi=0.0 flat
355,460,300,160,True,0.981681,False,0.23562,0.0733005,rwanda pen=1.0 phi=0.0 flat
355,480,300,160,True,0.984728,False,0.222627,0.064855,rwanda pen=1.0 phi=0.0 flat
355,500,300,160,True,0.988358,False,0.209483,0.0571789,rwanda pen=1.0 phi=0.0 flat
355,520,300,160,True,0.992392,False,0.196347,0.050116,rwanda pen=1.0 phi=0.0 flat
355,540,300,160,True,0.99681,False,0.183212,0.0436877,rwanda pen=1.0 phi=0.0 flat
355,560,300,160,True,1.00154,False,0.170052,0.0378147,rwanda pen=1.0 phi=0.0 flat
355,580,300,160,True,1.00659,False,0.156794,0.03255,rwanda pen=1.0 phi=0.0 flat
355,600,300,160,True,1.0119,False,0.143439,0.027793,rwanda pen=1.0 phi=0.0 flat
355,620,300,160,True,1.01748,False,0.130029,0.0235893,rwanda pen=1.0 phi=0.0 flat
355,640,300,160,True,1.02325,False,0.116696,0.0198195,rwanda pen=1.0 phi=0.0 flat
355,660,300,160,True,1.02925,False,0.10345,0.0165762,rwanda pen=1.0 phi=0.0 flat
355,680,300,160,True,1.03543,False,0.0903409,0.0137766,rwanda pen=1.0 phi=0.0 flat
355,700,300,160,True,1.04179,False,0.0775474,0.0114349,rwanda pen=1.0 phi=0.0 flat
355,720,300,160,True,1.04834,False,0.0656285,0.00954717,rwanda pen=1.0 phi=0.0 flat
355,740,300,160,True,1.05502,False,0.0549975,0.00803398,rwanda pen=1.0 phi=0.0 flat
355,760,300,160,True,1.06184,True,0.0464603,0.00689154,rwanda pen=1.0 phi=0.0 flat
355,780,300,160,True,1.06875,True,0.040017,0.00601701,rwanda pen=1.0 phi=0.0 flat
355,800,300,160,True,1.07574,True,0.0355377,0.00535171,rwanda pen=1.0 phi=0.0 flat
355,820,300,160,True,1.08279,True,0.0324055,0.00483645,rwanda pen=1.0 phi=0.0 flat
355,840,300,160,True,1.08986,True,0.0299233,0.00439856,rwanda pen=1.0 phi=0.0 flat
355,860,300,160,True,1.09696,True,0.0279002,0.00401439,rwanda pen=1.0 phi=0.0 flat
355,880,300,160,True,1.10407,True,0.0261489,0.00368079,rwanda pen=1.0 phi=0.0 flat
355,900,300,160,True,1.11119,True,0.0244713,0.00337026,rwanda pen=1.0 phi=0.0 flat
355,920,300,160,True,1.11832,True,0.0229037,0.00309124,rwanda pen=1.0 phi=0.0 flat
355,940,300,160,True,1.12547,True,0.0214186,0.0028341,rwanda pen=1.0 phi=0.0 flat
355,960,300,160,True,1.13261,True,0.0199899,0.00259433,rwanda pen=1.0 phi=0.0 flat
355,980,300,160,True,1.13977,True,0.0187144,0.00237746,rwanda pen=1.0 phi=0.0 flat
355,1000,300,160,True,1.14693,True,0.0175471,0.00217753,rwanda pen=1.0 phi=0.0 flat
355,1020,300,160,True,1.1541,True,0.0164661,0.00199576,rwanda pen=1.0 phi=0.0 flat
355,1040,300,160,True,1.16128,True,0.0154553,0.00183152,rwanda pen=1.0 phi=0.0 flat
355,1060,300,160,True,1.16846,True,0.0144453,0.00167293,rwanda pen=1.0 phi=0.0 flat
355,1080,300,160,True,1.17564,True,0.0134787,0.00152142,rwanda pen=1.0 phi=0.0 flat
355,1100,300,160,True,1.18283,True,0.0125835,0.00138404,rwanda pen=1.0 phi=0.0 flat
355,1120,300,160,True,1.19002,True,0.011713,0.00125866,rwanda pen=1.0 phi=0.0 flat
355,1140,300,160,True,1.19722,True,0.0109394,0.00115077,rwanda pen=1.0 phi=0.0 flat
355,1160,300,160,True,1.20443,True,0.0102769,0.00105308,rwanda pen=1.0 phi=0.0 flat
355,1180,300,160,True,1.21163,True,0.00966153,0.000960478,rwanda pen=1.0 phi=0.0 flat
355,1200,300,160,True,1.21884,True,0.00905232,0.000877095,rwanda pen=1.0 phi=0.0 flat
355,1220,300,160,True,1.22605,True,0.00848075,0.000803154,rwanda pen=1.0 phi=0.0 flat
355,1240,300,160,True,1.23327,True,0.00790915,0.000732678,rwanda pen=1.0 phi=0.0 flat
355,1260,300,160,True,1.24048,True,0.00733748,0.000668761,rwanda pen=1.0 phi=0.0 flat
355,1280,300,160,True,1.2477,True,0.00678134,0.000609446,rwanda pen=1.0 phi=0.0 flat
355,1300,300,160,True,1.25492,True,0.00629468,0.000556337,rwanda pen=1.0 phi=0.0 flat
355,1320,300,160,True,1.26214,True,0.00581085,0.000508325,rwanda pen=1.0 phi=0.0 flat
355,1340,300,160,True,1.26937,True,0.005327,0.00046126,rwanda pen=1.0 phi=0.0 flat
355,1360,300,160,True,1.27659,True,0.00486447,0.000418393,rwanda pen=1.0 phi=0.0 flat
355,1380,300,160,True,1.28382,True,0.0044426,0.00038279,rwanda pen=1.0 phi=0.0 flat
355,1400,300,160,True,1.29105,True,0.00404665,0.000349168,rwanda pen=1.0 phi=0.0 flat
360,0,300,160,True,1.56282,False,0.53042,0.505073,rwanda pen=1.0 phi=0.0 flat
360,20,300,160,True,1.49778,False,0.517272,0.48301,rwanda pen=1.0 phi=0.0 flat
360,40,300,160,True,1.43913,False,0.50426,0.461044,rwanda pen=1.0 phi=0.0 flat
360,60,300,160,True,1.38587,False,0.491305,0.439107,rwanda pen=1.0 phi=0.0 flat
360,80,300,160,True,1.33727,False,0.478378,0.417178,rwanda pen=1.0 phi=0.0 flat
360,100,300,160,True,1.29273,False,0.465462,0.39525,rwanda pen=1.0 phi=0.0 flat
360,120,300,160,True,1.25176,False,0.452546,0.373322,rwanda pen=1.0 phi=0.0 flat
360,140,300,160,True,1.21395,False,0.439629,0.351394,rwanda pen=1.0 phi=0.0 flat
360,160,300,160,True,1.17896,False,0.426712,0.329468,rwanda pen=1.0 phi=0.0 flat
360,180,300,160,True,1.14646,False,0.413795,0.307541,rwanda pen=1.0 phi=0.0 flat
360,200,300,160,True,1.11622,False,0.400879,0.285615,rwanda pen=1.0 phi=0.0 flat
360,220,300,160,True,1.0881,False,0.387996,0.263717,rwanda pen=1.0 phi=0.0 flat
360,240,300,160,True,1.06301,False,0.375132,0.242136,rwanda pen=1.0 phi=0.0 flat
360,260,300,160,True,1.04264,False,0.362283,0.221453,rwanda pen=1.0 phi=0.0 flat
360,280,300,160,True,1.02666,False,0.349431,0.201832,rwanda pen=1.0 phi=0.0 flat
360,300,300,160,True,1.01415,False,0.336598,0.183243,rwanda pen=1.0 phi=0.0 flat
360,320,300,160,True,1.00443,False,0.323808,0.165656,rwanda pen=1.0 phi=0.0 flat
360,340,300,160,True,0.997007,False,0.31106,0.149051,rwanda pen=1.0 phi=0.0 flat
360,360,300,160,True,0.991488,False,0.298332,0.133411,rwanda pen=1.0 phi=0.0 flat
360,380,300,160,True,0.98762,False,0.285632,0.118757,rwanda pen=1.0 phi=0.0 flat
360,400,300,160,True,0.985316,False,0.272901,0.105214,rwanda pen=1.0 phi=0.0 flat
360,420,300,160,True,0.984601,False,0.260109,0.0929867,rwanda pen=1.0 phi=0.0 flat
360,440,300,160,True,0.985435,False,0.247263,0.0821976,rwanda pen=1.0 phi=0.0 flat
360,460,300,160,True,0.987549,False,0.234339,0.0727189,rwanda pen=1.0 phi=0.0 flat
360,480,300,160,True,0.990581,False,0.221309,0.0642757,rwanda pen=1.0 phi=0.0 flat
360,500,300,160,True,0.994192,False,0.208103,0.0565938,rwanda pen=1.0 phi=0.0 flat
360,520,300,160,True,0.998207,False,0.19483,0.0495219,rwanda pen=1.0 phi=0.0 flat
360,540,300,160,True,1.00261,False,0.181578,0.0430867,rwanda pen=1.0 phi=0.0 flat
360,560,300,160,True,1.00732,False,0.168355,0.0372021,rwanda pen=1.0 phi=0.0 flat
360,580,300,160,True,1.01236,False,0.155035,0.0319277,rwanda pen=1.0 phi=0.0 flat
360,600,300,160,True,1.01766,False,0.141649,0.0271714,rwanda pen=1.0 phi=0.0 flat
360,620,300,160,True,1.02324,False,0.128167,0.0229806,rwanda pen=1.0 phi=0.0 flat
360,640,300,160,True,1.02901,False,0.114704,0.0192248,rwanda pen=1.0 phi=0.0 flat
360,660,300,160,True,1.03501,False,0.101286,0.0159878,rwanda pen=1.0 phi=0.0 flat
360,680,300,160,True,1.04118,False,0.0880244,0.0131898,rwanda pen=1.0 phi=0.0 flat
360,700,300,160,True,1.04755,False,0.0750724,0.0108653,rwanda pen=1.0 phi=0.0 flat
360,720,300,160,True,1.05409,False,0.0629933,0.00898381,rwanda pen=1.0 phi=0.0 flat
360,740,300,160,True,1.06078,False,0.0523336,0.00748817,rwanda pen=1.0 phi=0.0 flat
360,760,300,160,True,1.06761,True,0.0438909,0.00638396,rwanda pen=1.0 phi=0.0 flat
360,780,300,160,True,1.07453,True,0.0375135,0.00552742,rwanda pen=1.0 phi=0.0 flat
360,800,300,160,True,1.08153,True,0.0330955,0.00488841,rwanda pen=1.0 phi=0.0 flat
360,820,300,160,True,1.08859,True,0.03009,0.0044002,rwanda pen=1.0 phi=0.0 flat
360,840,300,160,True,1.09567,True,0.027622,0.0039775,rwanda pen=1.0 phi=0.0 flat
360,860,300,160,True,1.10277,True,0.0256169,0.00361758,rwanda pen=1.0 phi=0.0 flat
360,880,300,160,True,1.10989,True,0.0238884,0.00329694,rwanda pen=1.0 phi=0.0 flat
360,900,300,160,True,1.11702,True,0.0222665,0.00300448,rwanda pen=1.0 phi=0.0 flat
360,920,300,160,True,1.12416,True,0.020732,0.00274401,rwanda pen=1.0 phi=0.0 flat
360,940,300,160,True,1.1313,True,0.0192408,0.00250029,rwanda pen=1.0 phi=0.0 flat
360,960,300,160,True,1.13846,True,0.0179034,0.00227887,rwanda pen=1.0 phi=0.0 flat
360,980,300,160,True,1.14562,True,0.0167202,0.0020799,rwanda pen=1.0 phi=0.0 flat
360,1000,300,160,True,1.15279,True,0.0156404,0.00189665,rwanda pen=1.0 phi=0.0 flat
360,1020,300,160,True,1.15997,True,0.0146359,0.00173255,rwanda pen=1.0 phi=0.0 flat
360,1040,300,160,True,1.16715,True,0.0136699,0.00157607,rwanda pen=1.0 phi=0.0 flat
360,1060,300,160,True,1.17433,True,0.0127245,0.00142581,rwanda pen=1.0 phi=0.0 flat
360,1080,300,160,True,1.18152,True,0.0118219,0.00129081,rwanda pen=1.0 phi=0.0 flat
360,1100,300,160,True,1.18871,True,0.0109797,0.00116821,rwanda pen=1.0 phi=0.0 flat
360,1120,300,160,True,1.19591,True,0.0101887,0.00105752,rwanda pen=1.0 phi=0.0 flat
360,1140,300,160,True,1.20311,True,0.00942905,0.0009541,rwanda pen=1.0 phi=0.0 flat
360,1160,300,160,True,1.21032,True,0.00871386,0.000858838,rwanda pen=1.0 phi=0.0 flat
360,1180,300,160,True,1.21753,True,0.00807903,0.00077824,rwanda pen=1.0 phi=0.0 flat
360,1200,300,160,True,1.22474,True,0.00749563,0.000707695,rwanda pen=1.0 phi=0.0 flat
360,1220,300,160,True,1.23196,True,0.00692396,0.000643831,rwanda pen=1.0 phi=0.0 flat
360,1240,300,160,True,1.23917,True,0.00635898,0.000582534,rwanda pen=1.0 phi=0.0 flat
360,1260,300,160,True,1.24639,True,0.00586651,0.000528085,rwanda pen=1.0 phi=0.0 flat
360,1280,300,160,True,1.25361,True,0.00538271,0.000476183,rwanda pen=1.0 phi=0.0 flat
360,1300,300,160,True,1.26084,True,0.00489889,0.000426371,rwanda pen=1.0 phi=0.0 flat
360,1320,300,160,True,1.26806,True,0.00444582,0.000381658,rwanda pen=1.0 phi=0.0 flat
360,1340,300,160,True,1.27529,True,0.00400591,0.000342062,rwanda pen=1.0 phi=0.0 flat
360,1360,300,160,True,1.28251,True,0.00359758,0.000307494,rwanda pen=1.0 phi=0.0 flat
360,1380,300,160,True,1.28974,True,0.00320164,0.000273872,rwanda pen=1.0 phi=0.0 flat
360,1400,300,160,True,1.29697,True,0.00284208,0.00024303,rwanda pen=1.0 phi=0.0 flat
365,0,300,160,True,1.57261,False,0.529495,0.504339,rwanda pen=1.0 phi=0.0 flat
365,20,300,160,True,1.50716,False,0.516352,0.48228,rwanda pen=1.0 phi=0.0 flat
365,40,300,160,True,1.44814,False,0.503337,0.460314,rwanda pen=1.0 phi=0.0 flat
365,60,300,160,True,1.39452,False,0.490384,0.438379,rwanda pen=1.0 phi=0.0 flat
365,80,300,160,True,1.34559,False,0.477459,0.416449,rwanda pen=1.0 phi=0.0 flat
365,100,300,160,True,1.30075,False,0.464542,0.394521,rwanda pen=1.0 phi=0.0 flat
365,120,300,160,True,1.2595,False,0.451626,0.372593,rwanda pen=1.0 phi=0.0 flat
365,140,300,160,True,1.22143,False,0.438709,0.350666,rwanda pen=1.0 phi=0.0 flat
365,160,300,160,True,1.18619,False,0.425793,0.328739,rwanda pen=1.0 phi=0.0 flat
365,180,300,160,True,1.15347,False,0.412876,0.306813,rwanda pen=1.0 phi=0.0 flat
365,200,300,160,True,1.123,False,0.399959,0.284886,rwanda pen=1.0 phi=0.0 flat
365,220,300,160,True,1.09469,False,0.387067,0.262988,rwanda pen=1.0 phi=0.0 flat
365,240,300,160,True,1.06944,False,0.374184,0.241411,rwanda pen=1.0 phi=0.0 flat
365,260,300,160,True,1.04896,False,0.361336,0.220739,rwanda pen=1.0 phi=0.0 flat
365,280,300,160,True,1.03288,False,0.348485,0.20113,rwanda pen=1.0 phi=0.0 flat
365,300,300,160,True,1.02029,False,0.335634,0.182554,rwanda pen=1.0 phi=0.0 flat
365,320,300,160,True,1.01051,False,0.322817,0.164981,rwanda pen=1.0 phi=0.0 flat
365,340,300,160,True,1.00303,False,0.310054,0.148389,rwanda pen=1.0 phi=0.0 flat
365,360,300,160,True,0.997458,False,0.297307,0.132757,rwanda pen=1.0 phi=0.0 flat
365,380,300,160,True,0.993552,False,0.284586,0.118117,rwanda pen=1.0 phi=0.0 flat
365,400,300,160,True,0.991221,False,0.271846,0.104595,rwanda pen=1.0 phi=0.0 flat
365,420,300,160,True,0.990494,False,0.259028,0.0923939,rwanda pen=1.0 phi=0.0 flat
365,440,300,160,True,0.99132,False,0.246126,0.0816278,rwanda pen=1.0 phi=0.0 flat
365,460,300,160,True,0.993427,False,0.233126,0.0721638,rwanda pen=1.0 phi=0.0 flat
365,480,300,160,True,0.996444,False,0.220018,0.063723,rwanda pen=1.0 phi=0.0 flat
365,500,300,160,True,1.00004,False,0.206789,0.0560389,rwanda pen=1.0 phi=0.0 flat
365,520,300,160,True,1.00404,False,0.193435,0.0489685,rwanda pen=1.0 phi=0.0 flat
365,540,300,160,True,1.00843,False,0.180042,0.0425233,rwanda pen=1.0 phi=0.0 flat
365,560,300,160,True,1.01312,False,0.166698,0.0366267,rwanda pen=1.0 phi=0.0 flat
365,580,300,160,True,1.01815,False,0.15334,0.0313439,rwanda pen=1.0 phi=0.0 flat
365,600,300,160,True,1.02344,False,0.139878,0.0265813,rwanda pen=1.0 phi=0.0 flat
365,620,300,160,True,1.02901,False,0.126366,0.0223987,rwanda pen=1.0 phi=0.0 flat
365,640,300,160,True,1.03478,False,0.112819,0.0186581,rwanda pen=1.0 phi=0.0 flat
365,660,300,160,True,1.04078,False,0.0992575,0.015441,rwanda pen=1.0 phi=0.0 flat
365,680,300,160,True,1.04696,False,0.0858229,0.0126489,rwanda pen=1.0 phi=0.0 flat
365,700,300,160,True,1.05333,False,0.0727598,0.0103383,rwanda pen=1.0 phi=0.0 flat
365,720,300,160,True,1.05987,False,0.0605263,0.00846444,rwanda pen=1.0 phi=0.0 flat
365,740,300,160,True,1.06656,True,0.0497802,0.00698924,rwanda pen=1.0 phi=0.0 flat
365,760,300,160,True,1.0734,True,0.0413406,0.00590221,rwanda pen=1.0 phi=0.0 flat
365,780,300,160,True,1.08033,True,0.0350743,0.00507396,rwanda pen=1.0 phi=0.0 flat
365,800,300,160,True,1.08734,True,0.0307973,0.00446588,rwanda pen=1.0 phi=0.0 flat
365,820,300,160,True,1.0944,True,0.027858,0.00399879,rwanda pen=1.0 phi=0.0 flat
365,840,300,160,True,1.10149,True,0.0255001,0.0036085,rwanda pen=1.0 phi=0.0 flat
365,860,300,160,True,1.1086,True,0.0235615,0.00326973,rwanda pen=1.0 phi=0.0 flat
365,880,300,160,True,1.11572,True,0.0217811,0.00295687,rwanda pen=1.0 phi=0.0 flat
365,900,300,160,True,1.12286,True,0.0202222,0.0026864,rwanda pen=1.0 phi=0.0 flat
365,920,300,160,True,1.13001,True,0.0187192,0.00244291,rwanda pen=1.0 phi=0.0 flat
365,940,300,160,True,1.13716,True,0.0173319,0.00221691,rwanda pen=1.0 phi=0.0 flat
365,960,300,160,True,1.14432,True,0.0160904,0.00201212,rwanda pen=1.0 phi=0.0 flat
365,980,300,160,True,1.15149,True,0.0149619,0.00182353,rwanda pen=1.0 phi=0.0 flat
365,1000,300,160,True,1.15867,True,0.0139535,0.00165718,rwanda pen=1.0 phi=0.0 flat
365,1020,300,160,True,1.16585,True,0.0129911,0.00149955,rwanda pen=1.0 phi=0.0 flat
365,1040,300,160,True,1.17303,True,0.0120689,0.00135377,rwanda pen=1.0 phi=0.0 flat
365,1060,300,160,True,1.18022,True,0.0111815,0.00121889,rwanda pen=1.0 phi=0.0 flat
365,1080,300,160,True,1.18741,True,0.0103907,0.00110005,rwanda pen=1.0 phi=0.0 flat
365,1100,300,160,True,1.19461,True,0.0095997,0.000989694,rwanda pen=1.0 phi=0.0 flat
365,1120,300,160,True,1.20181,True,0.00882326,0.000886276,rwanda pen=1.0 phi=0.0 flat
365,1140,300,160,True,1.20901,True,0.00809163,0.000791604,rwanda pen=1.0 phi=0.0 flat
365,1160,300,160,True,1.21622,True,0.0073882,0.000710397,rwanda pen=1.0 phi=0.0 flat
365,1180,300,160,True,1.22344,True,0.00669886,0.000634292,rwanda pen=1.0 phi=0.0 flat
365,1200,300,160,True,1.23065,True,0.00604216,0.000563931,rwanda pen=1.0 phi=0.0 flat
365,1220,300,160,True,1.23787,True,0.00549932,0.000505397,rwanda pen=1.0 phi=0.0 flat
365,1240,300,160,True,1.24509,True,0.00501554,0.000451611,rwanda pen=1.0 phi=0.0 flat
365,1260,300,160,True,1.25231,True,0.00453172,0.000400698,rwanda pen=1.0 phi=0.0 flat
365,1280,300,160,True,1.25953,True,0.00408812,0.000353346,rwanda pen=1.0 phi=0.0 flat
365,1300,300,160,True,1.26676,True,0.00364826,0.000308453,rwanda pen=1.0 phi=0.0 flat
365,1320,300,160,True,1.27398,True,0.00320929,0.000270471,rwanda pen=1.0 phi=0.0 flat
365,1340,300,160,True,1.28121,True,0.00282414,0.000237674,rwanda pen=1.0 phi=0.0 flat
365,1360,300,160,True,1.28844,True,0.00247217,0.000207413,rwanda pen=1.0 phi=0.0 flat
365,1380,300,160,True,1.29567,True,0.00212021,0.000177152,rwanda pen=1.0 phi=0.0 flat
365,1400,300,160,True,1.3029,True,0.00180621,0.000149793,rwanda pen=1.0 phi=0.0 flat
370,0,300,160,True,1.58241,False,0.52859,0.503622,rwanda pen=1.0 phi=0.0 flat
370,20,300,160,True,1.51656,False,0.515451,0.481567,rwanda pen=1.0 phi=0.0 flat
370,40,300,160,True,1.45716,False,0.502433,0.459602,rwanda pen=1.0 phi=0.0 flat
370,60,300,160,True,1.40319,False,0.489481,0.437666,rwanda pen=1.0 phi=0.0 flat
370,80,300,160,True,1.35393,False,0.476558,0.415737,rwanda pen=1.0 phi=0.0 flat
370,100,300,160,True,1.30879,False,0.463642,0.393809,rwanda pen=1.0 phi=0.0 flat
370,120,300,160,True,1.26726,False,0.450725,0.371881,rwanda pen=1.0 phi=0.0 flat
370,140,300,160,True,1.22892,False,0.437809,0.349954,rwanda pen=1.0 phi=0.0 flat
370,160,300,160,True,1.19343,False,0.424892,0.328027,rwanda pen=1.0 phi=0.0 flat
370,180,300,160,True,1.16048,False,0.411975,0.306101,rwanda pen=1.0 phi=0.0 flat
370,200,300,160,True,1.1298,False,0.399058,0.284174,rwanda pen=1.0 phi=0.0 flat
370,220,300,160,True,1.10128,False,0.386156,0.262275,rwanda pen=1.0 phi=0.0 flat
370,240,300,160,True,1.07588,False,0.373273,0.240704,rwanda pen=1.0 phi=0.0 flat
370,260,300,160,True,1.05528,False,0.360408,0.220043,rwanda pen=1.0 phi=0.0 flat
370,280,300,160,True,1.03911,False,0.347558,0.200445,rwanda pen=1.0 phi=0.0 flat
370,300,300,160,True,1.02645,False,0.334706,0.181883,rwanda pen=1.0 phi=0.0 flat
370,320,300,160,True,1.0166,False,0.321871,0.164325,rwanda pen=1.0 phi=0.0 flat
370,340,300,160,True,1.00906,False,0.309067,0.147743,rwanda pen=1.0 phi=0.0 flat
370,360,300,160,True,1.00344,False,0.296317,0.132123,rwanda pen=1.0 phi=0.0 flat
370,380,300,160,True,0.999492,False,0.283572,0.117498,rwanda pen=1.0 phi=0.0 flat
370,400,300,160,True,0.997135,False,0.270816,0.103996,rwanda pen=1.0 phi=0.0 flat
370,420,300,160,True,0.996395,False,0.257976,0.0918205,rwanda pen=1.0 phi=0.0 flat
370,440,300,160,True,0.997214,False,0.245025,0.0810777,rwanda pen=1.0 phi=0.0 flat
370,460,300,160,True,0.999316,False,0.231978,0.071634,rwanda pen=1.0 phi=0.0 flat
370,480,300,160,True,1.00232,False,0.218797,0.0631986,rwanda pen=1.0 phi=0.0 flat
370,500,300,160,True,1.0059,False,0.205502,0.0555124,rwanda pen=1.0 phi=0.0 flat
370,520,300,160,True,1.00988,False,0.192113,0.0484403,rwanda pen=1.0 phi=0.0 flat
370,540,300,160,True,1.01425,False,0.178619,0.0419889,rwanda pen=1.0 phi=0.0 flat
370,560,300,160,True,1.01894,False,0.165149,0.0360873,rwanda pen=1.0 phi=0.0 flat
370,580,300,160,True,1.02395,False,0.151682,0.030794,rwanda pen=1.0 phi=0.0 flat
370,600,300,160,True,1.02923,False,0.138172,0.02603,rwanda pen=1.0 phi=0.0 flat
370,620,300,160,True,1.03479,False,0.124607,0.0218428,rwanda pen=1.0 phi=0.0 flat
370,640,300,160,True,1.04056,False,0.11101,0.0181223,rwanda pen=1.0 phi=0.0 flat
370,660,300,160,True,1.04657,False,0.0973398,0.0149279,rwanda pen=1.0 phi=0.0 flat
370,680,300,160,True,1.05274,False,0.08377,0.0121427,rwanda pen=1.0 phi=0.0 flat
370,700,300,160,True,1.05912,False,0.0705373,0.00984847,rwanda pen=1.0 phi=0.0 flat
370,720,300,160,True,1.06566,False,0.0582141,0.0079876,rwanda pen=1.0 phi=0.0 flat
370,740,300,160,True,1.07236,True,0.0473911,0.00652587,rwanda pen=1.0 phi=0.0 flat
370,760,300,160,True,1.0792,True,0.0389103,0.00545429,rwanda pen=1.0 phi=0.0 flat
370,780,300,160,True,1.08614,True,0.0327944,0.00465941,rwanda pen=1.0 phi=0.0 flat
370,800,300,160,True,1.09316,True,0.0286362,0.00407822,rwanda pen=1.0 phi=0.0 flat
370,820,300,160,True,1.10023,True,0.0257749,0.00363596,rwanda pen=1.0 phi=0.0 flat
370,840,300,160,True,1.10733,True,0.0235229,0.00327054,rwanda pen=1.0 phi=0.0 flat
370,860,300,160,True,1.11445,True,0.0216078,0.00294606,rwanda pen=1.0 phi=0.0 flat
370,880,300,160,True,1.12158,True,0.0199063,0.00266141,rwanda pen=1.0 phi=0.0 flat
370,900,300,160,True,1.12872,True,0.0183216,0.00240735,rwanda pen=1.0 phi=0.0 flat
370,920,300,160,True,1.13587,True,0.0169002,0.00217309,rwanda pen=1.0 phi=0.0 flat
370,940,300,160,True,1.14303,True,0.0156747,0.00196615,rwanda pen=1.0 phi=0.0 flat
370,960,300,160,True,1.1502,True,0.0145336,0.00177794,rwanda pen=1.0 phi=0.0 flat
370,980,300,160,True,1.15737,True,0.0134394,0.00160092,rwanda pen=1.0 phi=0.0 flat
370,1000,300,160,True,1.16455,True,0.0124944,0.00144322,rwanda pen=1.0 phi=0.0 flat
370,1020,300,160,True,1.17174,True,0.0116126,0.00130081,rwanda pen=1.0 phi=0.0 flat
370,1040,300,160,True,1.17892,True,0.0107583,0.00116806,rwanda pen=1.0 phi=0.0 flat
370,1060,300,160,True,1.18612,True,0.00996049,0.00105029,rwanda pen=1.0 phi=0.0 flat
370,1080,300,160,True,1.19332,True,0.00916954,0.000938427,rwanda pen=1.0 phi=0.0 flat
370,1100,300,160,True,1.20052,True,0.00837844,0.000835657,rwanda pen=1.0 phi=0.0 flat
370,1120,300,160,True,1.20772,True,0.00762907,0.000744388,rwanda pen=1.0 phi=0.0 flat
370,1140,300,160,True,1.21493,True,0.0069248,0.000664267,rwanda pen=1.0 phi=0.0 flat
370,1160,300,160,True,1.22214,True,0.00622131,0.000586968,rwanda pen=1.0 phi=0.0 flat
370,1180,300,160,True,1.22936,True,0.00555789,0.000515248,rwanda pen=1.0 phi=0.0 flat
370,1200,300,160,True,1.23657,True,0.00494062,0.000451262,rwanda pen=1.0 phi=0.0 flat
370,1220,300,160,True,1.24379,True,0.00442401,0.000395469,rwanda pen=1.0 phi=0.0 flat
370,1240,300,160,True,1.25101,True,0.00398416,0.000348404,rwanda pen=1.0 phi=0.0 flat
370,1260,300,160,True,1.25824,True,0.00354432,0.000301339,rwanda pen=1.0 phi=0.0 flat
370,1280,300,160,True,1.26546,True,0.00310446,0.000255528,rwanda pen=1.0 phi=0.0 flat
370,1300,300,160,True,1.27269,True,0.00269726,0.000220628,rwanda pen=1.0 phi=0.0 flat
370,1320,300,160,True,1.27992,True,0.00234529,0.000190367,rwanda pen=1.0 phi=0.0 flat
370,1340,300,160,True,1.28715,True,0.00199332,0.000160106,rwanda pen=1.0 phi=0.0 flat
370,1360,300,160,True,1.29438,True,0.00165165,0.000130632,rwanda pen=1.0 phi=0.0 flat
370,1380,300,160,True,1.30161,True,0.00138766,0.000107094,rwanda pen=1.0 phi=0.0 flat
370,1400,300,160,True,1.30884,True,0.00118546,9.0595e-05,rwanda pen=1.0 phi=0.0 flat
375,0,300,160,True,1.59224,False,0.5277,0.502921,rwanda pen=1.0 phi=0.0 flat
375,20,300,160,True,1.52598,False,0.514566,0.480868,rwanda pen=1.0 phi=0.0 flat
375,40,300,160,True,1.46619,False,0.501544,0.458904,rwanda pen=1.0 phi=0.0 flat
375,60,300,160,True,1.41187,False,0.488595,0.436969,rwanda pen=1.0 phi=0.0 flat
375,80,300,160,True,1.36229,False,0.475673,0.41504,rwanda pen=1.0 phi=0.0 flat
375,100,300,160,True,1.31684,False,0.462757,0.393112,rwanda pen=1.0 phi=0.0 flat
375,120,300,160,True,1.27502,False,0.44984,0.371184,rwanda pen=1.0 phi=0.0 flat
375,140,300,160,True,1.23643,False,0.436924,0.349257,rwanda pen=1.0 phi=0.0 flat
375,160,300,160,True,1.20069,False,0.424007,0.32733,rwanda pen=1.0 phi=0.0 flat
375,180,300,160,True,1.1675,False,0.41109,0.305404,rwanda pen=1.0 phi=0.0 flat
375,200,300,160,True,1.1366,False,0.398173,0.283477,rwanda pen=1.0 phi=0.0 flat
375,220,300,160,True,1.10789,False,0.38526,0.261579,rwanda pen=1.0 phi=0.0 flat
375,240,300,160,True,1.08233,False,0.372378,0.240013,rwanda pen=1.0 phi=0.0 flat
375,260,300,160,True,1.06161,False,0.359495,0.219362,rwanda pen=1.0 phi=0.0 flat
375,280,300,160,True,1.04535,False,0.346646,0.199776,rwanda pen=1.0 phi=0.0 flat
375,300,300,160,True,1.03261,False,0.333795,0.181227,rwanda pen=1.0 phi=0.0 flat
375,320,300,160,True,1.0227,False,0.320943,0.163683,rwanda pen=1.0 phi=0.0 flat
375,340,300,160,True,1.0151,False,0.308122,0.147115,rwanda pen=1.0 phi=0.0 flat
375,360,300,160,True,1.00943,False,0.295345,0.131509,rwanda pen=1.0 phi=0.0 flat
375,380,300,160,True,1.00544,False,0.282582,0.116895,rwanda pen=1.0 phi=0.0 flat
375,400,300,160,True,1.00305,False,0.269804,0.103412,rwanda pen=1.0 phi=0.0 flat
375,420,300,160,True,1.0023,False,0.25696,0.0912656,rwanda pen=1.0 phi=0.0 flat
375,440,300,160,True,1.00312,False,0.243984,0.0805485,rwanda pen=1.0 phi=0.0 flat
375,460,300,160,True,1.00521,False,0.23087,0.0711266,rwanda pen=1.0 phi=0.0 flat
375,480,300,160,True,1.0082,False,0.217624,0.0626962,rwanda pen=1.0 phi=0.0 flat
375,500,300,160,True,1.01177,False,0.204255,0.0550116,rwanda pen=1.0 phi=0.0 flat
375,520,300,160,True,1.01574,False,0.190838,0.047935,rwanda pen=1.0 phi=0.0 flat
375,540,300,160,True,1.02009,False,0.177282,0.0414797,rwanda pen=1.0 phi=0.0 flat
375,560,300,160,True,1.02476,False,0.163667,0.035579,rwanda pen=1.0 phi=0.0 flat
375,580,300,160,True,1.02976,False,0.150086,0.03028,rwanda pen=1.0 phi=0.0 flat
375,600,300,160,True,1.03503,False,0.136509,0.0255101,rwanda pen=1.0 phi=0.0 flat
375,620,300,160,True,1.04058,False,0.122878,0.0213202,rwanda pen=1.0 phi=0.0 flat
375,640,300,160,True,1.04635,False,0.109244,0.0176143,rwanda pen=1.0 phi=0.0 flat
375,660,300,160,True,1.05236,False,0.0955106,0.0144411,rwanda pen=1.0 phi=0.0 flat
375,680,300,160,True,1.05854,False,0.0818087,0.0116708,rwanda pen=1.0 phi=0.0 flat
375,700,300,160,True,1.06492,False,0.0684521,0.00939226,rwanda pen=1.0 phi=0.0 flat
375,720,300,160,True,1.07146,False,0.0560148,0.00754089,rwanda pen=1.0 phi=0.0 flat
375,740,300,160,True,1.07816,True,0.04518,0.00609453,rwanda pen=1.0 phi=0.0 flat
375,760,300,160,True,1.08501,True,0.0366766,0.00504479,rwanda pen=1.0 phi=0.0 flat
375,780,300,160,True,1.09196,True,0.0306346,0.0042722,rwanda pen=1.0 phi=0.0 flat
375,800,300,160,True,1.09899,True,0.0265824,0.00371685,rwanda pen=1.0 phi=0.0 flat
375,820,300,160,True,1.10607,True,0.0238002,0.00330375,rwanda pen=1.0 phi=0.0 flat
375,840,300,160,True,1.11318,True,0.021591,0.0029569,rwanda pen=1.0 phi=0.0 flat
375,860,300,160,True,1.1203,True,0.019761,0.00265606,rwanda pen=1.0 phi=0.0 flat
375,880,300,160,True,1.12744,True,0.0181444,0.00239485,rwanda pen=1.0 phi=0.0 flat
375,900,300,160,True,1.13459,True,0.0166174,0.0021504,rwanda pen=1.0 phi=0.0 flat
375,920,300,160,True,1.14174,True,0.0152747,0.00192922,rwanda pen=1.0 phi=0.0 flat
375,940,300,160,True,1.14891,True,0.0141267,0.00173693,rwanda pen=1.0 phi=0.0 flat
375,960,300,160,True,1.15608,True,0.0130378,0.00155714,rwanda pen=1.0 phi=0.0 flat
375,980,300,160,True,1.16326,True,0.0121238,0.00140152,rwanda pen=1.0 phi=0.0 flat
375,1000,300,160,True,1.17045,True,0.0112457,0.00125812,rwanda pen=1.0 phi=0.0 flat
375,1020,300,160,True,1.17763,True,0.0104111,0.00112733,rwanda pen=1.0 phi=0.0 flat
375,1040,300,160,True,1.18483,True,0.00959992,0.00100816,rwanda pen=1.0 phi=0.0 flat
375,1060,300,160,True,1.19203,True,0.00880896,0.00089659,rwanda pen=1.0 phi=0.0 flat
375,1080,300,160,True,1.19923,True,0.00801785,0.000795357,rwanda pen=1.0 phi=0.0 flat
375,1100,300,160,True,1.20643,True,0.00725169,0.000706514,rwanda pen=1.0 phi=0.0 flat
375,1120,300,160,True,1.21364,True,0.00653101,0.000624539,rwanda pen=1.0 phi=0.0 flat
375,1140,300,160,True,1.22085,True,0.00582754,0.000546249,rwanda pen=1.0 phi=0.0 flat
375,1160,300,160,True,1.22807,True,0.00515263,0.000473039,rwanda pen=1.0 phi=0.0 flat
375,1180,300,160,True,1.23528,True,0.00455208,0.000410203,rwanda pen=1.0 phi=0.0 flat
375,1200,300,160,True,1.2425,True,0.00406879,0.000357945,rwanda pen=1.0 phi=0.0 flat
375,1220,300,160,True,1.24973,True,0.00362894,0.00031088,rwanda pen=1.0 phi=0.0 flat
375,1240,300,160,True,1.25695,True,0.0031891,0.000263815,rwanda pen=1.0 phi=0.0 flat
375,1260,300,160,True,1.26417,True,0.00277527,0.000220744,rwanda pen=1.0 phi=0.0 flat
375,1280,300,160,True,1.2714,True,0.00240695,0.000187801,rwanda pen=1.0 phi=0.0 flat
375,1300,300,160,True,1.27863,True,0.00205499,0.00015754,rwanda pen=1.0 phi=0.0 flat
375,1320,300,160,True,1.28586,True,0.00171015,0.000130692,rwanda pen=1.0 phi=0.0 flat
375,1340,300,160,True,1.29309,True,0.00145421,0.000111133,rwanda pen=1.0 phi=0.0 flat
375,1360,300,160,True,1.30033,True,0.00123419,9.43189e-05,rwanda pen=1.0 phi=0.0 flat
375,1380,300,160,True,1.30756,True,0.0010306,7.87603e-05,rwanda pen=1.0 phi=0.0 flat
375,1400,300,160,True,1.3148,True,0.0008952,6.84125e-05,rwanda pen=1.0 phi=0.0 flat
380,0,300,160,True,1.60208,False,0.526834,0.502234,rwanda pen=1.0 phi=0.0 flat
380,20,300,160,True,1.53541,False,0.513707,0.480185,rwanda pen=1.0 phi=0.0 flat
380,40,300,160,True,1.47524,False,0.500681,0.458222,rwanda pen=1.0 phi=0.0 flat
380,60,300,160,True,1.42057,False,0.487733,0.436287,rwanda pen=1.0 phi=0.0 flat
380,80,300,160,True,1.37065,False,0.474813,0.414358,rwanda pen=1.0 phi=0.0 flat
380,100,300,160,True,1.3249,False,0.461897,0.39243,rwanda pen=1.0 phi=0.0 flat
380,120,300,160,True,1.2828,False,0.44898,0.370502,rwanda pen=1.0 phi=0.0 flat
380,140,300,160,True,1.24394,False,0.436064,0.348575,rwanda pen=1.0 phi=0.0 flat
380,160,300,160,True,1.20795,False,0.423147,0.326648,rwanda pen=1.0 phi=0.0 flat
380,180,300,160,True,1.17453,False,0.41023,0.304722,rwanda pen=1.0 phi=0.0 flat
380,200,300,160,True,1.14342,False,0.397313,0.282795,rwanda pen=1.0 phi=0.0 flat
380,220,300,160,True,1.1145,False,0.384396,0.260897,rwanda pen=1.0 phi=0.0 flat
380,240,300,160,True,1.08878,False,0.371508,0.239338,rwanda pen=1.0 phi=0.0 flat
380,260,300,160,True,1.06796,False,0.358625,0.218698,rwanda pen=1.0 phi=0.0 flat
380,280,300,160,True,1.05159,False,0.345758,0.199123,rwanda pen=1.0 phi=0.0 flat
380,300,300,160,True,1.03877,False,0.332908,0.180586,rwanda pen=1.0 phi=0.0 flat
380,320,300,160,True,1.0288,False,0.320056,0.163057,rwanda pen=1.0 phi=0.0 flat
380,340,300,160,True,1.02114,False,0.307216,0.146503,rwanda pen=1.0 phi=0.0 flat
380,360,300,160,True,1.01542,False,0.294401,0.13091,rwanda pen=1.0 phi=0.0 flat
380,380,300,160,True,1.01139,False,0.281634,0.11631,rwanda pen=1.0 phi=0.0 flat
380,400,300,160,True,1.00898,False,0.268834,0.102848,rwanda pen=1.0 phi=0.0 flat
380,420,300,160,True,1.00822,False,0.255965,0.09073,rwanda pen=1.0 phi=0.0 flat
380,440,300,160,True,1.00903,False,0.242974,0.0800387,rwanda pen=1.0 phi=0.0 flat
380,460,300,160,True,1.01112,False,0.229824,0.0706383,rwanda pen=1.0 phi=0.0 flat
380,480,300,160,True,1.0141,False,0.216534,0.0622184,rwanda pen=1.0 phi=0.0 flat
380,500,300,160,True,1.01764,False,0.203089,0.0545382,rwanda pen=1.0 phi=0.0 flat
380,520,300,160,True,1.0216,False,0.189588,0.0474571,rwanda pen=1.0 phi=0.0 flat
380,540,300,160,True,1.02594,False,0.176015,0.040999,rwanda pen=1.0 phi=0.0 flat
380,560,300,160,True,1.0306,False,0.162322,0.0351011,rwanda pen=1.0 phi=0.0 flat
380,580,300,160,True,1.03559,False,0.148589,0.0298012,rwanda pen=1.0 phi=0.0 flat
380,600,300,160,True,1.04085,False,0.134885,0.0250231,rwanda pen=1.0 phi=0.0 flat
380,620,300,160,True,1.04639,False,0.121205,0.0208295,rwanda pen=1.0 phi=0.0 flat
380,640,300,160,True,1.05216,False,0.107507,0.0171289,rwanda pen=1.0 phi=0.0 flat
380,660,300,160,True,1.05817,False,0.093744,0.0139735,rwanda pen=1.0 phi=0.0 flat
380,680,300,160,True,1.06435,False,0.0799707,0.0112258,rwanda pen=1.0 phi=0.0 flat
380,700,300,160,True,1.07073,False,0.0664909,0.00896623,rwanda pen=1.0 phi=0.0 flat
380,720,300,160,True,1.07728,False,0.0539571,0.00712564,rwanda pen=1.0 phi=0.0 flat
380,740,300,160,True,1.08398,True,0.043097,0.00570322,rwanda pen=1.0 phi=0.0 flat
380,760,300,160,True,1.09084,True,0.0345976,0.0046742,rwanda pen=1.0 phi=0.0 flat
380,780,300,160,True,1.09779,True,0.0285576,0.00391649,rwanda pen=1.0 phi=0.0 flat
380,800,300,160,True,1.10483,True,0.0246577,0.00339299,rwanda pen=1.0 phi=0.0 flat
380,820,300,160,True,1.11192,True,0.0219135,0.00299696,rwanda pen=1.0 phi=0.0 flat
380,840,300,160,True,1.11904,True,0.0197638,0.00266546,rwanda pen=1.0 phi=0.0 flat
380,860,300,160,True,1.12617,True,0.0180085,0.00238745,rwanda pen=1.0 phi=0.0 flat
380,880,300,160,True,1.13331,True,0.016449,0.00213768,rwanda pen=1.0 phi=0.0 flat
380,900,300,160,True,1.14046,True,0.0150535,0.00191163,rwanda pen=1.0 phi=0.0 flat
380,920,300,160,True,1.14763,True,0.0138164,0.00170985,rwanda pen=1.0 phi=0.0 flat
380,940,300,160,True,1.15479,True,0.0127065,0.00152422,rwanda pen=1.0 phi=0.0 flat
380,960,300,160,True,1.16197,True,0.0117571,0.00136196,rwanda pen=1.0 phi=0.0 flat
380,980,300,160,True,1.16916,True,0.0108989,0.00121966,rwanda pen=1.0 phi=0.0 flat
380,1000,300,160,True,1.17635,True,0.0100643,0.00109002,rwanda pen=1.0 phi=0.0 flat
380,1020,300,160,True,1.18354,True,0.00923974,0.00097018,rwanda pen=1.0 phi=0.0 flat
380,1040,300,160,True,1.19074,True,0.00844875,0.000860608,rwanda pen=1.0 phi=0.0 flat
380,1060,300,160,True,1.19794,True,0.00765765,0.000758725,rwanda pen=1.0 phi=0.0 flat
380,1080,300,160,True,1.20515,True,0.00687475,0.000669346,rwanda pen=1.0 phi=0.0 flat
380,1100,300,160,True,1.21235,True,0.00613765,0.000586116,rwanda pen=1.0 phi=0.0 flat
380,1120,300,160,True,1.21956,True,0.0054342,0.000506112,rwanda pen=1.0 phi=0.0 flat
380,1140,300,160,True,1.22678,True,0.00478552,0.000435977,rwanda pen=1.0 phi=0.0 flat
380,1160,300,160,True,1.23399,True,0.00422733,0.000374565,rwanda pen=1.0 phi=0.0 flat
380,1180,300,160,True,1.24121,True,0.00372128,0.000321556,rwanda pen=1.0 phi=0.0 flat
380,1200,300,160,True,1.24844,True,0.00327411,0.000273931,rwanda pen=1.0 phi=0.0 flat
380,1220,300,160,True,1.25566,True,0.00286785,0.000229433,rwanda pen=1.0 phi=0.0 flat
380,1240,300,160,True,1.26289,True,0.00247193,0.000192145,rwanda pen=1.0 phi=0.0 flat
380,1260,300,160,True,1.27012,True,0.00211692,0.000161779,rwanda pen=1.0 phi=0.0 flat
380,1280,300,160,True,1.27735,True,0.00179971,0.000137537,rwanda pen=1.0 phi=0.0 flat
380,1300,300,160,True,1.28458,True,0.00153571,0.000117361,rwanda pen=1.0 phi=0.0 flat
380,1320,300,160,True,1.29182,True,0.00130717,9.98963e-05,rwanda pen=1.0 phi=0.0 flat
380,1340,300,160,True,1.29905,True,0.00108716,8.30825e-05,rwanda pen=1.0 phi=0.0 flat
380,1360,300,160,True,1.30629,True,0.000896112,6.84823e-05,rwanda pen=1.0 phi=0.0 flat
380,1380,300,160,True,1.31352,True,0.000736996,5.63223e-05,rwanda pen=1.0 phi=0.0 flat
380,1400,300,160,True,1.32076,True,0.000604979,4.62334e-05,rwanda pen=1.0 phi=0.0 flat
385,0,300,160,True,1.61193,False,0.525986,0.501559,rwanda pen=1.0 phi=0.0 flat
385,20,300,160,True,1.54485,False,0.512863,0.479514,rwanda pen=1.0 phi=0.0 flat
385,40,300,160,True,1.4843,False,0.499835,0.457552,rwanda pen=1.0 phi=0.0 flat
385,60,300,160,True,1.42927,False,0.486887,0.435617,rwanda pen=1.0 phi=0.0 flat
385,80,300,160,True,1.37903,False,0.473968,0.413688,rwanda pen=1.0 phi=0.0 flat
385,100,300,160,True,1.33297,False,0.461052,0.391761,rwanda pen=1.0 phi=0.0 flat
385,120,300,160,True,1.29058,False,0.448136,0.369833,rwanda pen=1.0 phi=0.0 flat
385,140,300,160,True,1.25145,False,0.435219,0.347905,rwanda pen=1.0 phi=0.0 flat
385,160,300,160,True,1.21522,False,0.422302,0.325979,rwanda pen=1.0 phi=0.0 flat
385,180,300,160,True,1.18157,False,0.409385,0.304052,rwanda pen=1.0 phi=0.0 flat
385,200,300,160,True,1.15024,False,0.396469,0.282126,rwanda pen=1.0 phi=0.0 flat
385,220,300,160,True,1.12112,False,0.383552,0.260229,rwanda pen=1.0 phi=0.0 flat
385,240,300,160,True,1.09524,False,0.370653,0.238675,rwanda pen=1.0 phi=0.0 flat
385,260,300,160,True,1.0743,False,0.357771,0.218046,rwanda pen=1.0 phi=0.0 flat
385,280,300,160,True,1.05784,False,0.344887,0.198482,rwanda pen=1.0 phi=0.0 flat
385,300,300,160,True,1.04494,False,0.332037,0.179957,rwanda pen=1.0 phi=0.0 flat
385,320,300,160,True,1.0349,False,0.319185,0.162443,rwanda pen=1.0 phi=0.0 flat
385,340,300,160,True,1.02718,False,0.306333,0.145904,rwanda pen=1.0 phi=0.0 flat
385,360,300,160,True,1.02142,False,0.293507,0.130326,rwanda pen=1.0 phi=0.0 flat
385,380,300,160,True,1.01735,False,0.2807,0.11574,rwanda pen=1.0 phi=0.0 flat
385,400,300,160,True,1.01491,False,0.267888,0.102298,rwanda pen=1.0 phi=0.0 flat
385,420,300,160,True,1.01414,False,0.254999,0.0902076,rwanda pen=1.0 phi=0.0 flat
385,440,300,160,True,1.01494,False,0.241992,0.0795441,rwanda pen=1.0 phi=0.0 flat
385,460,300,160,True,1.01703,False,0.228819,0.0701655,rwanda pen=1.0 phi=0.0 flat
385,480,300,160,True,1.02,False,0.215466,0.0617583,rwanda pen=1.0 phi=0.0 flat
385,500,300,160,True,1.02353,False,0.201973,0.0540803,rwanda pen=1.0 phi=0.0 flat
385,520,300,160,True,1.02747,False,0.188401,0.0469993,rwanda pen=1.0 phi=0.0 flat
385,540,300,160,True,1.03179,False,0.174769,0.0405415,rwanda pen=1.0 phi=0.0 flat
385,560,300,160,True,1.03645,False,0.161039,0.0346513,rwanda pen=1.0 phi=0.0 flat
385,580,300,160,True,1.04143,False,0.147203,0.0293481,rwanda pen=1.0 phi=0.0 flat
385,600,300,160,True,1.04668,False,0.133375,0.0245688,rwanda pen=1.0 phi=0.0 flat
385,620,300,160,True,1.05221,False,0.119582,0.0203681,rwanda pen=1.0 phi=0.0 flat
385,640,300,160,True,1.05797,False,0.105827,0.0166688,rwanda pen=1.0 phi=0.0 flat
385,660,300,160,True,1.06398,False,0.0920117,0.0135258,rwanda pen=1.0 phi=0.0 flat
385,680,300,160,True,1.07016,False,0.0781966,0.0107979,rwanda pen=1.0 phi=0.0 flat
385,700,300,160,True,1.07655,False,0.0646349,0.008566,rwanda pen=1.0 phi=0.0 flat
385,720,300,160,True,1.0831,False,0.0520251,0.00674486,rwanda pen=1.0 phi=0.0 flat
385,740,300,160,True,1.08982,True,0.0411265,0.00534443,rwanda pen=1.0 phi=0.0 flat
385,760,300,160,True,1.09668,True,0.0326466,0.00433177,rwanda pen=1.0 phi=0.0 flat
385,780,300,160,True,1.10364,True,0.0266668,0.00360019,rwanda pen=1.0 phi=0.0 flat
385,800,300,160,True,1.11069,True,0.0228283,0.00309914,rwanda pen=1.0 phi=0.0 flat
385,820,300,160,True,1.11778,True,0.0201356,0.00271714,rwanda pen=1.0 phi=0.0 flat
385,840,300,160,True,1.1249,True,0.0180363,0.00240619,rwanda pen=1.0 phi=0.0 flat
385,860,300,160,True,1.13204,True,0.0163572,0.00214376,rwanda pen=1.0 phi=0.0 flat
385,880,300,160,True,1.13919,True,0.0148921,0.00191144,rwanda pen=1.0 phi=0.0 flat
385,900,300,160,True,1.14635,True,0.0136697,0.00170863,rwanda pen=1.0 phi=0.0 flat
385,920,300,160,True,1.15352,True,0.0125312,0.00152005,rwanda pen=1.0 phi=0.0 flat
385,940,300,160,True,1.16069,True,0.0114585,0.00134535,rwanda pen=1.0 phi=0.0 flat
385,960,300,160,True,1.16788,True,0.0105715,0.0011973,rwanda pen=1.0 phi=0.0 flat
385,980,300,160,True,1.17507,True,0.00973681,0.00106941,rwanda pen=1.0 phi=0.0 flat
385,1000,300,160,True,1.18226,True,0.008902,0.000949651,rwanda pen=1.0 phi=0.0 flat
385,1020,300,160,True,1.18946,True,0.00810791,0.000839265,rwanda pen=1.0 phi=0.0 flat
385,1040,300,160,True,1.19666,True,0.00731683,0.000735652,rwanda pen=1.0 phi=0.0 flat
385,1060,300,160,True,1.20386,True,0.00652555,0.000645355,rwanda pen=1.0 phi=0.0 flat
385,1080,300,160,True,1.21107,True,0.00576984,0.000560702,rwanda pen=1.0 phi=0.0 flat
385,1100,300,160,True,1.21828,True,0.00507713,0.000481549,rwanda pen=1.0 phi=0.0 flat
385,1120,300,160,True,1.22549,True,0.00446152,0.000413248,rwanda pen=1.0 phi=0.0 flat
385,1140,300,160,True,1.23271,True,0.00390646,0.000350757,rwanda pen=1.0 phi=0.0 flat
385,1160,300,160,True,1.23993,True,0.00338348,0.000296947,rwanda pen=1.0 phi=0.0 flat
385,1180,300,160,True,1.24715,True,0.00296075,0.00025119,rwanda pen=1.0 phi=0.0 flat
385,1200,300,160,True,1.25438,True,0.00256486,0.000209026,rwanda pen=1.0 phi=0.0 flat
385,1220,300,160,True,1.26161,True,0.00219474,0.000172767,rwanda pen=1.0 phi=0.0 flat
385,1240,300,160,True,1.26884,True,0.00190323,0.000147126,rwanda pen=1.0 phi=0.0 flat
385,1260,300,160,True,1.27607,True,0.00163924,0.000125273,rwanda pen=1.0 phi=0.0 flat
385,1280,300,160,True,1.2833,True,0.0013803,0.000105484,rwanda pen=1.0 phi=0.0 flat
385,1300,300,160,True,1.29054,True,0.00116028,8.86707e-05,rwanda pen=1.0 phi=0.0 flat
385,1320,300,160,True,1.29777,True,0.000940271,7.18569e-05,rwanda pen=1.0 phi=0.0 flat
385,1340,300,160,True,1.30501,True,0.000761744,5.82136e-05,rwanda pen=1.0 phi=0.0 flat
385,1360,300,160,True,1.31225,True,0.000585727,4.47622e-05,rwanda pen=1.0 phi=0.0 flat
385,1380,300,160,True,1.31948,True,0.000446892,3.41521e-05,rwanda pen=1.0 phi=0.0 flat
385,1400,300,160,True,1.32672,True,0.000384848,2.94107e-05,rwanda pen=1.0 phi=0.0 flat
390,0,300,160,True,1.62181,False,0.525154,0.500899,rwanda pen=1.0 phi=0.0 flat
390,20,300,160,True,1.55431,False,0.512033,0.478857,rwanda pen=1.0 phi=0.0 flat
390,40,300,160,True,1.49337,False,0.499003,0.456895,rwanda pen=1.0 phi=0.0 flat
390,60,300,160,True,1.43799,False,0.486055,0.434961,rwanda pen=1.0 phi=0.0 flat
390,80,300,160,True,1.38741,False,0.473138,0.413033,rwanda pen=1.0 phi=0.0 flat
390,100,300,160,True,1.34105,False,0.460221,0.391105,rwanda pen=1.0 phi=0.0 flat
390,120,300,160,True,1.29838,False,0.447305,0.369177,rwanda pen=1.0 phi=0.0 flat
390,140,300,160,True,1.25898,False,0.434388,0.347249,rwanda pen=1.0 phi=0.0 flat
390,160,300,160,True,1.2225,False,0.421472,0.325323,rwanda pen=1.0 phi=0.0 flat
390,180,300,160,True,1.18862,False,0.408555,0.303396,rwanda pen=1.0 phi=0.0 flat
390,200,300,160,True,1.15706,False,0.395638,0.28147,rwanda pen=1.0 phi=0.0 flat
390,220,300,160,True,1.12775,False,0.382721,0.259574,rwanda pen=1.0 phi=0.0 flat
390,240,300,160,True,1.10171,False,0.369812,0.238026,rwanda pen=1.0 phi=0.0 flat
390,260,300,160,True,1.08065,False,0.35693,0.217409,rwanda pen=1.0 phi=0.0 flat
390,280,300,160,True,1.0641,False,0.344047,0.197857,rwanda pen=1.0 phi=0.0 flat
390,300,300,160,True,1.05112,False,0.331179,0.179343,rwanda pen=1.0 phi=0.0 flat
390,320,300,160,True,1.04101,False,0.318328,0.161842,rwanda pen=1.0 phi=0.0 flat
390,340,300,160,True,1.03324,False,0.305476,0.145319,rwanda pen=1.0 phi=0.0 flat
390,360,300,160,True,1.02742,False,0.292631,0.129755,rwanda pen=1.0 phi=0.0 flat
390,380,300,160,True,1.02332,False,0.279798,0.115186,rwanda pen=1.0 phi=0.0 flat
390,400,300,160,True,1.02085,False,0.266967,0.101765,rwanda pen=1.0 phi=0.0 flat
390,420,300,160,True,1.02007,False,0.254055,0.089701,rwanda pen=1.0 phi=0.0 flat
390,440,300,160,True,1.02086,False,0.241024,0.0790647,rwanda pen=1.0 phi=0.0 flat
390,460,300,160,True,1.02295,False,0.227841,0.0697102,rwanda pen=1.0 phi=0.0 flat
390,480,300,160,True,1.0259,False,0.214458,0.0613163,rwanda pen=1.0 phi=0.0 flat
390,500,300,160,True,1.02942,False,0.200909,0.053642,rwanda pen=1.0 phi=0.0 flat
390,520,300,160,True,1.03334,False,0.187264,0.0465642,rwanda pen=1.0 phi=0.0 flat
390,540,300,160,True,1.03766,False,0.17355,0.040106,rwanda pen=1.0 phi=0.0 flat
390,560,300,160,True,1.04231,False,0.159802,0.0342207,rwanda pen=1.0 phi=0.0 flat
390,580,300,160,True,1.04727,False,0.145899,0.0289179,rwanda pen=1.0 phi=0.0 flat
390,600,300,160,True,1.05251,False,0.131922,0.0241403,rwanda pen=1.0 phi=0.0 flat
390,620,300,160,True,1.05803,False,0.118021,0.0199357,rwanda pen=1.0 phi=0.0 flat
390,640,300,160,True,1.06379,False,0.104185,0.0162406,rwanda pen=1.0 phi=0.0 flat
390,660,300,160,True,1.0698,False,0.0903118,0.0130981,rwanda pen=1.0 phi=0.0 flat
390,680,300,160,True,1.07599,False,0.0764628,0.0103921,rwanda pen=1.0 phi=0.0 flat
390,700,300,160,True,1.08239,False,0.0628756,0.00819355,rwanda pen=1.0 phi=0.0 flat
390,720,300,160,True,1.08894,False,0.0501737,0.00638844,rwanda pen=1.0 phi=0.0 flat
390,740,300,160,True,1.09566,True,0.0392767,0.00501219,rwanda pen=1.0 phi=0.0 flat
390,760,300,160,True,1.10253,True,0.0308031,0.00402114,rwanda pen=1.0 phi=0.0 flat
390,780,300,160,True,1.1095,True,0.0248885,0.00330968,rwanda pen=1.0 phi=0.0 flat
390,800,300,160,True,1.11655,True,0.0211209,0.00282538,rwanda pen=1.0 phi=0.0 flat
390,820,300,160,True,1.12365,True,0.0184608,0.00246199,rwanda pen=1.0 phi=0.0 flat
390,840,300,160,True,1.13078,True,0.016462,0.00217049,rwanda pen=1.0 phi=0.0 flat
390,860,300,160,True,1.13793,True,0.0148449,0.00192517,rwanda pen=1.0 phi=0.0 flat
390,880,300,160,True,1.14508,True,0.0135624,0.0017138,rwanda pen=1.0 phi=0.0 flat
390,900,300,160,True,1.15225,True,0.0124213,0.00152299,rwanda pen=1.0 phi=0.0 flat
390,920,300,160,True,1.15942,True,0.0113227,0.00134592,rwanda pen=1.0 phi=0.0 flat
390,940,300,160,True,1.1666,True,0.0103802,0.00119445,rwanda pen=1.0 phi=0.0 flat
390,960,300,160,True,1.17379,True,0.00950159,0.00106215,rwanda pen=1.0 phi=0.0 flat
390,980,300,160,True,1.18098,True,0.00864214,0.000938208,rwanda pen=1.0 phi=0.0 flat
390,1000,300,160,True,1.18818,True,0.00783471,0.000824742,rwanda pen=1.0 phi=0.0 flat
390,1020,300,160,True,1.19538,True,0.00704361,0.000722076,rwanda pen=1.0 phi=0.0 flat
390,1040,300,160,True,1.20258,True,0.00625239,0.000628103,rwanda pen=1.0 phi=0.0 flat
390,1060,300,160,True,1.20979,True,0.00547994,0.000541993,rwanda pen=1.0 phi=0.0 flat
390,1080,300,160,True,1.217,True,0.00477563,0.000463023,rwanda pen=1.0 phi=0.0 flat
390,1100,300,160,True,1.22421,True,0.00416197,0.000393136,rwanda pen=1.0 phi=0.0 flat
390,1120,300,160,True,1.23143,True,0.00360701,0.00033164,rwanda pen=1.0 phi=0.0 flat
390,1140,300,160,True,1.23865,True,0.00312321,0.000279011,rwanda pen=1.0 phi=0.0 flat
390,1160,300,160,True,1.24587,True,0.00267446,0.000231265,rwanda pen=1.0 phi=0.0 flat
390,1180,300,160,True,1.2531,True,0.00231397,0.000192626,rwanda pen=1.0 phi=0.0 flat
390,1200,300,160,True,1.26033,True,0.00200678,0.000161192,rwanda pen=1.0 phi=0.0 flat
390,1220,300,160,True,1.26756,True,0.00174279,0.00013667,rwanda pen=1.0 phi=0.0 flat
390,1240,300,160,True,1.27479,True,0.0014788,0.000113132,rwanda pen=1.0 phi=0.0 flat
390,1260,300,160,True,1.28203,True,0.00123345,9.42617e-05,rwanda pen=1.0 phi=0.0 flat
390,1280,300,160,True,1.28926,True,0.00101343,7.7448e-05,rwanda pen=1.0 phi=0.0 flat
390,1300,300,160,True,1.2965,True,0.000803422,6.13987e-05,rwanda pen=1.0 phi=0.0 flat
390,1320,300,160,True,1.30373,True,0.000627406,4.79473e-05,rwanda pen=1.0 phi=0.0 flat
390,1340,300,160,True,1.31097,True,0.000451389,3.44958e-05,rwanda pen=1.0 phi=0.0 flat
390,1360,300,160,True,1.31821,True,0.000297861,2.2763e-05,rwanda pen=1.0 phi=0.0 flat
390,1380,300,160,True,1.32545,True,0.000246124,1.88091e-05,rwanda pen=1.0 phi=0.0 flat
390,1400,300,160,True,1.33269,True,0.000202115,1.5446e-05,rwanda pen=1.0 phi=0.0 flat
395,0,300,160,True,1.63169,False,0.524336,0.500252,rwanda pen=1.0 phi=0.0 flat
395,20,300,160,True,1.56378,False,0.511216,0.478213,rwanda pen=1.0 phi=0.0 flat
395,40,300,160,True,1.50246,False,0.498185,0.456253,rwanda pen=1.0 phi=0.0 flat
395,60,300,160,True,1.44672,False,0.485236,0.434319,rwanda pen=1.0 phi=0.0 flat
395,80,300,160,True,1.39581,False,0.47232,0.41239,rwanda pen=1.0 phi=0.0 flat
395,100,300,160,True,1.34914,False,0.459404,0.390462,rwanda pen=1.0 phi=0.0 flat
395,120,300,160,True,1.30618,False,0.446487,0.368534,rwanda pen=1.0 phi=0.0 flat
395,140,300,160,True,1.26652,False,0.433571,0.346607,rwanda pen=1.0 phi=0.0 flat
395,160,300,160,True,1.22979,False,0.420654,0.32468,rwanda pen=1.0 phi=0.0 flat
395,180,300,160,True,1.19567,False,0.407737,0.302754,rwanda pen=1.0 phi=0.0 flat
395,200,300,160,True,1.1639,False,0.39482,0.280827,rwanda pen=1.0 phi=0.0 flat
395,220,300,160,True,1.13438,False,0.381903,0.258933,rwanda pen=1.0 phi=0.0 flat
395,240,300,160,True,1.10819,False,0.368987,0.237391,rwanda pen=1.0 phi=0.0 flat
395,260,300,160,True,1.08701,False,0.356102,0.216785,rwanda pen=1.0 phi=0.0 flat
395,280,300,160,True,1.07037,False,0.34322,0.197246,rwanda pen=1.0 phi=0.0 flat
395,300,300,160,True,1.0573,False,0.330336,0.178743,rwanda pen=1.0 phi=0.0 flat
395,320,300,160,True,1.04712,False,0.317484,0.161254,rwanda pen=1.0 phi=0.0 flat
395,340,300,160,True,1.0393,False,0.304632,0.144746,rwanda pen=1.0 phi=0.0 flat
395,360,300,160,True,1.03343,False,0.291779,0.129198,rwanda pen=1.0 phi=0.0 flat
395,380,300,160,True,1.02929,False,0.278934,0.114648,rwanda pen=1.0 phi=0.0 flat
395,400,300,160,True,1.0268,False,0.266058,0.101245,rwanda pen=1.0 phi=0.0 flat
395,420,300,160,True,1.026,False,0.25314,0.0892094,rwanda pen=1.0 phi=0.0 flat
395,440,300,160,True,1.02679,False,0.240089,0.0786011,rwanda pen=1.0 phi=0.0 flat
395,460,300,160,True,1.02887,False,0.226881,0.0692702,rwanda pen=1.0 phi=0.0 flat
395,480,300,160,True,1.03181,False,0.213473,0.0608891,rwanda pen=1.0 phi=0.0 flat
395,500,300,160,True,1.03532,False,0.199877,0.053221,rwanda pen=1.0 phi=0.0 flat
395,520,300,160,True,1.03923,False,0.186193,0.0461513,rwanda pen=1.0 phi=0.0 flat
395,540,300,160,True,1.04353,False,0.172412,0.0396951,rwanda pen=1.0 phi=0.0 flat
395,560,300,160,True,1.04817,False,0.158575,0.0338081,rwanda pen=1.0 phi=0.0 flat
395,580,300,160,True,1.05313,False,0.144659,0.0285074,rwanda pen=1.0 phi=0.0 flat
395,600,300,160,True,1.05836,False,0.130601,0.0237402,rwanda pen=1.0 phi=0.0 flat
395,620,300,160,True,1.06388,False,0.11655,0.0195357,rwanda pen=1.0 phi=0.0 flat
395,640,300,160,True,1.06963,False,0.102586,0.0158405,rwanda pen=1.0 phi=0.0 flat
395,660,300,160,True,1.07563,False,0.0886555,0.0126985,rwanda pen=1.0 phi=0.0 flat
395,680,300,160,True,1.08182,False,0.0747508,0.0100113,rwanda pen=1.0 phi=0.0 flat
395,700,300,160,True,1.08823,False,0.0611614,0.00784095,rwanda pen=1.0 phi=0.0 flat
395,720,300,160,True,1.09479,True,0.0484203,0.00605914,rwanda pen=1.0 phi=0.0 flat
395,740,300,160,True,1.10152,True,0.0375123,0.00470489,rwanda pen=1.0 phi=0.0 flat
395,760,300,160,True,1.10839,True,0.0290932,0.00373327,rwanda pen=1.0 phi=0.0 flat
395,780,300,160,True,1.11536,True,0.0232133,0.00303758,rwanda pen=1.0 phi=0.0 flat
395,800,300,160,True,1.12243,True,0.0195313,0.00257498,rwanda pen=1.0 phi=0.0 flat
395,820,300,160,True,1.12953,True,0.0169128,0.00223052,rwanda pen=1.0 phi=0.0 flat
395,840,300,160,True,1.13667,True,0.0149615,0.00195549,rwanda pen=1.0 phi=0.0 flat
395,860,300,160,True,1.14382,True,0.0135124,0.00172665,rwanda pen=1.0 phi=0.0 flat
395,880,300,160,True,1.15098,True,0.0123608,0.00153325,rwanda pen=1.0 phi=0.0 flat
395,900,300,160,True,1.15815,True,0.0112424,0.00135744,rwanda pen=1.0 phi=0.0 flat
395,920,300,160,True,1.16533,True,0.010253,0.00119934,rwanda pen=1.0 phi=0.0 flat
395,940,300,160,True,1.17252,True,0.00936888,0.00106348,rwanda pen=1.0 phi=0.0 flat
395,960,300,160,True,1.17971,True,0.00849024,0.000936212,rwanda pen=1.0 phi=0.0 flat
395,980,300,160,True,1.1869,True,0.00762555,0.000816914,rwanda pen=1.0 phi=0.0 flat
395,1000,300,160,True,1.1941,True,0.00681718,0.000712599,rwanda pen=1.0 phi=0.0 flat
395,1020,300,160,True,1.20131,True,0.006026,0.000615745,rwanda pen=1.0 phi=0.0 flat
395,1040,300,160,True,1.20851,True,0.00523684,0.000526872,rwanda pen=1.0 phi=0.0 flat
395,1060,300,160,True,1.21572,True,0.0045358,0.000449221,rwanda pen=1.0 phi=0.0 flat
395,1080,300,160,True,1.22294,True,0.00392258,0.00037882,rwanda pen=1.0 phi=0.0 flat
395,1100,300,160,True,1.23015,True,0.00337878,0.000317977,rwanda pen=1.0 phi=0.0 flat
395,1120,300,160,True,1.23737,True,0.00288895,0.00026373,rwanda pen=1.0 phi=0.0 flat
395,1140,300,160,True,1.24459,True,0.00245722,0.000216629,rwanda pen=1.0 phi=0.0 flat
395,1160,300,160,True,1.25182,True,0.00211759,0.000180403,rwanda pen=1.0 phi=0.0 flat
395,1180,300,160,True,1.25905,True,0.00184657,0.000152368,rwanda pen=1.0 phi=0.0 flat
395,1200,300,160,True,1.26628,True,0.00158259,0.000126242,rwanda pen=1.0 phi=0.0 flat
395,1220,300,160,True,1.27351,True,0.0013186,0.000102704,rwanda pen=1.0 phi=0.0 flat
395,1240,300,160,True,1.28075,True,0.00108682,8.30567e-05,rwanda pen=1.0 phi=0.0 flat
395,1260,300,160,True,1.28798,True,0.000866811,6.6243e-05,rwanda pen=1.0 phi=0.0 flat
395,1280,300,160,True,1.29522,True,0.000669307,5.11495e-05,rwanda pen=1.0 phi=0.0 flat
395,1300,300,160,True,1.30246,True,0.000493291,3.7698e-05,rwanda pen=1.0 phi=0.0 flat
395,1320,300,160,True,1.30969,True,0.000317275,2.42466e-05,rwanda pen=1.0 phi=0.0 flat
395,1340,300,160,True,1.31693,True,0.00016189,1.23719e-05,rwanda pen=1.0 phi=0.0 flat
395,1360,300,160,True,1.32417,True,0.000107602,8.2231e-06,rwanda pen=1.0 phi=0.0 flat
395,1380,300,160,True,1.33141,True,6.35937e-05,4.85993e-06,rwanda pen=1.0 phi=0.0 flat
395,1400,300,160,True,1.33865,True,1.95854e-05,1.49675e-06,rwanda pen=1.0 phi=0.0 flat
400,0,300,160,True,1.64159,False,0.523534,0.499619,rwanda pen=1.0 phi=0.0 flat
400,20,300,160,True,1.57326,False,0.510414,0.477582,rwanda pen=1.0 phi=0.0 flat
400,40,300,160,True,1.51156,False,0.497382,0.455623,rwanda pen=1.0 phi=0.0 flat
400,60,300,160,True,1.45546,False,0.484434,0.433689,rwanda pen=1.0 phi=0.0 flat
400,80,300,160,True,1.40422,False,0.471517,0.411761,rwanda pen=1.0 phi=0.0 flat
400,100,300,160,True,1.35724,False,0.458601,0.389833,rwanda pen=1.0 phi=0.0 flat
400,120,300,160,True,1.31399,False,0.445684,0.367905,rwanda pen=1.0 phi=0.0 flat
400,140,300,160,True,1.27407,False,0.432768,0.345978,rwanda pen=1.0 phi=0.0 flat
400,160,300,160,True,1.23708,False,0.419851,0.324051,rwanda pen=1.0 phi=0.0 flat
400,180,300,160,True,1.20273,False,0.406934,0.302125,rwanda pen=1.0 phi=0.0 flat
400,200,300,160,True,1.17074,False,0.394017,0.280198,rwanda pen=1.0 phi=0.0 flat
400,220,300,160,True,1.14102,False,0.381101,0.258305,rwanda pen=1.0 phi=0.0 flat
400,240,300,160,True,1.11467,False,0.368184,0.23677,rwanda pen=1.0 phi=0.0 flat
400,260,300,160,True,1.09338,False,0.355289,0.216175,rwanda pen=1.0 phi=0.0 flat
400,280,300,160,True,1.07664,False,0.342407,0.196648,rwanda pen=1.0 phi=0.0 flat
400,300,300,160,True,1.06349,False,0.329524,0.178157,rwanda pen=1.0 phi=0.0 flat
400,320,300,160,True,1.05324,False,0.316654,0.160681,rwanda pen=1.0 phi=0.0 flat
400,340,300,160,True,1.04536,False,0.303803,0.144187,rwanda pen=1.0 phi=0.0 flat
400,360,300,160,True,1.03945,False,0.29095,0.128654,rwanda pen=1.0 phi=0.0 flat
400,380,300,160,True,1.03527,False,0.278085,0.114123,rwanda pen=1.0 phi=0.0 flat
400,400,300,160,True,1.03275,False,0.265201,0.100741,rwanda pen=1.0 phi=0.0 flat
400,420,300,160,True,1.03194,False,0.252243,0.0887325,rwanda pen=1.0 phi=0.0 flat
400,440,300,160,True,1.03272,False,0.23917,0.0781506,rwanda pen=1.0 phi=0.0 flat
400,460,300,160,True,1.0348,False,0.225944,0.0688439,rwanda pen=1.0 phi=0.0 flat
400,480,300,160,True,1.03773,False,0.212524,0.0604771,rwanda pen=1.0 phi=0.0 flat
400,500,300,160,True,1.04122,False,0.198896,0.0528178,rwanda pen=1.0 phi=0.0 flat
400,520,300,160,True,1.04512,False,0.18515,0.0457554,rwanda pen=1.0 phi=0.0 flat
400,540,300,160,True,1.04942,False,0.171307,0.0393028,rwanda pen=1.0 phi=0.0 flat
400,560,300,160,True,1.05404,False,0.157405,0.0334162,rwanda pen=1.0 phi=0.0 flat
400,580,300,160,True,1.05898,False,0.143442,0.0281148,rwanda pen=1.0 phi=0.0 flat
400,600,300,160,True,1.06422,False,0.129342,0.0233579,rwanda pen=1.0 phi=0.0 flat
400,620,300,160,True,1.06973,False,0.115178,0.019161,rwanda pen=1.0 phi=0.0 flat
400,640,300,160,True,1.07547,False,0.101097,0.0154662,rwanda pen=1.0 phi=0.0 flat
400,660,300,160,True,1.08147,False,0.0870473,0.0123282,rwanda pen=1.0 phi=0.0 flat
400,680,300,160,True,1.08766,False,0.0730939,0.00965333,rwanda pen=1.0 phi=0.0 flat
400,700,300,160,True,1.09407,False,0.0594841,0.00750307,rwanda pen=1.0 phi=0.0 flat
400,720,300,160,True,1.10064,True,0.0467415,0.00574657,rwanda pen=1.0 phi=0.0 flat
400,740,300,160,True,1.10738,True,0.0358829,0.00441888,rwanda pen=1.0 phi=0.0 flat
400,760,300,160,True,1.11425,True,0.0274789,0.00346414,rwanda pen=1.0 phi=0.0 flat
400,780,300,160,True,1.12123,True,0.0216179,0.00278546,rwanda pen=1.0 phi=0.0 flat
400,800,300,160,True,1.12831,True,0.0180296,0.00234756,rwanda pen=1.0 phi=0.0 flat
400,820,300,160,True,1.13542,True,0.0154399,0.00201721,rwanda pen=1.0 phi=0.0 flat
400,840,300,160,True,1.14256,True,0.0135877,0.00175568,rwanda pen=1.0 phi=0.0 flat
400,860,300,160,True,1.14972,True,0.012312,0.00155165,rwanda pen=1.0 phi=0.0 flat
400,880,300,160,True,1.15689,True,0.0111759,0.00137242,rwanda pen=1.0 phi=0.0 flat
400,900,300,160,True,1.16406,True,0.010141,0.00120793,rwanda pen=1.0 phi=0.0 flat
400,920,300,160,True,1.17125,True,0.00924204,0.00106661,rwanda pen=1.0 phi=0.0 flat
400,940,300,160,True,1.17844,True,0.00836345,0.000936495,rwanda pen=1.0 phi=0.0 flat
400,960,300,160,True,1.18563,True,0.00748539,0.000815777,rwanda pen=1.0 phi=0.0 flat
400,980,300,160,True,1.19283,True,0.0066504,0.000707761,rwanda pen=1.0 phi=0.0 flat
400,1000,300,160,True,1.20003,True,0.0058153,0.000606958,rwanda pen=1.0 phi=0.0 flat
400,1020,300,160,True,1.20723,True,0.00503141,0.000515239,rwanda pen=1.0 phi=0.0 flat
400,1040,300,160,True,1.21444,True,0.00431331,0.000436823,rwanda pen=1.0 phi=0.0 flat
400,1060,300,160,True,1.22166,True,0.00369223,0.000365821,rwanda pen=1.0 phi=0.0 flat
400,1080,300,160,True,1.22887,True,0.00316451,0.000305458,rwanda pen=1.0 phi=0.0 flat
400,1100,300,160,True,1.23609,True,0.00269548,0.0002528,rwanda pen=1.0 phi=0.0 flat
400,1120,300,160,True,1.24332,True,0.00228609,0.000206228,rwanda pen=1.0 phi=0.0 flat
400,1140,300,160,True,1.25054,True,0.00195215,0.000170659,rwanda pen=1.0 phi=0.0 flat
400,1160,300,160,True,1.25778,True,0.00168817,0.000143759,rwanda pen=1.0 phi=0.0 flat
400,1180,300,160,True,1.26501,True,0.0014242,0.00011686,rwanda pen=1.0 phi=0.0 flat
400,1200,300,160,True,1.27224,True,0.00116201,9.25608e-05,rwanda pen=1.0 phi=0.0 flat
400,1220,300,160,True,1.27947,True,0.00094201,7.23849e-05,rwanda pen=1.0 phi=0.0 flat
400,1240,300,160,True,1.28671,True,0.000721998,5.51762e-05,rwanda pen=1.0 phi=0.0 flat
400,1260,300,160,True,1.29394,True,0.000536994,4.10379e-05,rwanda pen=1.0 phi=0.0 flat
400,1280,300,160,True,1.30118,True,0.000360977,2.75864e-05,rwanda pen=1.0 phi=0.0 flat
400,1300,300,160,True,1.30841,True,0.000184961,1.4135e-05,rwanda pen=1.0 phi=0.0 flat
400,1320,300,160,True,1.31565,True,4.88914e-05,3.73635e-06,rwanda pen=1.0 phi=0.0 flat
400,1340,300,160,True,1.32289,True,1.15713e-18,5.70125e-19,rwanda pen=1.0 phi=0.0 flat
400,1360,300,160,True,1.33013,True,1.15713e-18,5.70125e-19,rwanda pen=1.0 phi=0.0 flat
400,1380,300,160,True,1.33738,True,1.15713e-18,5.70125e-19,rwanda pen=1.0 phi=0.0 flat
400,1400,300,160,True,1.34462,True,1.15713e-18,5.70125e-19,rwanda pen=1.0 phi=0.0 flat
20,0,300,100,True,2.50985,False,0.831713,0.742137,kenya pen=0.5 phi=0.5 tou
20,20,300,100,True,2.31414,False,0.829655,0.722636,kenya pen=0.5 phi=0.5 tou
20,40,300,100,True,2.32777,False,0.829655,0.720686,kenya pen=0.5 phi=0.5 tou
20,60,300,100,True,2.37256,False,0.829655,0.720677,kenya pen=0.5 phi=0.5 tou
20,80,300,100,True,2.4174,False,0.829655,0.72067,kenya pen=0.5 phi=0.5 tou
20,100,300,100,True,2.46223,False,0.829655,0.720662,kenya pen=0.5 phi=0.5 tou
20,120,300,100,True,2.50705,False,0.829655,0.720655,kenya pen=0.5 phi=0.5 tou
20,140,300,100,True,2.55188,False,0.829655,0.720648,kenya pen=0.5 phi=0.5 tou
20,160,300,100,True,2.5967,False,0.829655,0.720641,kenya pen=0.5 phi=0.5 tou
20,180,300,100,True,2.64151,False,0.829655,0.720634,kenya pen=0.5 phi=0.5 tou
20,200,300,100,True,2.68633,False,0.829655,0.720627,kenya pen=0.5 phi=0.5 tou
20,220,300,100,True,2.73114,False,0.829655,0.72062,kenya pen=0.5 phi=0.5 tou
20,240,300,100,True,2.77594,False,0.829655,0.720613,kenya pen=0.5 phi=0.5 tou
20,260,300,100,True,2.82075,False,0.829655,0.720606,kenya pen=0.5 phi=0.5 tou
20,280,300,100,True,2.86555,False,0.829655,0.720598,kenya pen=0.5 phi=0.5 tou
20,300,300,100,True,2.91034,False,0.829655,0.720591,kenya pen=0.5 phi=0.5 tou
20,320,300,100,True,2.95513,False,0.829655,0.720584,kenya pen=0.5 phi=0.5 tou
20,340,300,100,True,2.99992,False,0.829655,0.720577,kenya pen=0.5 phi=0.5 tou
20,360,300,100,True,3.04471,False,0.829655,0.72057,kenya pen=0.5 phi=0.5 tou
20,380,300,100,True,3.08949,False,0.829655,0.720563,kenya pen=0.5 phi=0.5 tou
20,400,300,100,True,3.13427,False,0.829655,0.720556,kenya pen=0.5 phi=0.5 tou
20,420,300,100,True,3.17904,False,0.829655,0.720549,kenya pen=0.5 phi=0.5 tou
20,440,300,100,True,3.22381,False,0.829655,0.720541,kenya pen=0.5 phi=0.5 tou
20,460,300,100,True,3.26858,False,0.829655,0.720534,kenya pen=0.5 phi=0.5 tou
20,480,300,100,True,3.31334,False,0.829655,0.720527,kenya pen=0.5 phi=0.5 tou
20,500,300,100,True,3.3581,False,0.829655,0.72052,kenya pen=0.5 phi=0.5 tou
20,520,300,100,True,3.40286,False,0.829655,0.720513,kenya pen=0.5 phi=0.5 tou
20,540,300,100,True,3.44761,False,0.829655,0.720506,kenya pen=0.5 phi=0.5 tou
20,560,300,100,True,3.49236,False,0.829655,0.720499,kenya pen=0.5 phi=0.5 tou
20,580,300,100,True,3.53711,False,0.829655,0.720492,kenya pen=0.5 phi=0.5 tou
20,600,300,100,True,3.58185,False,0.829655,0.720484,kenya pen=0.5 phi=0.5 tou
20,620,300,100,True,3.62659,False,0.829655,0.720477,kenya pen=0.5 phi=0.5 tou
20,640,300,100,True,3.67133,False,0.829655,0.72047,kenya pen=0.5 phi=0.5 tou
20,660,300,100,True,3.71606,False,0.829655,0.720463,kenya pen=0.5 phi=0.5 tou
20,680,300,100,True,3.76079,False,0.829655,0.720456,kenya pen=0.5 phi=0.5 tou
20,700,300,100,True,3.80551,False,0.829655,0.720449,kenya pen=0.5 phi=0.5 tou
20,720,300,100,True,3.85024,False,0.829655,0.720442,kenya pen=0.5 phi=0.5 tou
20,740,300,100,True,3.89495,False,0.829655,0.720435,kenya pen=0.5 phi=0.5 tou
20,760,300,100,True,3.93967,False,0.829655,0.720428,kenya pen=0.5 phi=0.5 tou
20,780,300,100,True,3.98438,False,0.829655,0.72042,kenya pen=0.5 phi=0.5 tou
20,800,300,100,True,4.02909,False,0.829655,0.720413,kenya pen=0.5 phi=0.5 tou
20,820,300,100,True,4.07379,False,0.829655,0.720406,kenya pen=0.5 phi=0.5 tou
20,840,300,100,True,4.11849,False,0.829655,0.720399,kenya pen=0.5 phi=0.5 tou
20,860,300,100,True,4.16319,False,0.829655,0.720392,kenya pen=0.5 phi=0.5 tou
20,880,300,100,True,4.20788,False,0.829655,0.720385,kenya pen=0.5 phi=0.5 tou
20,900,300,100,True,4.25257,False,0.829655,0.720378,kenya pen=0.5 phi=0.5 tou
20,920,300,100,True,4.29726,False,0.829655,0.720371,kenya pen=0.5 phi=0.5 tou
20,940,300,100,True,4.34194,False,0.829655,0.720363,kenya pen=0.5 phi=0.5 tou
20,960,300,100,True,4.38662,False,0.829655,0.720356,kenya pen=0.5 phi=0.5 tou
20,980,300,100,True,4.4313,False,0.829655,0.720349,kenya pen=0.5 phi=0.5 tou
20,1000,300,100,True,4.47597,False,0.829655,0.720342,kenya pen=0.5 phi=0.5 tou
20,1020,300,100,True,4.52064,False,0.829655,0.720335,kenya pen=0.5 phi=0.5 tou
20,1040,300,100,True,4.56531,False,0.829655,0.720328,kenya pen=0.5 phi=0.5 tou
20,1060,300,100,True,4.60997,False,0.829655,0.720321,kenya pen=0.5 phi=0.5 tou
20,1080,300,100,True,4.65463,False,0.829655,0.720314,kenya pen=0.5 phi=0.5 tou
20,1100,300,100,True,4.69928,False,0.829655,0.720306,kenya pen=0.5 phi=0.5 tou
20,1120,300,100,True,4.74393,False,0.829655,0.720299,kenya pen=0.5 phi=0.5 tou
20,1140,300,100,True,4.78858,False,0.829655,0.720292,kenya pen=0.5 phi=0.5 tou
20,1160,300,100,True,4.83323,False,0.829655,0.720285,kenya pen=0.5 phi=0.5 tou
20,1180,300,100,True,4.87787,False,0.829655,0.720278,kenya pen=0.5 phi=0.5 tou
20,1200,300,100,True,4.92251,False,0.829655,0.720271,kenya pen=0.5 phi=0.5 tou
20,1220,300,100,True,4.96714,False,0.829655,0.720264,kenya pen=0.5 phi=0.5 tou
20,1240,300,100,True,5.01177,False,0.829655,0.720257,kenya pen=0.5 phi=0.5 tou
20,1260,300,100,True,5.0564,False,0.829655,0.720249,kenya pen=0.5 phi=0.5 tou
20,1280,300,100,True,5.10102,False,0.829655,0.720242,kenya pen=0.5 phi=0.5 tou
20,1300,300,100,True,5.14564,False,0.829655,0.720235,kenya pen=0.5 phi=0.5 tou
20,1320,300,100,True,5.19026,False,0.829655,0.720228,kenya pen=0.5 phi=0.5 tou
20,1340,300,100,True,5.23487,False,0.829655,0.720221,kenya pen=0.5 phi=0.5 tou
20,1360,300,100,True,5.27948,False,0.829655,0.720214,kenya pen=0.5 phi=0.5 tou
20,1380,300,100,True,5.32409,False,0.829655,0.720207,kenya pen=0.5 phi=0.5 tou
20,1400,300,100,True,5.36869,False,0.829655,0.7202,kenya pen=0.5 phi=0.5 tou
25,0,300,100,True,2.1797,False,0.792975,0.693425,kenya pen=0.5 phi=0.5 tou
25,20,300,100,True,1.98191,False,0.787402,0.664253,kenya pen=0.5 phi=0.5 tou
25,40,300,100,True,1.92101,False,0.787402,0.654085,kenya pen=0.5 phi=0.5 tou
25,60,300,100,True,1.93883,False,0.787402,0.652436,kenya pen=0.5 phi=0.5 tou
25,80,300,100,True,1.9748,False,0.787402,0.652419,kenya pen=0.5 phi=0.5 tou
25,100,300,100,True,2.01088,False,0.787402,0.652412,kenya pen=0.5 phi=0.5 tou
25,120,300,100,True,2.04697,False,0.787402,0.652405,kenya pen=0.5 phi=0.5 tou
25,140,300,100,True,2.08305,False,0.787402,0.652398,kenya pen=0.5 phi=0.5 tou
25,160,300,100,True,2.11912,False,0.787402,0.652391,kenya pen=0.5 phi=0.5 tou
25,180,300,100,True,2.1552,False,0.787402,0.652384,kenya pen=0.5 phi=0.5 tou
25,200,300,100,True,2.19127,False,0.787402,0.652377,kenya pen=0.5 phi=0.5 tou
25,220,300,100,True,2.22734,False,0.787402,0.65237,kenya pen=0.5 phi=0.5 tou
25,240,300,100,True,2.26341,False,0.787402,0.652362,kenya pen=0.5 phi=0.5 tou
25,260,300,100,True,2.29948,False,0.787402,0.652355,kenya pen=0.5 phi=0.5 tou
25,280,300,100,True,2.33554,False,0.787402,0.652348,kenya pen=0.5 phi=0.5 tou
25,300,300,100,True,2.3716,False,0.787402,0.652341,kenya pen=0.5 phi=0.5 tou
25,320,300,100,True,2.40766,False,0.787402,0.652334,kenya pen=0.5 phi=0.5 tou
25,340,300,100,True,2.44372,False,0.787402,0.652327,kenya pen=0.5 phi=0.5 tou
25,360,300,100,True,2.47977,False,0.787402,0.65232,kenya pen=0.5 phi=0.5 tou
25,380,300,100,True,2.51583,False,0.787402,0.652313,kenya pen=0.5 phi=0.5 tou
25,400,300,100,True,2.55188,False,0.787402,0.652305,kenya pen=0.5 phi=0.5 tou
25,420,300,100,True,2.58793,False,0.787402,0.652298,kenya pen=0.5 phi=0.5 tou
25,440,300,100,True,2.62397,False,0.787402,0.652291,kenya pen=0.5 phi=0.5 tou
25,460,300,100,True,2.66001,False,0.787402,0.652284,kenya pen=0.5 phi=0.5 tou
25,480,300,100,True,2.69606,False,0.787402,0.652277,kenya pen=0.5 phi=0.5 tou
25,500,300,100,True,2.7321,False,0.787402,0.65227,kenya pen=0.5 phi=0.5 tou
25,520,300,100,True,2.76813,False,0.787402,0.652263,kenya pen=0.5 phi=0.5 tou
25,540,300,100,True,2.80417,False,0.787402,0.652256,kenya pen=0.5 phi=0.5 tou
25,560,300,100,True,2.8402,False,0.787402,0.652248,kenya pen=0.5 phi=0.5 tou
25,580,300,100,True,2.87623,False,0.787402,0.652241,kenya pen=0.5 phi=0.5 tou
25,600,300,100,True,2.91226,False,0.787402,0.652234,kenya pen=0.5 phi=0.5 tou
25,620,300,100,True,2.94828,False,0.787402,0.652227,kenya pen=0.5 phi=0.5 tou
25,640,300,100,True,2.9843,False,0.787402,0.65222,kenya pen=0.5 phi=0.5 tou
25,660,300,100,True,3.02032,False,0.787402,0.652213,kenya pen=0.5 phi=0.5 tou
25,680,300,100,True,3.05634,False,0.787402,0.652206,kenya pen=0.5 phi=0.5 tou
25,700,300,100,True,3.09236,False,0.787402,0.652199,kenya pen=0.5 phi=0.5 tou
25,720,300,100,True,3.12837,False,0.787402,0.652192,kenya pen=0.5 phi=0.5 tou
25,740,300,100,True,3.16438,False,0.787402,0.652184,kenya pen=0.5 phi=0.5 tou
25,760,300,100,True,3.20039,False,0.787402,0.652177,kenya pen=0.5 phi=0.5 tou
25,780,300,100,True,3.2364,False,0.787402,0.65217,kenya pen=0.5 phi=0.5 tou
25,800,300,100,True,3.27241,False,0.787402,0.652163,kenya pen=0.5 phi=0.5 tou
25,820,300,100,True,3.30841,False,0.787402,0.652156,kenya pen=0.5 phi=0.5 tou
25,840,300,100,True,3.34441,False,0.787402,0.652149,kenya pen=0.5 phi=0.5 tou
25,860,300,100,True,3.38041,False,0.787402,0.652142,kenya pen=0.5 phi=0.5 tou
25,880,300,100,True,3.4164,False,0.787402,0.652135,kenya pen=0.5 phi=0.5 tou
25,900,300,100,True,3.4524,False,0.787402,0.652127,kenya pen=0.5 phi=0.5 tou
25,920,300,100,True,3.48839,False,0.787402,0.65212,kenya pen=0.5 phi=0.5 tou
25,940,300,100,True,3.52438,False,0.787402,0.652113,kenya pen=0.5 phi=0.5 tou
25,960,300,100,True,3.56036,False,0.787402,0.652106,kenya pen=0.5 phi=0.5 tou
25,980,300,100,True,3.59635,False,0.787402,0.652099,kenya pen=0.5 phi=0.5 tou
25,1000,300,100,True,3.63233,False,0.787402,0.652092,kenya pen=0.5 phi=0.5 tou
25,1020,300,100,True,3.66831,False,0.787402,0.652085,kenya pen=0.5 phi=0.5 tou
25,1040,300,100,True,3.70429,False,0.787402,0.652078,kenya pen=0.5 phi=0.5 tou
25,1060,300,100,True,3.74026,False,0.787402,0.65207,kenya pen=0.5 phi=0.5 tou
25,1080,300,100,True,3.77623,False,0.787402,0.652063,kenya pen=0.5 phi=0.5 tou
25,1100,300,100,True,3.8122,False,0.787402,0.652056,kenya pen=0.5 phi=0.5 tou
25,1120,300,100,True,3.84817,False,0.787402,0.652049,kenya pen=0.5 phi=0.5 tou
25,1140,300,100,True,3.88414,False,0.787402,0.652042,kenya pen=0.5 phi=0.5 tou
25,1160,300,100,True,3.9201,False,0.787402,0.652035,kenya pen=0.5 phi=0.5 tou
25,1180,300,100,True,3.95607,False,0.787402,0.652028,kenya pen=0.5 phi=0.5 tou
25,1200,300,100,True,3.99202,False,0.787402,0.652021,kenya pen=0.5 phi=0.5 tou
25,1220,300,100,True,4.02798,False,0.787402,0.652014,kenya pen=0.5 phi=0.5 tou
25,1240,300,100,True,4.06394,False,0.787402,0.652006,kenya pen=0.5 phi=0.5 tou
25,1260,300,100,True,4.09989,False,0.787402,0.651999,kenya pen=0.5 phi=0.5 tou
25,1280,300,100,True,4.13584,False,0.787402,0.651992,kenya pen=0.5 phi=0.5 tou
25,1300,300,100,True,4.17179,False,0.787402,0.651985,kenya pen=0.5 phi=0.5 tou
25,1320,300,100,True,4.20773,False,0.787402,0.651978,kenya pen=0.5 phi=0.5 tou
25,1340,300,100,True,4.24368,False,0.787402,0.651971,kenya pen=0.5 phi=0.5 tou
25,1360,300,100,True,4.27962,False,0.787402,0.651964,kenya pen=0.5 phi=0.5 tou
25,1380,300,100,True,4.31556,False,0.787402,0.651957,kenya pen=0.5 phi=0.5 tou
25,1400,300,100,True,4.35149,False,0.787402,0.651949,kenya pen=0.5 phi=0.5 tou
30,0,300,100,True,1.97672,False,0.756803,0.651351,kenya pen=0.5 phi=0.5 tou
30,20,300,100,True,1.79153,False,0.745625,0.614946,kenya pen=0.5 phi=0.5 tou
30,40,300,100,True,1.69873,False,0.745406,0.595815,kenya pen=0.5 phi=0.5 tou
30,60,300,100,True,1.66645,False,0.745406,0.586954,kenya pen=0.5 phi=0.5 tou
30,80,300,100,True,1.68021,False,0.745406,0.584873,kenya pen=0.5 phi=0.5 tou
30,100,300,100,True,1.71011,False,0.745406,0.584826,kenya pen=0.5 phi=0.5 tou
30,120,300,100,True,1.74035,False,0.745406,0.584819,kenya pen=0.5 phi=0.5 tou
30,140,300,100,True,1.77059,False,0.745406,0.584812,kenya pen=0.5 phi=0.5 tou
30,160,300,100,True,1.80084,False,0.745406,0.584805,kenya pen=0.5 phi=0.5 tou
30,180,300,100,True,1.83108,False,0.745406,0.584798,kenya pen=0.5 phi=0.5 tou
30,200,300,100,True,1.86132,False,0.745406,0.58479,kenya pen=0.5 phi=0.5 tou
30,220,300,100,True,1.89155,False,0.745406,0.584783,kenya pen=0.5 phi=0.5 tou
30,240,300,100,True,1.92179,False,0.745406,0.584776,kenya pen=0.5 phi=0.5 tou
30,260,300,100,True,1.95202,False,0.745406,0.584769,kenya pen=0.5 phi=0.5 tou
30,280,300,100,True,1.98226,False,0.745406,0.584762,kenya pen=0.5 phi=0.5 tou
30,300,300,100,True,2.01249,False,0.745406,0.584755,kenya pen=0.5 phi=0.5 tou
30,320,300,100,True,2.04272,False,0.745406,0.584748,kenya pen=0.5 phi=0.5 tou
30,340,300,100,True,2.07294,False,0.745406,0.584741,kenya pen=0.5 phi=0.5 tou
30,360,300,100,True,2.10317,False,0.745406,0.584733,kenya pen=0.5 phi=0.5 tou
30,380,300,100,True,2.1334,False,0.745406,0.584726,kenya pen=0.5 phi=0.5 tou
30,400,300,100,True,2.16362,False,0.745406,0.584719,kenya pen=0.5 phi=0.5 tou
30,420,300,100,True,2.19384,False,0.745406,0.584712,kenya pen=0.5 phi=0.5 tou
30,440,300,100,True,2.22406,False,0.745406,0.584705,kenya pen=0.5 phi=0.5 tou
30,460,300,100,True,2.25428,False,0.745406,0.584698,kenya pen=0.5 phi=0.5 tou
30,480,300,100,True,2.28449,False,0.745406,0.584691,kenya pen=0.5 phi=0.5 tou
30,500,300,100,True,2.31471,False,0.745406,0.584684,kenya pen=0.5 phi=0.5 tou
30,520,300,100,True,2.34492,False,0.745406,0.584676,kenya pen=0.5 phi=0.5 tou
30,540,300,100,True,2.37513,False,0.745406,0.584669,kenya pen=0.5 phi=0.5 tou
30,560,300,100,True,2.40534,False,0.745406,0.584662,kenya pen=0.5 phi=0.5 tou
30,580,300,100,True,2.43555,False,0.745406,0.584655,kenya pen=0.5 phi=0.5 tou
30,600,300,100,True,2.46576,False,0.745406,0.584648,kenya pen=0.5 phi=0.5 tou
30,620,300,100,True,2.49597,False,0.745406,0.584641,kenya pen=0.5 phi=0.5 tou
30,640,300,100,True,2.52617,False,0.745406,0.584634,kenya pen=0.5 phi=0.5 tou
30,660,300,100,True,2.55637,False,0.745406,0.584627,kenya pen=0.5 phi=0.5 tou
30,680,300,100,True,2.58657,False,0.745406,0.584619,kenya pen=0.5 phi=0.5 tou
30,700,300,100,True,2.61677,False,0.745406,0.584612,kenya pen=0.5 phi=0.5 tou
30,720,300,100,True,2.64697,False,0.745406,0.584605,kenya pen=0.5 phi=0.5 tou
30,740,300,100,True,2.67716,False,0.745406,0.584598,kenya pen=0.5 phi=0.5 tou
30,760,300,100,True,2.70736,False,0.745406,0.584591,kenya pen=0.5 phi=0.5 tou
30,780,300,100,True,2.73755,False,0.745406,0.584584,kenya pen=0.5 phi=0.5 tou
30,800,300,100,True,2.76774,False,0.745406,0.584577,kenya pen=0.5 phi=0.5 tou
30,820,300,100,True,2.79793,False,0.745406,0.58457,kenya pen=0.5 phi=0.5 tou
30,840,300,100,True,2.82812,False,0.745406,0.584563,kenya pen=0.5 phi=0.5 tou
30,860,300,100,True,2.8583,False,0.745406,0.584555,kenya pen=0.5 phi=0.5 tou
30,880,300,100,True,2.88849,False,0.745406,0.584548,kenya pen=0.5 phi=0.5 tou
30,900,300,100,True,2.91867,False,0.745406,0.584541,kenya pen=0.5 phi=0.5 tou
30,920,300,100,True,2.94885,False,0.745406,0.584534,kenya pen=0.5 phi=0.5 tou
30,940,300,100,True,2.97903,False,0.745406,0.584527,kenya pen=0.5 phi=0.5 tou
30,960,300,100,True,3.00921,False,0.745406,0.58452,kenya pen=0.5 phi=0.5 tou
30,980,300,100,True,3.03939,False,0.745406,0.584513,kenya pen=0.5 phi=0.5 tou
30,1000,300,100,True,3.06956,False,0.745406,0.584506,kenya pen=0.5 phi=0.5 tou
30,1020,300,100,True,3.09974,False,0.745406,0.584498,kenya pen=0.5 phi=0.5 tou
30,1040,300,100,True,3.12991,False,0.745406,0.584491,kenya pen=0.5 phi=0.5 tou
30,1060,300,100,True,3.16008,False,0.745406,0.584484,kenya pen=0.5 phi=0.5 tou
30,1080,300,100,True,3.19025,False,0.745406,0.584477,kenya pen=0.5 phi=0.5 tou
30,1100,300,100,True,3.22041,False,0.745406,0.58447,kenya pen=0.5 phi=0.5 tou
30,1120,300,100,True,3.25058,False,0.745406,0.584463,kenya pen=0.5 phi=0.5 tou
30,1140,300,100,True,3.28074,False,0.745406,0.584456,kenya pen=0.5 phi=0.5 tou
30,1160,300,100,True,3.31091,False,0.745406,0.584449,kenya pen=0.5 phi=0.5 tou
30,1180,300,100,True,3.34107,False,0.745406,0.584441,kenya pen=0.5 phi=0.5 tou
30,1200,300,100,True,3.37122,False,0.745406,0.584434,kenya pen=0.5 phi=0.5 tou
30,1220,300,100,True,3.40138,False,0.745406,0.584427,kenya pen=0.5 phi=0.5 tou
30,1240,300,100,True,3.43154,False,0.745406,0.58442,kenya pen=0.5 phi=0.5 tou
30,1260,300,100,True,3.46169,False,0.745406,0.584413,kenya pen=0.5 phi=0.5 tou
30,1280,300,100,True,3.49184,False,0.745406,0.584406,kenya pen=0.5 phi=0.5 tou
30,1300,300,100,True,3.522,False,0.745406,0.584399,kenya pen=0.5 phi=0.5 tou
30,1320,300,100,True,3.55215,False,0.745406,0.584392,kenya pen=0.5 phi=0.5 tou
30,1340,300,100,True,3.58229,False,0.745406,0.584385,kenya pen=0.5 phi=0.5 tou
30,1360,300,100,True,3.61244,False,0.745406,0.584377,kenya pen=0.5 phi=0.5 tou
30,1380,300,100,True,3.64258,False,0.745406,0.58437,kenya pen=0.5 phi=0.5 tou
30,1400,300,100,True,3.67273,False,0.745406,0.584363,kenya pen=0.5 phi=0.5 tou
35,0,300,100,True,1.8402,False,0.723318,0.614759,kenya pen=0.5 phi=0.5 tou
35,20,300,100,True,1.66861,False,0.706182,0.57363,kenya pen=0.5 phi=0.5 tou
35,40,300,100,True,1.5655,False,0.703678,0.546135,kenya pen=0.5 phi=0.5 tou
35,60,300,100,True,1.50832,False,0.703678,0.529752,kenya pen=0.5 phi=0.5 tou
35,80,300,100,True,1.486,False,0.703678,0.520684,kenya pen=0.5 phi=0.5 tou
35,100,300,100,True,1.49686,False,0.703678,0.518078,kenya pen=0.5 phi=0.5 tou
35,120,300,100,True,1.52173,False,0.703678,0.517892,kenya pen=0.5 phi=0.5 tou
35,140,300,100,True,1.5475,False,0.703678,0.517844,kenya pen=0.5 phi=0.5 tou
35,160,300,100,True,1.57337,False,0.703678,0.51781,kenya pen=0.5 phi=0.5 tou
35,180,300,100,True,1.59932,False,0.703678,0.517789,kenya pen=0.5 phi=0.5 tou
35,200,300,100,True,1.62532,False,0.703678,0.517774,kenya pen=0.5 phi=0.5 tou
35,220,300,100,True,1.65132,False,0.703678,0.517759,kenya pen=0.5 phi=0.5 tou
35,240,300,100,True,1.67732,False,0.703678,0.517745,kenya pen=0.5 phi=0.5 tou
35,260,300,100,True,1.70332,False,0.703678,0.517731,kenya pen=0.5 phi=0.5 tou
35,280,300,100,True,1.72937,False,0.703678,0.517724,kenya pen=0.5 phi=0.5 tou
35,300,300,100,True,1.75542,False,0.703678,0.517717,kenya pen=0.5 phi=0.5 tou
35,320,300,100,True,1.78148,False,0.703678,0.51771,kenya pen=0.5 phi=0.5 tou
35,340,300,100,True,1.80753,False,0.703678,0.517702,kenya pen=0.5 phi=0.5 tou
35,360,300,100,True,1.83357,False,0.703678,0.517695,kenya pen=0.5 phi=0.5 tou
35,380,300,100,True,1.85962,False,0.703678,0.517688,kenya pen=0.5 phi=0.5 tou
35,400,300,100,True,1.88567,False,0.703678,0.517681,kenya pen=0.5 phi=0.5 tou
35,420,300,100,True,1.91171,False,0.703678,0.517674,kenya pen=0.5 phi=0.5 tou
35,440,300,100,True,1.93776,False,0.703678,0.517667,kenya pen=0.5 phi=0.5 tou
35,460,300,100,True,1.9638,False,0.703678,0.51766,kenya pen=0.5 phi=0.5 tou
35,480,300,100,True,1.98984,False,0.703678,0.517653,kenya pen=0.5 phi=0.5 tou
35,500,300,100,True,2.01588,False,0.703678,0.517645,kenya pen=0.5 phi=0.5 tou
35,520,300,100,True,2.04192,False,0.703678,0.517638,kenya pen=0.5 phi=0.5 tou
35,540,300,100,True,2.06796,False,0.703678,0.517631,kenya pen=0.5 phi=0.5 tou
35,560,300,100,True,2.09399,False,0.703678,0.517624,kenya pen=0.5 phi=0.5 tou
35,580,300,100,True,2.12003,False,0.703678,0.517617,kenya pen=0.5 phi=0.5 tou
35,600,300,100,True,2.14606,False,0.703678,0.51761,kenya pen=0.5 phi=0.5 tou
35,620,300,100,True,2.1721,False,0.703678,0.517603,kenya pen=0.5 phi=0.5 tou
35,640,300,100,True,2.19813,False,0.703678,0.517596,kenya pen=0.5 phi=0.5 tou
35,660,300,100,True,2.22416,False,0.703678,0.517588,kenya pen=0.5 phi=0.5 tou
35,680,300,100,True,2.25019,False,0.703678,0.517581,kenya pen=0.5 phi=0.5 tou
35,700,300,100,True,2.27622,False,0.703678,0.517574,kenya pen=0.5 phi=0.5 tou
35,720,300,100,True,2.30225,False,0.703678,0.517567,kenya pen=0.5 phi=0.5 tou
35,740,300,100,True,2.32827,False,0.703678,0.51756,kenya pen=0.5 phi=0.5 tou
35,760,300,100,True,2.3543,False,0.703678,0.517553,kenya pen=0.5 phi=0.5 tou
35,780,300,100,True,2.38032,False,0.703678,0.517546,kenya pen=0.5 phi=0.5 tou
35,800,300,100,True,2.40634,False,0.703678,0.517539,kenya pen=0.5 phi=0.5 tou
35,820,300,100,True,2.43236,False,0.703678,0.517532,kenya pen=0.5 phi=0.5 tou
35,840,300,100,True,2.45838,False,0.703678,0.517524,kenya pen=0.5 phi=0.5 tou
35,860,300,100,True,2.4844,False,0.703678,0.517517,kenya pen=0.5 phi=0.5 tou
35,880,300,100,True,2.51042,False,0.703678,0.51751,kenya pen=0.5 phi=0.5 tou
35,900,300,100,True,2.53644,False,0.703678,0.517503,kenya pen=0.5 phi=0.5 tou
35,920,300,100,True,2.56245,False,0.703678,0.517496,kenya pen=0.5 phi=0.5 tou
35,940,300,100,True,2.58847,False,0.703678,0.517489,kenya pen=0.5 phi=0.5 tou
35,960,300,100,True,2.61448,False,0.703678,0.517482,kenya pen=0.5 phi=0.5 tou
35,980,300,100,True,2.64049,False,0.703678,0.517475,kenya pen=0.5 phi=0.5 tou
35,1000,300,100,True,2.6665,False,0.703678,0.517467,kenya pen=0.5 phi=0.5 tou
35,1020,300,100,True,2.69251,False,0.703678,0.51746,kenya pen=0.5 phi=0.5 tou
35,1040,300,100,True,2.71852,False,0.703678,0.517453,kenya pen=0.5 phi=0.5 tou
35,1060,300,100,True,2.74453,False,0.703678,0.517446,kenya pen=0.5 phi=0.5 tou
35,1080,300,100,True,2.77053,False,0.703678,0.517439,kenya pen=0.5 phi=0.5 tou
35,1100,300,100,True,2.79654,False,0.703678,0.517432,kenya pen=0.5 phi=0.5 tou
35,1120,300,100,True,2.82254,False,0.703678,0.517425,kenya pen=0.5 phi=0.5 tou
35,1140,300,100,True,2.84854,False,0.703678,0.517418,kenya pen=0.5 phi=0.5 tou
35,1160,300,100,True,2.87454,False,0.703678,0.51741,kenya pen=0.5 phi=0.5 tou
35,1180,300,100,True,2.90054,False,0.703678,0.517403,kenya pen=0.5 phi=0.5 tou
35,1200,300,100,True,2.92654,False,0.703678,0.517396,kenya pen=0.5 phi=0.5 tou
35,1220,300,100,True,2.95254,False,0.703678,0.517389,kenya pen=0.5 phi=0.5 tou
35,1240,300,100,True,2.97854,False,0.703678,0.517382,kenya pen=0.5 phi=0.5 tou
35,1260,300,100,True,3.00453,False,0.703678,0.517375,kenya pen=0.5 phi=0.5 tou
35,1280,300,100,True,3.03053,False,0.703678,0.517368,kenya pen=0.5 phi=0.5 tou
35,1300,300,100,True,3.05652,False,0.703678,0.517361,kenya pen=0.5 phi=0.5 tou
35,1320,300,100,True,3.08251,False,0.703678,0.517353,kenya pen=0.5 phi=0.5 tou
35,1340,300,100,True,3.1085,False,0.703678,0.517346,kenya pen=0.5 phi=0.5 tou
35,1360,300,100,True,3.13449,False,0.703678,0.517339,kenya pen=0.5 phi=0.5 tou
35,1380,300,100,True,3.16048,False,0.703678,0.517332,kenya pen=0.5 phi=0.5 tou
35,1400,300,100,True,3.18646,False,0.703678,0.517325,kenya pen=0.5 phi=0.5 tou
40,0,300,100,True,1.74231,False,0.692234,0.582622,kenya pen=0.5 phi=0.5 tou
40,20,300,100,True,1.5823,False,0.671361,0.538485,kenya pen=0.5 phi=0.5 tou
40,40,300,100,True,1.47808,False,0.662657,0.50432,kenya pen=0.5 phi=0.5 tou
40,60,300,100,True,1.40944,False,0.662191,0.480611,kenya pen=0.5 phi=0.5 tou
40,80,300,100,True,1.36911,False,0.662191,0.464887,kenya pen=0.5 phi=0.5 tou
40,100,300,100,True,1.35601,False,0.662191,0.456,kenya pen=0.5 phi=0.5 tou
40,120,300,100,True,1.3689,False,0.662191,0.453592,kenya pen=0.5 phi=0.5 tou
40,140,300,100,True,1.38955,False,0.662191,0.45311,kenya pen=0.5 phi=0.5 tou
40,160,300,100,True,1.41102,False,0.662191,0.452809,kenya pen=0.5 phi=0.5 tou
40,180,300,100,True,1.43283,False,0.662191,0.452581,kenya pen=0.5 phi=0.5 tou
40,200,300,100,True,1.45486,False,0.662191,0.452396,kenya pen=0.5 phi=0.5 tou
40,220,300,100,True,1.47706,False,0.662191,0.452249,kenya pen=0.5 phi=0.5 tou
40,240,300,100,True,1.49942,False,0.662191,0.452135,kenya pen=0.5 phi=0.5 tou
40,260,300,100,True,1.52179,False,0.662191,0.452025,kenya pen=0.5 phi=0.5 tou
40,280,300,100,True,1.54424,False,0.662191,0.451933,kenya pen=0.5 phi=0.5 tou
40,300,300,100,True,1.56683,False,0.662191,0.451863,kenya pen=0.5 phi=0.5 tou
40,320,300,100,True,1.58943,False,0.662191,0.451797,kenya pen=0.5 phi=0.5 tou
40,340,300,100,True,1.61211,False,0.662191,0.451746,kenya pen=0.5 phi=0.5 tou
40,360,300,100,True,1.63484,False,0.662191,0.451704,kenya pen=0.5 phi=0.5 tou
40,380,300,100,True,1.65763,False,0.662191,0.451672,kenya pen=0.5 phi=0.5 tou
40,400,300,100,True,1.68041,False,0.662191,0.45164,kenya pen=0.5 phi=0.5 tou
40,420,300,100,True,1.70318,False,0.662191,0.451608,kenya pen=0.5 phi=0.5 tou
40,440,300,100,True,1.72596,False,0.662191,0.451576,kenya pen=0.5 phi=0.5 tou
40,460,300,100,True,1.74873,False,0.662191,0.451544,kenya pen=0.5 phi=0.5 tou
40,480,300,100,True,1.77149,False,0.662191,0.451512,kenya pen=0.5 phi=0.5 tou
40,500,300,100,True,1.79425,False,0.662191,0.45148,kenya pen=0.5 phi=0.5 tou
40,520,300,100,True,1.81702,False,0.662191,0.451449,kenya pen=0.5 phi=0.5 tou
40,540,300,100,True,1.83979,False,0.662191,0.451421,kenya pen=0.5 phi=0.5 tou
40,560,300,100,True,1.86257,False,0.662191,0.451392,kenya pen=0.5 phi=0.5 tou
40,580,300,100,True,1.88534,False,0.662191,0.451364,kenya pen=0.5 phi=0.5 tou
40,600,300,100,True,1.9081,False,0.662191,0.451335,kenya pen=0.5 phi=0.5 tou
40,620,300,100,True,1.9309,False,0.662191,0.451313,kenya pen=0.5 phi=0.5 tou
40,640,300,100,True,1.95371,False,0.662191,0.451292,kenya pen=0.5 phi=0.5 tou
40,660,300,100,True,1.97651,False,0.662191,0.45127,kenya pen=0.5 phi=0.5 tou
40,680,300,100,True,1.99931,False,0.662191,0.451249,kenya pen=0.5 phi=0.5 tou
40,700,300,100,True,2.02211,False,0.662191,0.451228,kenya pen=0.5 phi=0.5 tou
40,720,300,100,True,2.0449,False,0.662191,0.451206,kenya pen=0.5 phi=0.5 tou
40,740,300,100,True,2.06769,False,0.662191,0.451185,kenya pen=0.5 phi=0.5 tou
40,760,300,100,True,2.09049,False,0.662191,0.451165,kenya pen=0.5 phi=0.5 tou
40,780,300,100,True,2.11333,False,0.662191,0.451151,kenya pen=0.5 phi=0.5 tou
40,800,300,100,True,2.13617,False,0.662191,0.451136,kenya pen=0.5 phi=0.5 tou
40,820,300,100,True,2.159,False,0.662191,0.451122,kenya pen=0.5 phi=0.5 tou
40,840,300,100,True,2.18183,False,0.662191,0.451108,kenya pen=0.5 phi=0.5 tou
40,860,300,100,True,2.20466,False,0.662191,0.451094,kenya pen=0.5 phi=0.5 tou
40,880,300,100,True,2.22749,False,0.662191,0.451079,kenya pen=0.5 phi=0.5 tou
40,900,300,100,True,2.25032,False,0.662191,0.451065,kenya pen=0.5 phi=0.5 tou
40,920,300,100,True,2.27314,False,0.662191,0.451051,kenya pen=0.5 phi=0.5 tou
40,940,300,100,True,2.29596,False,0.662191,0.451037,kenya pen=0.5 phi=0.5 tou
40,960,300,100,True,2.31878,False,0.662191,0.451023,kenya pen=0.5 phi=0.5 tou
40,980,300,100,True,2.3416,False,0.662191,0.451008,kenya pen=0.5 phi=0.5 tou
40,1000,300,100,True,2.36441,False,0.662191,0.450994,kenya pen=0.5 phi=0.5 tou
40,1020,300,100,True,2.38722,False,0.662191,0.45098,kenya pen=0.5 phi=0.5 tou
40,1040,300,100,True,2.41003,False,0.662191,0.450966,kenya pen=0.5 phi=0.5 tou
40,1060,300,100,True,2.43284,False,0.662191,0.450951,kenya pen=0.5 phi=0.5 tou
40,1080,300,100,True,2.45565,False,0.662191,0.450937,kenya pen=0.5 phi=0.5 tou
40,1100,300,100,True,2.47845,False,0.662191,0.450923,kenya pen=0.5 phi=0.5 tou
40,1120,300,100,True,2.50125,False,0.662191,0.450909,kenya pen=0.5 phi=0.5 tou
40,1140,300,100,True,2.52405,False,0.662191,0.450894,kenya pen=0.5 phi=0.5 tou
40,1160,300,100,True,2.54684,False,0.662191,0.45088,kenya pen=0.5 phi=0.5 tou
40,1180,300,100,True,2.56964,False,0.662191,0.450866,kenya pen=0.5 phi=0.5 tou
40,1200,300,100,True,2.59243,False,0.662191,0.450852,kenya pen=0.5 phi=0.5 tou
40,1220,300,100,True,2.61522,False,0.662191,0.450837,kenya pen=0.5 phi=0.5 tou
40,1240,300,100,True,2.63801,False,0.662191,0.450823,kenya pen=0.5 phi=0.5 tou
40,1260,300,100,True,2.66079,False,0.662191,0.450809,kenya pen=0.5 phi=0.5 tou
40,1280,300,100,True,2.68357,False,0.662191,0.450795,kenya pen=0.5 phi=0.5 tou
40,1300,300,100,True,2.70635,False,0.662191,0.45078,kenya pen=0.5 phi=0.5 tou
40,1320,300,100,True,2.72913,False,0.662191,0.450766,kenya pen=0.5 phi=0.5 tou
40,1340,300,100,True,2.75193,False,0.662191,0.450754,kenya pen=0.5 phi=0.5 tou
40,1360,300,100,True,2.77478,False,0.662191,0.450747,kenya pen=0.5 phi=0.5 tou
40,1380,300,100,True,2.79764,False,0.662191,0.45074,kenya pen=0.5 phi=0.5 tou
40,1400,300,100,True,2.8205,False,0.662191,0.450732,kenya pen=0.5 phi=0.5 tou
45,0,300,100,True,1.67001,False,0.66321,0.554276,kenya pen=0.5 phi=0.5 tou
45,20,300,100,True,1.51941,False,0.640227,0.508006,kenya pen=0.5 phi=0.5 tou
45,40,300,100,True,1.41808,False,0.625236,0.469627,kenya pen=0.5 phi=0.5 tou
45,60,300,100,True,1.34411,False,0.621028,0.43896,kenya pen=0.5 phi=0.5 tou
45,80,300,100,True,1.2943,False,0.620909,0.416782,kenya pen=0.5 phi=0.5 tou
45,100,300,100,True,1.27074,False,0.620909,0.402596,kenya pen=0.5 phi=0.5 tou
45,120,300,100,True,1.27083,False,0.620909,0.395659,kenya pen=0.5 phi=0.5 tou
45,140,300,100,True,1.28482,False,0.620909,0.393549,kenya pen=0.5 phi=0.5 tou
45,160,300,100,True,1.30276,False,0.620909,0.392781,kenya pen=0.5 phi=0.5 tou
45,180,300,100,True,1.32154,False,0.620909,0.392243,kenya pen=0.5 phi=0.5 tou
45,200,300,100,True,1.34066,False,0.620909,0.391806,kenya pen=0.5 phi=0.5 tou
45,220,300,100,True,1.36008,False,0.620909,0.391451,kenya pen=0.5 phi=0.5 tou
45,240,300,100,True,1.3797,False,0.620909,0.39115,kenya pen=0.5 phi=0.5 tou
45,260,300,100,True,1.39949,False,0.620909,0.390897,kenya pen=0.5 phi=0.5 tou
45,280,300,100,True,1.41949,False,0.620909,0.390698,kenya pen=0.5 phi=0.5 tou
45,300,300,100,True,1.43956,False,0.620909,0.390518,kenya pen=0.5 phi=0.5 tou
45,320,300,100,True,1.45972,False,0.620909,0.390361,kenya pen=0.5 phi=0.5 tou
45,340,300,100,True,1.47997,False,0.620909,0.390231,kenya pen=0.5 phi=0.5 tou
45,360,300,100,True,1.50026,False,0.620909,0.390111,kenya pen=0.5 phi=0.5 tou
45,380,300,100,True,1.52066,False,0.620909,0.390016,kenya pen=0.5 phi=0.5 tou
45,400,300,100,True,1.5411,False,0.620909,0.389933,kenya pen=0.5 phi=0.5 tou
45,420,300,100,True,1.56162,False,0.620909,0.389867,kenya pen=0.5 phi=0.5 tou
45,440,300,100,True,1.58216,False,0.620909,0.389806,kenya pen=0.5 phi=0.5 tou
45,460,300,100,True,1.60269,False,0.620909,0.389746,kenya pen=0.5 phi=0.5 tou
45,480,300,100,True,1.62324,False,0.620909,0.389689,kenya pen=0.5 phi=0.5 tou
45,500,300,100,True,1.6438,False,0.620909,0.389636,kenya pen=0.5 phi=0.5 tou
45,520,300,100,True,1.66436,False,0.620909,0.389582,kenya pen=0.5 phi=0.5 tou
45,540,300,100,True,1.6849,False,0.620909,0.389529,kenya pen=0.5 phi=0.5 tou
45,560,300,100,True,1.70544,False,0.620909,0.389476,kenya pen=0.5 phi=0.5 tou
45,580,300,100,True,1.72597,False,0.620909,0.389422,kenya pen=0.5 phi=0.5 tou
45,600,300,100,True,1.7465,False,0.620909,0.389369,kenya pen=0.5 phi=0.5 tou
45,620,300,100,True,1.76702,False,0.620909,0.389315,kenya pen=0.5 phi=0.5 tou
45,640,300,100,True,1.78753,False,0.620909,0.389262,kenya pen=0.5 phi=0.5 tou
45,660,300,100,True,1.80804,False,0.620909,0.389209,kenya pen=0.5 phi=0.5 tou
45,680,300,100,True,1.82854,False,0.620909,0.389155,kenya pen=0.5 phi=0.5 tou
45,700,300,100,True,1.84907,False,0.620909,0.389109,kenya pen=0.5 phi=0.5 tou
45,720,300,100,True,1.86961,False,0.620909,0.389063,kenya pen=0.5 phi=0.5 tou
45,740,300,100,True,1.89017,False,0.620909,0.389024,kenya pen=0.5 phi=0.5 tou
45,760,300,100,True,1.91073,False,0.620909,0.388985,kenya pen=0.5 phi=0.5 tou
45,780,300,100,True,1.93128,False,0.620909,0.388946,kenya pen=0.5 phi=0.5 tou
45,800,300,100,True,1.95183,False,0.620909,0.388906,kenya pen=0.5 phi=0.5 tou
45,820,300,100,True,1.97238,False,0.620909,0.388867,kenya pen=0.5 phi=0.5 tou
45,840,300,100,True,1.99292,False,0.620909,0.388828,kenya pen=0.5 phi=0.5 tou
45,860,300,100,True,2.01345,False,0.620909,0.388789,kenya pen=0.5 phi=0.5 tou
45,880,300,100,True,2.03398,False,0.620909,0.38875,kenya pen=0.5 phi=0.5 tou
45,900,300,100,True,2.05454,False,0.620909,0.388717,kenya pen=0.5 phi=0.5 tou
45,920,300,100,True,2.0751,False,0.620909,0.388685,kenya pen=0.5 phi=0.5 tou
45,940,300,100,True,2.09566,False,0.620909,0.388653,kenya pen=0.5 phi=0.5 tou
45,960,300,100,True,2.11621,False,0.620909,0.388621,kenya pen=0.5 phi=0.5 tou
45,980,300,100,True,2.13675,False,0.620909,0.388589,kenya pen=0.5 phi=0.5 tou
45,1000,300,100,True,2.1573,False,0.620909,0.388557,kenya pen=0.5 phi=0.5 tou
45,1020,300,100,True,2.17784,False,0.620909,0.388525,kenya pen=0.5 phi=0.5 tou
45,1040,300,100,True,2.19837,False,0.620909,0.388493,kenya pen=0.5 phi=0.5 tou
45,1060,300,100,True,2.2189,False,0.620909,0.388461,kenya pen=0.5 phi=0.5 tou
45,1080,300,100,True,2.23943,False,0.620909,0.388429,kenya pen=0.5 phi=0.5 tou
45,1100,300,100,True,2.25995,False,0.620909,0.388397,kenya pen=0.5 phi=0.5 tou
45,1120,300,100,True,2.2805,False,0.620909,0.388369,kenya pen=0.5 phi=0.5 tou
45,1140,300,100,True,2.30107,False,0.620909,0.388344,kenya pen=0.5 phi=0.5 tou
45,1160,300,100,True,2.32163,False,0.620909,0.388319,kenya pen=0.5 phi=0.5 tou
45,1180,300,100,True,2.34219,False,0.620909,0.388294,kenya pen=0.5 phi=0.5 tou
45,1200,300,100,True,2.36274,False,0.620909,0.388269,kenya pen=0.5 phi=0.5 tou
45,1220,300,100,True,2.3833,False,0.620909,0.388244,kenya pen=0.5 phi=0.5 tou
45,1240,300,100,True,2.40384,False,0.620909,0.388219,kenya pen=0.5 phi=0.5 tou
45,1260,300,100,True,2.42439,False,0.620909,0.388194,kenya pen=0.5 phi=0.5 tou
45,1280,300,100,True,2.44493,False,0.620909,0.38817,kenya pen=0.5 phi=0.5 tou
45,1300,300,100,True,2.46547,False,0.620909,0.388145,kenya pen=0.5 phi=0.5 tou
45,1320,300,100,True,2.48601,False,0.620909,0.38812,kenya pen=0.5 phi=0.5 tou
45,1340,300,100,True,2.50654,False,0.620909,0.388095,kenya pen=0.5 phi=0.5 tou
45,1360,300,100,True,2.52707,False,0.620909,0.38807,kenya pen=0.5 phi=0.5 tou
45,1380,300,100,True,2.5476,False,0.620909,0.388045,kenya pen=0.5 phi=0.5 tou
45,1400,300,100,True,2.56812,False,0.620909,0.38802,kenya pen=0.5 phi=0.5 tou
50,0,300,100,True,1.61662,False,0.63649,0.529315,kenya pen=0.5 phi=0.5 tou
50,20,300,100,True,1.47384,False,0.612077,0.481458,kenya pen=0.5 phi=0.5 tou
50,40,300,100,True,1.37621,False,0.593105,0.440566,kenya pen=0.5 phi=0.5 tou
50,60,300,100,True,1.30083,False,0.58233,0.404813,kenya pen=0.5 phi=0.5 tou
50,80,300,100,True,1.24532,False,0.57992,0.376046,kenya pen=0.5 phi=0.5 tou
50,100,300,100,True,1.21625,False,0.579858,0.356627,kenya pen=0.5 phi=0.5 tou
50,120,300,100,True,1.21014,False,0.579858,0.345785,kenya pen=0.5 phi=0.5 tou
50,140,300,100,True,1.2177,False,0.579858,0.340803,kenya pen=0.5 phi=0.5 tou
50,160,300,100,True,1.23213,False,0.579858,0.338956,kenya pen=0.5 phi=0.5 tou
50,180,300,100,True,1.24863,False,0.579858,0.338,kenya pen=0.5 phi=0.5 tou
50,200,300,100,True,1.26579,False,0.579858,0.337282,kenya pen=0.5 phi=0.5 tou
50,220,300,100,True,1.28335,False,0.579858,0.3367,kenya pen=0.5 phi=0.5 tou
50,240,300,100,True,1.30124,False,0.579858,0.336229,kenya pen=0.5 phi=0.5 tou
50,260,300,100,True,1.31933,False,0.579858,0.335827,kenya pen=0.5 phi=0.5 tou
50,280,300,100,True,1.33764,False,0.579858,0.335501,kenya pen=0.5 phi=0.5 tou
50,300,300,100,True,1.35606,False,0.579858,0.335215,kenya pen=0.5 phi=0.5 tou
50,320,300,100,True,1.37462,False,0.579858,0.334968,kenya pen=0.5 phi=0.5 tou
50,340,300,100,True,1.39331,False,0.579858,0.334764,kenya pen=0.5 phi=0.5 tou
50,360,300,100,True,1.41212,False,0.579858,0.334597,kenya pen=0.5 phi=0.5 tou
50,380,300,100,True,1.43101,False,0.579858,0.334454,kenya pen=0.5 phi=0.5 tou
50,400,300,100,True,1.44997,False,0.579858,0.334332,kenya pen=0.5 phi=0.5 tou
50,420,300,100,True,1.46894,False,0.579858,0.334217,kenya pen=0.5 phi=0.5 tou
50,440,300,100,True,1.48796,False,0.579858,0.334121,kenya pen=0.5 phi=0.5 tou
50,460,300,100,True,1.50702,False,0.579858,0.334036,kenya pen=0.5 phi=0.5 tou
50,480,300,100,True,1.52609,False,0.579858,0.333958,kenya pen=0.5 phi=0.5 tou
50,500,300,100,True,1.54518,False,0.579858,0.333884,kenya pen=0.5 phi=0.5 tou
50,520,300,100,True,1.56425,False,0.579858,0.333809,kenya pen=0.5 phi=0.5 tou
50,540,300,100,True,1.58333,False,0.579858,0.333737,kenya pen=0.5 phi=0.5 tou
50,560,300,100,True,1.60242,False,0.579858,0.33367,kenya pen=0.5 phi=0.5 tou
50,580,300,100,True,1.62151,False,0.579858,0.333603,kenya pen=0.5 phi=0.5 tou
50,600,300,100,True,1.64063,False,0.579858,0.333542,kenya pen=0.5 phi=0.5 tou
50,620,300,100,True,1.65974,False,0.579858,0.333482,kenya pen=0.5 phi=0.5 tou
50,640,300,100,True,1.67885,False,0.579858,0.333421,kenya pen=0.5 phi=0.5 tou
50,660,300,100,True,1.69796,False,0.579858,0.333361,kenya pen=0.5 phi=0.5 tou
50,680,300,100,True,1.71706,False,0.579858,0.3333,kenya pen=0.5 phi=0.5 tou
50,700,300,100,True,1.73617,False,0.579858,0.333244,kenya pen=0.5 phi=0.5 tou
50,720,300,100,True,1.75528,False,0.579858,0.333191,kenya pen=0.5 phi=0.5 tou
50,740,300,100,True,1.77439,False,0.579858,0.333137,kenya pen=0.5 phi=0.5 tou
50,760,300,100,True,1.7935,False,0.579858,0.333084,kenya pen=0.5 phi=0.5 tou
50,780,300,100,True,1.8126,False,0.579858,0.33303,kenya pen=0.5 phi=0.5 tou
50,800,300,100,True,1.83169,False,0.579858,0.332977,kenya pen=0.5 phi=0.5 tou
50,820,300,100,True,1.8508,False,0.579858,0.332929,kenya pen=0.5 phi=0.5 tou
50,840,300,100,True,1.86992,False,0.579858,0.332883,kenya pen=0.5 phi=0.5 tou
50,860,300,100,True,1.88904,False,0.579858,0.332836,kenya pen=0.5 phi=0.5 tou
50,880,300,100,True,1.90815,False,0.579858,0.33279,kenya pen=0.5 phi=0.5 tou
50,900,300,100,True,1.92728,False,0.579858,0.332751,kenya pen=0.5 phi=0.5 tou
50,920,300,100,True,1.94641,False,0.579858,0.332712,kenya pen=0.5 phi=0.5 tou
50,940,300,100,True,1.96554,False,0.579858,0.332673,kenya pen=0.5 phi=0.5 tou
50,960,300,100,True,1.98466,False,0.579858,0.332633,kenya pen=0.5 phi=0.5 tou
50,980,300,100,True,2.00378,False,0.579858,0.332594,kenya pen=0.5 phi=0.5 tou
50,1000,300,100,True,2.02289,False,0.579858,0.332555,kenya pen=0.5 phi=0.5 tou
50,1020,300,100,True,2.042,False,0.579858,0.332516,kenya pen=0.5 phi=0.5 tou
50,1040,300,100,True,2.06111,False,0.579858,0.332477,kenya pen=0.5 phi=0.5 tou
50,1060,300,100,True,2.08022,False,0.579858,0.332438,kenya pen=0.5 phi=0.5 tou
50,1080,300,100,True,2.09933,False,0.579858,0.332401,kenya pen=0.5 phi=0.5 tou
50,1100,300,100,True,2.11848,False,0.579858,0.332369,kenya pen=0.5 phi=0.5 tou
50,1120,300,100,True,2.13762,False,0.579858,0.332337,kenya pen=0.5 phi=0.5 tou
50,1140,300,100,True,2.15676,False,0.579858,0.332305,kenya pen=0.5 phi=0.5 tou
50,1160,300,100,True,2.17589,False,0.579858,0.332273,kenya pen=0.5 phi=0.5 tou
50,1180,300,100,True,2.19503,False,0.579858,0.332241,kenya pen=0.5 phi=0.5 tou
50,1200,300,100,True,2.21416,False,0.579858,0.332209,kenya pen=0.5 phi=0.5 tou
50,1220,300,100,True,2.23329,False,0.579858,0.332177,kenya pen=0.5 phi=0.5 tou
50,1240,300,100,True,2.25241,False,0.579858,0.332145,kenya pen=0.5 phi=0.5 tou
50,1260,300,100,True,2.27153,False,0.579858,0.332113,kenya pen=0.5 phi=0.5 tou
50,1280,300,100,True,2.29065,False,0.579858,0.332081,kenya pen=0.5 phi=0.5 tou
50,1300,300,100,True,2.30978,False,0.579858,0.33205,kenya pen=0.5 phi=0.5 tou
50,1320,300,100,True,2.32893,False,0.579858,0.332025,kenya pen=0.5 phi=0.5 tou
50,1340,300,100,True,2.34808,False,0.579858,0.332001,kenya pen=0.5 phi=0.5 tou
50,1360,300,100,True,2.36722,False,0.579858,0.331976,kenya pen=0.5 phi=0.5 tou
50,1380,300,100,True,2.38637,False,0.579858,0.331951,kenya pen=0.5 phi=0.5 tou
50,1400,300,100,True,2.40551,False,0.579858,0.331926,kenya pen=0.5 phi=0.5 tou
55,0,300,100,True,1.57742,False,0.61238,0.507319,kenya pen=0.5 phi=0.5 tou
55,20,300,100,True,1.4412,False,0.586938,0.458251,kenya pen=0.5 phi=0.5 tou
55,40,300,100,True,1.34697,False,0.56564,0.415795,kenya pen=0.5 phi=0.5 tou
55,60,300,100,True,1.27186,False,0.549548,0.376786,kenya pen=0.5 phi=0.5 tou
55,80,300,100,True,1.21387,False,0.54111,0.34287,kenya pen=0.5 phi=0.5 tou
55,100,300,100,True,1.18114,False,0.539137,0.317806,kenya pen=0.5 phi=0.5 tou
55,120,300,100,True,1.17109,False,0.539068,0.302723,kenya pen=0.5 phi=0.5 tou
55,140,300,100,True,1.17467,False,0.539068,0.29489,kenya pen=0.5 phi=0.5 tou
55,160,300,100,True,1.18608,False,0.539068,0.291497,kenya pen=0.5 phi=0.5 tou
55,180,300,100,True,1.20073,False,0.539068,0.289889,kenya pen=0.5 phi=0.5 tou
55,200,300,100,True,1.21657,False,0.539068,0.288863,kenya pen=0.5 phi=0.5 tou
55,220,300,100,True,1.23286,False,0.539068,0.288045,kenya pen=0.5 phi=0.5 tou
55,240,300,100,True,1.24955,False,0.539068,0.287385,kenya pen=0.5 phi=0.5 tou
55,260,300,100,True,1.26654,False,0.539068,0.286851,kenya pen=0.5 phi=0.5 tou
55,280,300,100,True,1.28377,False,0.539068,0.286408,kenya pen=0.5 phi=0.5 tou
55,300,300,100,True,1.30112,False,0.539068,0.286024,kenya pen=0.5 phi=0.5 tou
55,320,300,100,True,1.31864,False,0.539068,0.285698,kenya pen=0.5 phi=0.5 tou
55,340,300,100,True,1.33627,False,0.539068,0.28542,kenya pen=0.5 phi=0.5 tou
55,360,300,100,True,1.354,False,0.539068,0.285182,kenya pen=0.5 phi=0.5 tou
55,380,300,100,True,1.37187,False,0.539068,0.284992,kenya pen=0.5 phi=0.5 tou
55,400,300,100,True,1.38981,False,0.539068,0.28483,kenya pen=0.5 phi=0.5 tou
55,420,300,100,True,1.40776,False,0.539068,0.284679,kenya pen=0.5 phi=0.5 tou
55,440,300,100,True,1.42576,False,0.539068,0.284547,kenya pen=0.5 phi=0.5 tou
55,460,300,100,True,1.4438,False,0.539068,0.284431,kenya pen=0.5 phi=0.5 tou
55,480,300,100,True,1.46189,False,0.539068,0.284331,kenya pen=0.5 phi=0.5 tou
55,500,300,100,True,1.47998,False,0.539068,0.284235,kenya pen=0.5 phi=0.5 tou
55,520,300,100,True,1.49808,False,0.539068,0.284142,kenya pen=0.5 phi=0.5 tou
55,540,300,100,True,1.5162,False,0.539068,0.28406,kenya pen=0.5 phi=0.5 tou
55,560,300,100,True,1.53433,False,0.539068,0.283984,kenya pen=0.5 phi=0.5 tou
55,580,300,100,True,1.55246,False,0.539068,0.28391,kenya pen=0.5 phi=0.5 tou
55,600,300,100,True,1.5706,False,0.539068,0.283842,kenya pen=0.5 phi=0.5 tou
55,620,300,100,True,1.58876,False,0.539068,0.283782,kenya pen=0.5 phi=0.5 tou
55,640,300,100,True,1.60692,False,0.539068,0.283721,kenya pen=0.5 phi=0.5 tou
55,660,300,100,True,1.62508,False,0.539068,0.283661,kenya pen=0.5 phi=0.5 tou
55,680,300,100,True,1.64323,False,0.539068,0.2836,kenya pen=0.5 phi=0.5 tou
55,700,300,100,True,1.66138,False,0.539068,0.28354,kenya pen=0.5 phi=0.5 tou
55,720,300,100,True,1.67952,False,0.539068,0.283479,kenya pen=0.5 phi=0.5 tou
55,740,300,100,True,1.69766,False,0.539068,0.283419,kenya pen=0.5 phi=0.5 tou
55,760,300,100,True,1.71579,False,0.539068,0.283359,kenya pen=0.5 phi=0.5 tou
55,780,300,100,True,1.73397,False,0.539068,0.283312,kenya pen=0.5 phi=0.5 tou
55,800,300,100,True,1.75215,False,0.539068,0.283265,kenya pen=0.5 phi=0.5 tou
55,820,300,100,True,1.77032,False,0.539068,0.283219,kenya pen=0.5 phi=0.5 tou
55,840,300,100,True,1.7885,False,0.539068,0.283173,kenya pen=0.5 phi=0.5 tou
55,860,300,100,True,1.80667,False,0.539068,0.283127,kenya pen=0.5 phi=0.5 tou
55,880,300,100,True,1.82483,False,0.539068,0.28308,kenya pen=0.5 phi=0.5 tou
55,900,300,100,True,1.84299,False,0.539068,0.283034,kenya pen=0.5 phi=0.5 tou
55,920,300,100,True,1.86115,False,0.539068,0.282988,kenya pen=0.5 phi=0.5 tou
55,940,300,100,True,1.87931,False,0.539068,0.282942,kenya pen=0.5 phi=0.5 tou
55,960,300,100,True,1.89746,False,0.539068,0.282895,kenya pen=0.5 phi=0.5 tou
55,980,300,100,True,1.91561,False,0.539068,0.282849,kenya pen=0.5 phi=0.5 tou
55,1000,300,100,True,1.93376,False,0.539068,0.282803,kenya pen=0.5 phi=0.5 tou
55,1020,300,100,True,1.9519,False,0.539068,0.282756,kenya pen=0.5 phi=0.5 tou
55,1040,300,100,True,1.97007,False,0.539068,0.282717,kenya pen=0.5 phi=0.5 tou
55,1060,300,100,True,1.98823,False,0.539068,0.282677,kenya pen=0.5 phi=0.5 tou
55,1080,300,100,True,2.00639,False,0.539068,0.282638,kenya pen=0.5 phi=0.5 tou
55,1100,300,100,True,2.02455,False,0.539068,0.282599,kenya pen=0.5 phi=0.5 tou
55,1120,300,100,True,2.04271,False,0.539068,0.28256,kenya pen=0.5 phi=0.5 tou
55,1140,300,100,True,2.06086,False,0.539068,0.282521,kenya pen=0.5 phi=0.5 tou
55,1160,300,100,True,2.07901,False,0.539068,0.282482,kenya pen=0.5 phi=0.5 tou
55,1180,300,100,True,2.09716,False,0.539068,0.282443,kenya pen=0.5 phi=0.5 tou
55,1200,300,100,True,2.1153,False,0.539068,0.282403,kenya pen=0.5 phi=0.5 tou
55,1220,300,100,True,2.13345,False,0.539068,0.282364,kenya pen=0.5 phi=0.5 tou
55,1240,300,100,True,2.15159,False,0.539068,0.282325,kenya pen=0.5 phi=0.5 tou
55,1260,300,100,True,2.16972,False,0.539068,0.282286,kenya pen=0.5 phi=0.5 tou
55,1280,300,100,True,2.18786,False,0.539068,0.282247,kenya pen=0.5 phi=0.5 tou
55,1300,300,100,True,2.20599,False,0.539068,0.282208,kenya pen=0.5 phi=0.5 tou
55,1320,300,100,True,2.22412,False,0.539068,0.282168,kenya pen=0.5 phi=0.5 tou
55,1340,300,100,True,2.24225,False,0.539068,0.282129,kenya pen=0.5 phi=0.5 tou
55,1360,300,100,True,2.26037,False,0.539068,0.28209,kenya pen=0.5 phi=0.5 tou
55,1380,300,100,True,2.27849,False,0.539068,0.282051,kenya pen=0.5 phi=0.5 tou
55,1400,300,100,True,2.29661,False,0.539068,0.282012,kenya pen=0.5 phi=0.5 tou
60,0,300,100,True,1.54888,False,0.590782,0.487847,kenya pen=0.5 phi=0.5 tou
60,20,300,100,True,1.41839,False,0.56453,0.437879,kenya pen=0.5 phi=0.5 tou
60,40,300,100,True,1.327,False,0.541847,0.394398,kenya pen=0.5 phi=0.5 tou
60,60,300,100,True,1.25262,False,0.522577,0.35332,kenya pen=0.5 phi=0.5 tou
60,80,300,100,True,1.19394,False,0.508262,0.316,kenya pen=0.5 phi=0.5 tou
60,100,300,100,True,1.15949,False,0.500667,0.286366,kenya pen=0.5 phi=0.5 tou
60,120,300,100,True,1.146,False,0.498616,0.266294,kenya pen=0.5 phi=0.5 tou
60,140,300,100,True,1.14656,False,0.498529,0.254968,kenya pen=0.5 phi=0.5 tou
60,160,300,100,True,1.15556,False,0.498529,0.249686,kenya pen=0.5 phi=0.5 tou
60,180,300,100,True,1.16894,False,0.498529,0.247431,kenya pen=0.5 phi=0.5 tou
60,200,300,100,True,1.18377,False,0.498529,0.246033,kenya pen=0.5 phi=0.5 tou
60,220,300,100,True,1.19925,False,0.498529,0.244996,kenya pen=0.5 phi=0.5 tou
60,240,300,100,True,1.21523,False,0.498529,0.244191,kenya pen=0.5 phi=0.5 tou
60,260,300,100,True,1.23142,False,0.498529,0.243496,kenya pen=0.5 phi=0.5 tou
60,280,300,100,True,1.2479,False,0.498529,0.242939,kenya pen=0.5 phi=0.5 tou
60,300,300,100,True,1.26454,False,0.498529,0.242455,kenya pen=0.5 phi=0.5 tou
60,320,300,100,True,1.28134,False,0.498529,0.242053,kenya pen=0.5 phi=0.5 tou
60,340,300,100,True,1.29825,False,0.498529,0.241704,kenya pen=0.5 phi=0.5 tou
60,360,300,100,True,1.31524,False,0.498529,0.241396,kenya pen=0.5 phi=0.5 tou
60,380,300,100,True,1.33235,False,0.498529,0.241149,kenya pen=0.5 phi=0.5 tou
60,400,300,100,True,1.34951,False,0.498529,0.240927,kenya pen=0.5 phi=0.5 tou
60,420,300,100,True,1.36672,False,0.498529,0.240729,kenya pen=0.5 phi=0.5 tou
60,440,300,100,True,1.384,False,0.498529,0.240564,kenya pen=0.5 phi=0.5 tou
60,460,300,100,True,1.40133,False,0.498529,0.240422,kenya pen=0.5 phi=0.5 tou
60,480,300,100,True,1.41871,False,0.498529,0.240303,kenya pen=0.5 phi=0.5 tou
60,500,300,100,True,1.43608,False,0.498529,0.240188,kenya pen=0.5 phi=0.5 tou
60,520,300,100,True,1.4535,False,0.498529,0.240095,kenya pen=0.5 phi=0.5 tou
60,540,300,100,True,1.47094,False,0.498529,0.24001,kenya pen=0.5 phi=0.5 tou
60,560,300,100,True,1.48839,False,0.498529,0.239933,kenya pen=0.5 phi=0.5 tou
60,580,300,100,True,1.50584,False,0.498529,0.239858,kenya pen=0.5 phi=0.5 tou
60,600,300,100,True,1.52329,False,0.498529,0.239786,kenya pen=0.5 phi=0.5 tou
60,620,300,100,True,1.54077,False,0.498529,0.239724,kenya pen=0.5 phi=0.5 tou
60,640,300,100,True,1.55825,False,0.498529,0.239663,kenya pen=0.5 phi=0.5 tou
60,660,300,100,True,1.57573,False,0.498529,0.239603,kenya pen=0.5 phi=0.5 tou
60,680,300,100,True,1.5932,False,0.498529,0.239542,kenya pen=0.5 phi=0.5 tou
60,700,300,100,True,1.61067,False,0.498529,0.239482,kenya pen=0.5 phi=0.5 tou
60,720,300,100,True,1.62814,False,0.498529,0.239421,kenya pen=0.5 phi=0.5 tou
60,740,300,100,True,1.6456,False,0.498529,0.239361,kenya pen=0.5 phi=0.5 tou
60,760,300,100,True,1.66306,False,0.498529,0.2393,kenya pen=0.5 phi=0.5 tou
60,780,300,100,True,1.68052,False,0.498529,0.23924,kenya pen=0.5 phi=0.5 tou
60,800,300,100,True,1.69797,False,0.498529,0.239179,kenya pen=0.5 phi=0.5 tou
60,820,300,100,True,1.71542,False,0.498529,0.239119,kenya pen=0.5 phi=0.5 tou
60,840,300,100,True,1.73287,False,0.498529,0.239058,kenya pen=0.5 phi=0.5 tou
60,860,300,100,True,1.75032,False,0.498529,0.239,kenya pen=0.5 phi=0.5 tou
60,880,300,100,True,1.76778,False,0.498529,0.238946,kenya pen=0.5 phi=0.5 tou
60,900,300,100,True,1.78524,False,0.498529,0.238893,kenya pen=0.5 phi=0.5 tou
60,920,300,100,True,1.80269,False,0.498529,0.23884,kenya pen=0.5 phi=0.5 tou
60,940,300,100,True,1.82015,False,0.498529,0.238786,kenya pen=0.5 phi=0.5 tou
60,960,300,100,True,1.83759,False,0.498529,0.238733,kenya pen=0.5 phi=0.5 tou
60,980,300,100,True,1.85504,False,0.498529,0.23868,kenya pen=0.5 phi=0.5 tou
60,1000,300,100,True,1.87249,False,0.498529,0.238629,kenya pen=0.5 phi=0.5 tou
60,1020,300,100,True,1.88995,False,0.498529,0.238583,kenya pen=0.5 phi=0.5 tou
60,1040,300,100,True,1.90741,False,0.498529,0.238536,kenya pen=0.5 phi=0.5 tou
60,1060,300,100,True,1.92486,False,0.498529,0.23849,kenya pen=0.5 phi=0.5 tou
60,1080,300,100,True,1.94232,False,0.498529,0.238447,kenya pen=0.5 phi=0.5 tou
60,1100,300,100,True,1.9598,False,0.498529,0.238408,kenya pen=0.5 phi=0.5 tou
60,1120,300,100,True,1.97728,False,0.498529,0.238369,kenya pen=0.5 phi=0.5 tou
60,1140,300,100,True,1.99475,False,0.498529,0.23833,kenya pen=0.5 phi=0.5 tou
60,1160,300,100,True,2.01222,False,0.498529,0.238291,kenya pen=0.5 phi=0.5 tou
60,1180,300,100,True,2.02969,False,0.498529,0.238252,kenya pen=0.5 phi=0.5 tou
60,1200,300,100,True,2.04717,False,0.498529,0.238218,kenya pen=0.5 phi=0.5 tou
60,1220,300,100,True,2.06466,False,0.498529,0.238186,kenya pen=0.5 phi=0.5 tou
60,1240,300,100,True,2.08214,False,0.498529,0.238154,kenya pen=0.5 phi=0.5 tou
60,1260,300,100,True,2.09962,False,0.498529,0.238122,kenya pen=0.5 phi=0.5 tou
60,1280,300,100,True,2.1171,False,0.498529,0.23809,kenya pen=0.5 phi=0.5 tou
60,1300,300,100,True,2.13458,False,0.498529,0.238058,kenya pen=0.5 phi=0.5 tou
60,1320,300,100,True,2.15205,False,0.498529,0.238026,kenya pen=0.5 phi=0.5 tou
60,1340,300,100,True,2.16953,False,0.498529,0.237994,kenya pen=0.5 phi=0.5 tou
60,1360,300,100,True,2.187,False,0.498529,0.237962,kenya pen=0.5 phi=0.5 tou
60,1380,300,100,True,2.20447,False,0.498529,0.23793,kenya pen=0.5 phi=0.5 tou
60,1400,300,100,True,2.22195,False,0.498529,0.237901,kenya pen=0.5 phi=0.5 tou
65,0,300,100,True,1.52848,False,0.571618,0.47051,kenya pen=0.5 phi=0.5 tou
65,20,300,100,True,1.40298,False,0.544657,0.419878,kenya pen=0.5 phi=0.5 tou
65,40,300,100,True,1.31388,False,0.52091,0.375691,kenya pen=0.5 phi=0.5 tou
65,60,300,100,True,1.24023,False,0.499504,0.333238,kenya pen=0.5 phi=0.5 tou
65,80,300,100,True,1.18159,False,0.481685,0.293729,kenya pen=0.5 phi=0.5 tou
65,100,300,100,True,1.14658,False,0.468226,0.261032,kenya pen=0.5 phi=0.5 tou
65,120,300,100,True,1.13119,False,0.460733,0.236887,kenya pen=0.5 phi=0.5 tou
65,140,300,100,True,1.12872,False,0.458385,0.221203,kenya pen=0.5 phi=0.5 tou
65,160,300,100,True,1.13564,False,0.458234,0.213231,kenya pen=0.5 phi=0.5 tou
65,180,300,100,True,1.14784,False,0.458234,0.209925,kenya pen=0.5 phi=0.5 tou
65,200,300,100,True,1.162,False,0.458234,0.20818,kenya pen=0.5 phi=0.5 tou
65,220,300,100,True,1.17692,False,0.458234,0.20693,kenya pen=0.5 phi=0.5 tou
65,240,300,100,True,1.19238,False,0.458234,0.205983,kenya pen=0.5 phi=0.5 tou
65,260,300,100,True,1.2081,False,0.458234,0.205189,kenya pen=0.5 phi=0.5 tou
65,280,300,100,True,1.22406,False,0.458234,0.204531,kenya pen=0.5 phi=0.5 tou
65,300,300,100,True,1.24021,False,0.458234,0.203983,kenya pen=0.5 phi=0.5 tou
65,320,300,100,True,1.25651,False,0.458234,0.20352,kenya pen=0.5 phi=0.5 tou
65,340,300,100,True,1.27292,False,0.458234,0.20312,kenya pen=0.5 phi=0.5 tou
65,360,300,100,True,1.28939,False,0.458234,0.202758,kenya pen=0.5 phi=0.5 tou
65,380,300,100,True,1.30595,False,0.458234,0.202451,kenya pen=0.5 phi=0.5 tou
65,400,300,100,True,1.32259,False,0.458234,0.202185,kenya pen=0.5 phi=0.5 tou
65,420,300,100,True,1.33927,False,0.458234,0.201954,kenya pen=0.5 phi=0.5 tou
65,440,300,100,True,1.35604,False,0.458234,0.201769,kenya pen=0.5 phi=0.5 tou
65,460,300,100,True,1.37285,False,0.458234,0.201606,kenya pen=0.5 phi=0.5 tou
65,480,300,100,True,1.38967,False,0.458234,0.201453,kenya pen=0.5 phi=0.5 tou
65,500,300,100,True,1.40649,False,0.458234,0.201303,kenya pen=0.5 phi=0.5 tou
65,520,300,100,True,1.42334,False,0.458234,0.201172,kenya pen=0.5 phi=0.5 tou
65,540,300,100,True,1.44022,False,0.458234,0.201059,kenya pen=0.5 phi=0.5 tou
65,560,300,100,True,1.45714,False,0.458234,0.200962,kenya pen=0.5 phi=0.5 tou
65,580,300,100,True,1.47405,False,0.458234,0.200866,kenya pen=0.5 phi=0.5 tou
65,600,300,100,True,1.49096,False,0.458234,0.20077,kenya pen=0.5 phi=0.5 tou
65,620,300,100,True,1.50788,False,0.458234,0.200685,kenya pen=0.5 phi=0.5 tou
65,640,300,100,True,1.52482,False,0.458234,0.200609,kenya pen=0.5 phi=0.5 tou
65,660,300,100,True,1.54177,False,0.458234,0.200541,kenya pen=0.5 phi=0.5 tou
65,680,300,100,True,1.55872,False,0.458234,0.200473,kenya pen=0.5 phi=0.5 tou
65,700,300,100,True,1.57566,False,0.458234,0.200406,kenya pen=0.5 phi=0.5 tou
65,720,300,100,True,1.5926,False,0.458234,0.200338,kenya pen=0.5 phi=0.5 tou
65,740,300,100,True,1.60955,False,0.458234,0.200276,kenya pen=0.5 phi=0.5 tou
65,760,300,100,True,1.6265,False,0.458234,0.200215,kenya pen=0.5 phi=0.5 tou
65,780,300,100,True,1.64345,False,0.458234,0.200155,kenya pen=0.5 phi=0.5 tou
65,800,300,100,True,1.6604,False,0.458234,0.200094,kenya pen=0.5 phi=0.5 tou
65,820,300,100,True,1.67735,False,0.458234,0.200036,kenya pen=0.5 phi=0.5 tou
65,840,300,100,True,1.6943,False,0.458234,0.199982,kenya pen=0.5 phi=0.5 tou
65,860,300,100,True,1.71125,False,0.458234,0.199929,kenya pen=0.5 phi=0.5 tou
65,880,300,100,True,1.7282,False,0.458234,0.199876,kenya pen=0.5 phi=0.5 tou
65,900,300,100,True,1.74515,False,0.458234,0.199822,kenya pen=0.5 phi=0.5 tou
65,920,300,100,True,1.7621,False,0.458234,0.199771,kenya pen=0.5 phi=0.5 tou
65,940,300,100,True,1.77906,False,0.458234,0.199724,kenya pen=0.5 phi=0.5 tou
65,960,300,100,True,1.79602,False,0.458234,0.199678,kenya pen=0.5 phi=0.5 tou
65,980,300,100,True,1.81298,False,0.458234,0.199632,kenya pen=0.5 phi=0.5 tou
65,1000,300,100,True,1.82994,False,0.458234,0.199586,kenya pen=0.5 phi=0.5 tou
65,1020,300,100,True,1.8469,False,0.458234,0.199539,kenya pen=0.5 phi=0.5 tou
65,1040,300,100,True,1.86385,False,0.458234,0.199493,kenya pen=0.5 phi=0.5 tou
65,1060,300,100,True,1.8808,False,0.458234,0.199447,kenya pen=0.5 phi=0.5 tou
65,1080,300,100,True,1.89775,False,0.458234,0.1994,kenya pen=0.5 phi=0.5 tou
65,1100,300,100,True,1.9147,False,0.458234,0.199354,kenya pen=0.5 phi=0.5 tou
65,1120,300,100,True,1.93164,False,0.458234,0.199308,kenya pen=0.5 phi=0.5 tou
65,1140,300,100,True,1.94859,False,0.458234,0.199262,kenya pen=0.5 phi=0.5 tou
65,1160,300,100,True,1.96553,False,0.458234,0.199215,kenya pen=0.5 phi=0.5 tou
65,1180,300,100,True,1.98247,False,0.458234,0.199169,kenya pen=0.5 phi=0.5 tou
65,1200,300,100,True,1.99941,False,0.458234,0.199123,kenya pen=0.5 phi=0.5 tou
65,1220,300,100,True,2.01634,False,0.458234,0.199077,kenya pen=0.5 phi=0.5 tou
65,1240,300,100,True,2.03329,False,0.458234,0.199036,kenya pen=0.5 phi=0.5 tou
65,1260,300,100,True,2.05024,False,0.458234,0.198997,kenya pen=0.5 phi=0.5 tou
65,1280,300,100,True,2.06719,False,0.458234,0.198958,kenya pen=0.5 phi=0.5 tou
65,1300,300,100,True,2.08414,False,0.458234,0.198918,kenya pen=0.5 phi=0.5 tou
65,1320,300,100,True,2.10108,False,0.458234,0.198879,kenya pen=0.5 phi=0.5 tou
65,1340,300,100,True,2.11803,False,0.458234,0.19884,kenya pen=0.5 phi=0.5 tou
65,1360,300,100,True,2.13497,False,0.458234,0.198801,kenya pen=0.5 phi=0.5 tou
65,1380,300,100,True,2.15191,False,0.458234,0.198762,kenya pen=0.5 phi=0.5 tou
65,1400,300,100,True,2.16885,False,0.458234,0.198723,kenya pen=0.5 phi=0.5 tou
70,0,300,100,True,1.51449,False,0.554261,0.454989,kenya pen=0.5 phi=0.5 tou
70,20,300,100,True,1.39317,False,0.526767,0.403845,kenya pen=0.5 phi=0.5 tou
70,40,300,100,True,1.30586,False,0.502162,0.359182,kenya pen=0.5 phi=0.5 tou
70,60,300,100,True,1.23289,False,0.479384,0.315789,kenya pen=0.5 phi=0.5 tou
70,80,300,100,True,1.17445,False,0.459084,0.274793,kenya pen=0.5 phi=0.5 tou
70,100,300,100,True,1.13951,False,0.441928,0.240172,kenya pen=0.5 phi=0.5 tou
70,120,300,100,True,1.12322,False,0.428919,0.213284,kenya pen=0.5 phi=0.5 tou
70,140,300,100,True,1.11897,False,0.421134,0.194045,kenya pen=0.5 phi=0.5 tou
70,160,300,100,True,1.12379,False,0.418387,0.182645,kenya pen=0.5 phi=0.5 tou
70,180,300,100,True,1.13464,False,0.418119,0.177386,kenya pen=0.5 phi=0.5 tou
70,200,300,100,True,1.14809,False,0.418119,0.174981,kenya pen=0.5 phi=0.5 tou
70,220,300,100,True,1.1626,False,0.418119,0.173484,kenya pen=0.5 phi=0.5 tou
70,240,300,100,True,1.17761,False,0.418119,0.172332,kenya pen=0.5 phi=0.5 tou
70,260,300,100,True,1.19293,False,0.418119,0.171397,kenya pen=0.5 phi=0.5 tou
70,280,300,100,True,1.20848,False,0.418119,0.170616,kenya pen=0.5 phi=0.5 tou
70,300,300,100,True,1.22425,False,0.418119,0.169984,kenya pen=0.5 phi=0.5 tou
70,320,300,100,True,1.24015,False,0.418119,0.169451,kenya pen=0.5 phi=0.5 tou
70,340,300,100,True,1.25618,False,0.418119,0.169002,kenya pen=0.5 phi=0.5 tou
70,360,300,100,True,1.27227,False,0.418119,0.168597,kenya pen=0.5 phi=0.5 tou
70,380,300,100,True,1.28843,False,0.418119,0.16824,kenya pen=0.5 phi=0.5 tou
70,400,300,100,True,1.30464,False,0.418119,0.167924,kenya pen=0.5 phi=0.5 tou
70,420,300,100,True,1.32093,False,0.418119,0.167657,kenya pen=0.5 phi=0.5 tou
70,440,300,100,True,1.33727,False,0.418119,0.167426,kenya pen=0.5 phi=0.5 tou
70,460,300,100,True,1.35366,False,0.418119,0.167229,kenya pen=0.5 phi=0.5 tou
70,480,300,100,True,1.37007,False,0.418119,0.167052,kenya pen=0.5 phi=0.5 tou
70,500,300,100,True,1.38652,False,0.418119,0.166897,kenya pen=0.5 phi=0.5 tou
70,520,300,100,True,1.40299,False,0.418119,0.166762,kenya pen=0.5 phi=0.5 tou
70,540,300,100,True,1.41949,False,0.418119,0.166646,kenya pen=0.5 phi=0.5 tou
70,560,300,100,True,1.43601,False,0.418119,0.16654,kenya pen=0.5 phi=0.5 tou
70,580,300,100,True,1.45253,False,0.418119,0.16644,kenya pen=0.5 phi=0.5 tou
70,600,300,100,True,1.46906,False,0.418119,0.16635,kenya pen=0.5 phi=0.5 tou
70,620,300,100,True,1.4856,False,0.418119,0.166268,kenya pen=0.5 phi=0.5 tou
70,640,300,100,True,1.50215,False,0.418119,0.166189,kenya pen=0.5 phi=0.5 tou
70,660,300,100,True,1.5187,False,0.418119,0.166115,kenya pen=0.5 phi=0.5 tou
70,680,300,100,True,1.53526,False,0.418119,0.166043,kenya pen=0.5 phi=0.5 tou
70,700,300,100,True,1.55181,False,0.418119,0.165972,kenya pen=0.5 phi=0.5 tou
70,720,300,100,True,1.56836,False,0.418119,0.165901,kenya pen=0.5 phi=0.5 tou
70,740,300,100,True,1.58491,False,0.418119,0.165832,kenya pen=0.5 phi=0.5 tou
70,760,300,100,True,1.60147,False,0.418119,0.165768,kenya pen=0.5 phi=0.5 tou
70,780,300,100,True,1.61802,False,0.418119,0.165708,kenya pen=0.5 phi=0.5 tou
70,800,300,100,True,1.63458,False,0.418119,0.165647,kenya pen=0.5 phi=0.5 tou
70,820,300,100,True,1.65114,False,0.418119,0.165587,kenya pen=0.5 phi=0.5 tou
70,840,300,100,True,1.66771,False,0.418119,0.165535,kenya pen=0.5 phi=0.5 tou
70,860,300,100,True,1.68429,False,0.418119,0.165489,kenya pen=0.5 phi=0.5 tou
70,880,300,100,True,1.70087,False,0.418119,0.165443,kenya pen=0.5 phi=0.5 tou
70,900,300,100,True,1.71745,False,0.418119,0.165396,kenya pen=0.5 phi=0.5 tou
70,920,300,100,True,1.73403,False,0.418119,0.16535,kenya pen=0.5 phi=0.5 tou
70,940,300,100,True,1.7506,False,0.418119,0.165304,kenya pen=0.5 phi=0.5 tou
70,960,300,100,True,1.76718,False,0.418119,0.165257,kenya pen=0.5 phi=0.5 tou
70,980,300,100,True,1.78375,False,0.418119,0.165211,kenya pen=0.5 phi=0.5 tou
70,1000,300,100,True,1.80032,False,0.418119,0.165165,kenya pen=0.5 phi=0.5 tou
70,1020,300,100,True,1.81688,False,0.418119,0.165119,kenya pen=0.5 phi=0.5 tou
70,1040,300,100,True,1.83345,False,0.418119,0.165072,kenya pen=0.5 phi=0.5 tou
70,1060,300,100,True,1.85002,False,0.418119,0.165026,kenya pen=0.5 phi=0.5 tou
70,1080,300,100,True,1.86658,False,0.418119,0.16498,kenya pen=0.5 phi=0.5 tou
70,1100,300,100,True,1.88314,False,0.418119,0.164934,kenya pen=0.5 phi=0.5 tou
70,1120,300,100,True,1.89971,False,0.418119,0.164895,kenya pen=0.5 phi=0.5 tou
70,1140,300,100,True,1.91629,False,0.418119,0.16486,kenya pen=0.5 phi=0.5 tou
70,1160,300,100,True,1.93287,False,0.418119,0.164828,kenya pen=0.5 phi=0.5 tou
70,1180,300,100,True,1.94946,False,0.418119,0.164796,kenya pen=0.5 phi=0.5 tou
70,1200,300,100,True,1.96604,False,0.418119,0.164763,kenya pen=0.5 phi=0.5 tou
70,1220,300,100,True,1.98262,False,0.418119,0.164731,kenya pen=0.5 phi=0.5 tou
70,1240,300,100,True,1.9992,False,0.418119,0.164699,kenya pen=0.5 phi=0.5 tou
70,1260,300,100,True,2.01577,False,0.418119,0.164667,kenya pen=0.5 phi=0.5 tou
70,1280,300,100,True,2.03235,False,0.418119,0.164635,kenya pen=0.5 phi=0.5 tou
70,1300,300,100,True,2.04893,False,0.418119,0.164603,kenya pen=0.5 phi=0.5 tou
70,1320,300,100,True,2.0655,False,0.418119,0.164571,kenya pen=0.5 phi=0.5 tou
70,1340,300,100,True,2.08207,False,0.418119,0.164539,kenya pen=0.5 phi=0.5 tou
70,1360,300,100,True,2.09864,False,0.418119,0.164507,kenya pen=0.5 phi=0.5 tou
70,1380,300,100,True,2.11521,False,0.418119,0.164475,kenya pen=0.5 phi=0.5 tou
70,1400,300,100,True,2.13178,False,0.418119,0.164443,kenya pen=0.5 phi=0.5 tou
75,0,300,100,True,1.50562,False,0.538396,0.441043,kenya pen=0.5 phi=0.5 tou
75,20,300,100,True,1.38765,False,0.510175,0.389478,kenya pen=0.5 phi=0.5 tou
75,40,300,100,True,1.30174,False,0.48514,0.344499,kenya pen=0.5 phi=0.5 tou
75,60,300,100,True,1.22936,False,0.461351,0.30045,kenya pen=0.5 phi=0.5 tou
75,80,300,100,True,1.17109,False,0.439223,0.258435,kenya pen=0.5 phi=0.5 tou
75,100,300,100,True,1.13642,False,0.419783,0.222525,kenya pen=0.5 phi=0.5 tou
75,120,300,100,True,1.1198,False,0.40294,0.193889,kenya pen=0.5 phi=0.5 tou
75,140,300,100,True,1.11484,False,0.3901,0.172421,kenya pen=0.5 phi=0.5 tou
75,160,300,100,True,1.11835,False,0.381831,0.158195,kenya pen=0.5 phi=0.5 tou
75,180,300,100,True,1.12764,False,0.378562,0.150208,kenya pen=0.5 phi=0.5 tou
75,200,300,100,True,1.1401,False,0.378154,0.146278,kenya pen=0.5 phi=0.5 tou
75,220,300,100,True,1.15415,False,0.378154,0.144309,kenya pen=0.5 phi=0.5 tou
75,240,300,100,True,1.16883,False,0.378154,0.142975,kenya pen=0.5 phi=0.5 tou
75,260,300,100,True,1.18386,False,0.378154,0.141903,kenya pen=0.5 phi=0.5 tou
75,280,300,100,True,1.19911,False,0.378154,0.141018,kenya pen=0.5 phi=0.5 tou
75,300,300,100,True,1.21456,False,0.378154,0.140279,kenya pen=0.5 phi=0.5 tou
75,320,300,100,True,1.23013,False,0.378154,0.139648,kenya pen=0.5 phi=0.5 tou
75,340,300,100,True,1.24583,False,0.378154,0.139111,kenya pen=0.5 phi=0.5 tou
75,360,300,100,True,1.2616,False,0.378154,0.138635,kenya pen=0.5 phi=0.5 tou
75,380,300,100,True,1.27744,False,0.378154,0.138219,kenya pen=0.5 phi=0.5 tou
75,400,300,100,True,1.29335,False,0.378154,0.13786,kenya pen=0.5 phi=0.5 tou
75,420,300,100,True,1.30933,False,0.378154,0.137553,kenya pen=0.5 phi=0.5 tou
75,440,300,100,True,1.32533,False,0.378154,0.137276,kenya pen=0.5 phi=0.5 tou
75,460,300,100,True,1.34139,False,0.378154,0.137034,kenya pen=0.5 phi=0.5 tou
75,480,300,100,True,1.35748,False,0.378154,0.136822,kenya pen=0.5 phi=0.5 tou
75,500,300,100,True,1.37359,False,0.378154,0.136629,kenya pen=0.5 phi=0.5 tou
75,520,300,100,True,1.38972,False,0.378154,0.136462,kenya pen=0.5 phi=0.5 tou
75,540,300,100,True,1.40589,False,0.378154,0.136316,kenya pen=0.5 phi=0.5 tou
75,560,300,100,True,1.42209,False,0.378154,0.136189,kenya pen=0.5 phi=0.5 tou
75,580,300,100,True,1.4383,False,0.378154,0.136078,kenya pen=0.5 phi=0.5 tou
75,600,300,100,True,1.45453,False,0.378154,0.135978,kenya pen=0.5 phi=0.5 tou
75,620,300,100,True,1.47075,False,0.378154,0.135883,kenya pen=0.5 phi=0.5 tou
75,640,300,100,True,1.487,False,0.378154,0.135801,kenya pen=0.5 phi=0.5 tou
75,660,300,100,True,1.50324,False,0.378154,0.135723,kenya pen=0.5 phi=0.5 tou
75,680,300,100,True,1.51949,False,0.378154,0.135652,kenya pen=0.5 phi=0.5 tou
75,700,300,100,True,1.53575,False,0.378154,0.135581,kenya pen=0.5 phi=0.5 tou
75,720,300,100,True,1.552,False,0.378154,0.13551,kenya pen=0.5 phi=0.5 tou
75,740,300,100,True,1.56825,False,0.378154,0.135444,kenya pen=0.5 phi=0.5 tou
75,760,300,100,True,1.58451,False,0.378154,0.13538,kenya pen=0.5 phi=0.5 tou
75,780,300,100,True,1.60078,False,0.378154,0.135321,kenya pen=0.5 phi=0.5 tou
75,800,300,100,True,1.61704,False,0.378154,0.135265,kenya pen=0.5 phi=0.5 tou
75,820,300,100,True,1.63331,False,0.378154,0.135208,kenya pen=0.5 phi=0.5 tou
75,840,300,100,True,1.64957,False,0.378154,0.135151,kenya pen=0.5 phi=0.5 tou
75,860,300,100,True,1.66584,False,0.378154,0.135094,kenya pen=0.5 phi=0.5 tou
75,880,300,100,True,1.6821,False,0.378154,0.135037,kenya pen=0.5 phi=0.5 tou
75,900,300,100,True,1.69836,False,0.378154,0.13498,kenya pen=0.5 phi=0.5 tou
75,920,300,100,True,1.71462,False,0.378154,0.134923,kenya pen=0.5 phi=0.5 tou
75,940,300,100,True,1.73087,False,0.378154,0.134866,kenya pen=0.5 phi=0.5 tou
75,960,300,100,True,1.74713,False,0.378154,0.134809,kenya pen=0.5 phi=0.5 tou
75,980,300,100,True,1.76338,False,0.378154,0.134752,kenya pen=0.5 phi=0.5 tou
75,1000,300,100,True,1.77963,False,0.378154,0.134695,kenya pen=0.5 phi=0.5 tou
75,1020,300,100,True,1.79588,False,0.378154,0.134638,kenya pen=0.5 phi=0.5 tou
75,1040,300,100,True,1.81212,False,0.378154,0.134581,kenya pen=0.5 phi=0.5 tou
75,1060,300,100,True,1.82837,False,0.378154,0.134525,kenya pen=0.5 phi=0.5 tou
75,1080,300,100,True,1.84463,False,0.378154,0.134475,kenya pen=0.5 phi=0.5 tou
75,1100,300,100,True,1.86088,False,0.378154,0.134425,kenya pen=0.5 phi=0.5 tou
75,1120,300,100,True,1.87715,False,0.378154,0.134383,kenya pen=0.5 phi=0.5 tou
75,1140,300,100,True,1.89341,False,0.378154,0.13434,kenya pen=0.5 phi=0.5 tou
75,1160,300,100,True,1.90967,False,0.378154,0.134297,kenya pen=0.5 phi=0.5 tou
75,1180,300,100,True,1.92593,False,0.378154,0.134254,kenya pen=0.5 phi=0.5 tou
75,1200,300,100,True,1.94219,False,0.378154,0.134212,kenya pen=0.5 phi=0.5 tou
75,1220,300,100,True,1.95845,False,0.378154,0.134169,kenya pen=0.5 phi=0.5 tou
75,1240,300,100,True,1.9747,False,0.378154,0.134126,kenya pen=0.5 phi=0.5 tou
75,1260,300,100,True,1.99096,False,0.378154,0.134083,kenya pen=0.5 phi=0.5 tou
75,1280,300,100,True,2.00721,False,0.378154,0.134041,kenya pen=0.5 phi=0.5 tou
75,1300,300,100,True,2.02346,False,0.378154,0.133998,kenya pen=0.5 phi=0.5 tou
75,1320,300,100,True,2.03971,False,0.378154,0.133955,kenya pen=0.5 phi=0.5 tou
75,1340,300,100,True,2.05596,False,0.378154,0.133913,kenya pen=0.5 phi=0.5 tou
75,1360,300,100,True,2.07221,False,0.378154,0.133872,kenya pen=0.5 phi=0.5 tou
75,1380,300,100,True,2.08848,False,0.378154,0.133842,kenya pen=0.5 phi=0.5 tou
75,1400,300,100,True,2.10476,False,0.378154,0.133814,kenya pen=0.5 phi=0.5 tou
80,0,300,100,True,1.50079,False,0.523708,0.428462,kenya pen=0.5 phi=0.5 tou
80,20,300,100,True,1.38554,False,0.494559,0.376569,kenya pen=0.5 phi=0.5 tou
80,40,300,100,True,1.30065,False,0.46926,0.331342,kenya pen=0.5 phi=0.5 tou
80,60,300,100,True,1.22871,False,0.444762,0.286839,kenya pen=0.5 phi=0.5 tou
80,80,300,100,True,1.17069,False,0.421627,0.244139,kenya pen=0.5 phi=0.5 tou
80,100,300,100,True,1.13627,False,0.400126,0.20734,kenya pen=0.5 phi=0.5 tou
80,120,300,100,True,1.11965,False,0.381211,0.177589,kenya pen=0.5 phi=0.5 tou
80,140,300,100,True,1.11438,False,0.364379,0.154734,kenya pen=0.5 phi=0.5 tou
80,160,300,100,True,1.11745,False,0.351411,0.138842,kenya pen=0.5 phi=0.5 tou
80,180,300,100,True,1.12562,False,0.342683,0.128482,kenya pen=0.5 phi=0.5 tou
80,200,300,100,True,1.13693,False,0.338869,0.12239,kenya pen=0.5 phi=0.5 tou
80,220,300,100,True,1.15022,False,0.338321,0.11926,kenya pen=0.5 phi=0.5 tou
80,240,300,100,True,1.16455,False,0.338306,0.117558,kenya pen=0.5 phi=0.5 tou
80,260,300,100,True,1.17933,False,0.338306,0.116339,kenya pen=0.5 phi=0.5 tou
80,280,300,100,True,1.19437,False,0.338306,0.115353,kenya pen=0.5 phi=0.5 tou
80,300,300,100,True,1.20958,False,0.338306,0.114514,kenya pen=0.5 phi=0.5 tou
80,320,300,100,True,1.2249,False,0.338306,0.113782,kenya pen=0.5 phi=0.5 tou
80,340,300,100,True,1.24033,False,0.338306,0.113147,kenya pen=0.5 phi=0.5 tou
80,360,300,100,True,1.25586,False,0.338306,0.112615,kenya pen=0.5 phi=0.5 tou
80,380,300,100,True,1.27147,False,0.338306,0.112151,kenya pen=0.5 phi=0.5 tou
80,400,300,100,True,1.28713,False,0.338306,0.111735,kenya pen=0.5 phi=0.5 tou
80,420,300,100,True,1.30285,False,0.338306,0.11137,kenya pen=0.5 phi=0.5 tou
80,440,300,100,True,1.31861,False,0.338306,0.111044,kenya pen=0.5 phi=0.5 tou
80,460,300,100,True,1.3344,False,0.338306,0.110755,kenya pen=0.5 phi=0.5 tou
80,480,300,100,True,1.35023,False,0.338306,0.110508,kenya pen=0.5 phi=0.5 tou
80,500,300,100,True,1.3661,False,0.338306,0.110293,kenya pen=0.5 phi=0.5 tou
80,520,300,100,True,1.382,False,0.338306,0.110101,kenya pen=0.5 phi=0.5 tou
80,540,300,100,True,1.3979,False,0.338306,0.109916,kenya pen=0.5 phi=0.5 tou
80,560,300,100,True,1.41382,False,0.338306,0.109751,kenya pen=0.5 phi=0.5 tou
80,580,300,100,True,1.42977,False,0.338306,0.109615,kenya pen=0.5 phi=0.5 tou
80,600,300,100,True,1.44575,False,0.338306,0.109499,kenya pen=0.5 phi=0.5 tou
80,620,300,100,True,1.46173,False,0.338306,0.109386,kenya pen=0.5 phi=0.5 tou
80,640,300,100,True,1.47772,False,0.338306,0.109285,kenya pen=0.5 phi=0.5 tou
80,660,300,100,True,1.49373,False,0.338306,0.109202,kenya pen=0.5 phi=0.5 tou
80,680,300,100,True,1.50974,False,0.338306,0.109124,kenya pen=0.5 phi=0.5 tou
80,700,300,100,True,1.52575,False,0.338306,0.109046,kenya pen=0.5 phi=0.5 tou
80,720,300,100,True,1.54177,False,0.338306,0.108972,kenya pen=0.5 phi=0.5 tou
80,740,300,100,True,1.55779,False,0.338306,0.108903,kenya pen=0.5 phi=0.5 tou
80,760,300,100,True,1.57382,False,0.338306,0.108842,kenya pen=0.5 phi=0.5 tou
80,780,300,100,True,1.58985,False,0.338306,0.108785,kenya pen=0.5 phi=0.5 tou
80,800,300,100,True,1.60588,False,0.338306,0.108728,kenya pen=0.5 phi=0.5 tou
80,820,300,100,True,1.62191,False,0.338306,0.108671,kenya pen=0.5 phi=0.5 tou
80,840,300,100,True,1.63794,False,0.338306,0.108614,kenya pen=0.5 phi=0.5 tou
80,860,300,100,True,1.65397,False,0.338306,0.108557,kenya pen=0.5 phi=0.5 tou
80,880,300,100,True,1.66999,False,0.338306,0.1085,kenya pen=0.5 phi=0.5 tou
80,900,300,100,True,1.68602,False,0.338306,0.108443,kenya pen=0.5 phi=0.5 tou
80,920,300,100,True,1.70204,False,0.338306,0.108386,kenya pen=0.5 phi=0.5 tou
80,940,300,100,True,1.71806,False,0.338306,0.108329,kenya pen=0.5 phi=0.5 tou
80,960,300,100,True,1.73408,False,0.338306,0.108272,kenya pen=0.5 phi=0.5 tou
80,980,300,100,True,1.7501,False,0.338306,0.108215,kenya pen=0.5 phi=0.5 tou
80,1000,300,100,True,1.76612,False,0.338306,0.108158,kenya pen=0.5 phi=0.5 tou
80,1020,300,100,True,1.78213,False,0.338306,0.108101,kenya pen=0.5 phi=0.5 tou
80,1040,300,100,True,1.79815,False,0.338306,0.108044,kenya pen=0.5 phi=0.5 tou
80,1060,300,100,True,1.81417,False,0.338306,0.107993,kenya pen=0.5 phi=0.5 tou
80,1080,300,100,True,1.83019,False,0.338306,0.107944,kenya pen=0.5 phi=0.5 tou
80,1100,300,100,True,1.84621,False,0.338306,0.107894,kenya pen=0.5 phi=0.5 tou
80,1120,300,100,True,1.86223,False,0.338306,0.107844,kenya pen=0.5 phi=0.5 tou
80,1140,300,100,True,1.87825,False,0.338306,0.107794,kenya pen=0.5 phi=0.5 tou
80,1160,300,100,True,1.89426,False,0.338306,0.107744,kenya pen=0.5 phi=0.5 tou
80,1180,300,100,True,1.91028,False,0.338306,0.107694,kenya pen=0.5 phi=0.5 tou
80,1200,300,100,True,1.92629,False,0.338306,0.107645,kenya pen=0.5 phi=0.5 tou
80,1220,300,100,True,1.94231,False,0.338306,0.107595,kenya pen=0.5 phi=0.5 tou
80,1240,300,100,True,1.95832,False,0.338306,0.107545,kenya pen=0.5 phi=0.5 tou
80,1260,300,100,True,1.97433,False,0.338306,0.107495,kenya pen=0.5 phi=0.5 tou
80,1280,300,100,True,1.99034,False,0.338306,0.107445,kenya pen=0.5 phi=0.5 tou
80,1300,300,100,True,2.00634,False,0.338306,0.107395,kenya pen=0.5 phi=0.5 tou
80,1320,300,100,True,2.02235,False,0.338306,0.107346,kenya pen=0.5 phi=0.5 tou
80,1340,300,100,True,2.03836,False,0.338306,0.107297,kenya pen=0.5 phi=0.5 tou
80,1360,300,100,True,2.05438,False,0.338306,0.107255,kenya pen=0.5 phi=0.5 tou
80,1380,300,100,True,2.0704,False,0.338306,0.107212,kenya pen=0.5 phi=0.5 tou
80,1400,300,100,True,2.08642,False,0.338306,0.107173,kenya pen=0.5 phi=0.5 tou
85,0,300,100,True,1.49918,False,0.509935,0.417077,kenya pen=0.5 phi=0.5 tou
85,20,300,100,True,1.38614,False,0.479811,0.364948,kenya pen=0.5 phi=0.5 tou
85,40,300,100,True,1.30196,False,0.454213,0.319523,kenya pen=0.5 phi=0.5 tou
85,60,300,100,True,1.23032,False,0.42939,0.274685,kenya pen=0.5 phi=0.5 tou
85,80,300,100,True,1.17256,False,0.40538,0.23152,kenya pen=0.5 phi=0.5 tou
85,100,300,100,True,1.13837,False,0.382687,0.194145,kenya pen=0.5 phi=0.5 tou
85,120,300,100,True,1.12185,False,0.361742,0.163613,kenya pen=0.5 phi=0.5 tou
85,140,300,100,True,1.11657,False,0.342972,0.139947,kenya pen=0.5 phi=0.5 tou
85,160,300,100,True,1.11958,False,0.32585,0.123145,kenya pen=0.5 phi=0.5 tou
85,180,300,100,True,1.1272,False,0.312675,0.111273,kenya pen=0.5 phi=0.5 tou
85,200,300,100,True,1.13761,False,0.303589,0.103291,kenya pen=0.5 phi=0.5 tou
85,220,300,100,True,1.15006,False,0.299296,0.0985136,kenya pen=0.5 phi=0.5 tou
85,240,300,100,True,1.16387,False,0.298577,0.0959734,kenya pen=0.5 phi=0.5 tou
85,260,300,100,True,1.17839,False,0.298549,0.0944763,kenya pen=0.5 phi=0.5 tou
85,280,300,100,True,1.1932,False,0.298549,0.0933231,kenya pen=0.5 phi=0.5 tou
85,300,300,100,True,1.20821,False,0.298549,0.0923707,kenya pen=0.5 phi=0.5 tou
85,320,300,100,True,1.22336,False,0.298549,0.0915661,kenya pen=0.5 phi=0.5 tou
85,340,300,100,True,1.2386,False,0.298549,0.0908476,kenya pen=0.5 phi=0.5 tou
85,360,300,100,True,1.25393,False,0.298549,0.0902256,kenya pen=0.5 phi=0.5 tou
85,380,300,100,True,1.26934,False,0.298549,0.0896973,kenya pen=0.5 phi=0.5 tou
85,400,300,100,True,1.28482,False,0.298549,0.0892402,kenya pen=0.5 phi=0.5 tou
85,420,300,100,True,1.30034,False,0.298549,0.088829,kenya pen=0.5 phi=0.5 tou
85,440,300,100,True,1.31591,False,0.298549,0.0884629,kenya pen=0.5 phi=0.5 tou
85,460,300,100,True,1.3315,False,0.298549,0.0881261,kenya pen=0.5 phi=0.5 tou
85,480,300,100,True,1.34713,False,0.298549,0.0878275,kenya pen=0.5 phi=0.5 tou
85,500,300,100,True,1.3628,False,0.298549,0.0875793,kenya pen=0.5 phi=0.5 tou
85,520,300,100,True,1.3785,False,0.298549,0.0873587,kenya pen=0.5 phi=0.5 tou
85,540,300,100,True,1.39422,False,0.298549,0.0871608,kenya pen=0.5 phi=0.5 tou
85,560,300,100,True,1.40996,False,0.298549,0.0869869,kenya pen=0.5 phi=0.5 tou
85,580,300,100,True,1.4257,False,0.298549,0.0868188,kenya pen=0.5 phi=0.5 tou
85,600,300,100,True,1.44147,False,0.298549,0.0866673,kenya pen=0.5 phi=0.5 tou
85,620,300,100,True,1.45724,False,0.298549,0.0865239,kenya pen=0.5 phi=0.5 tou
85,640,300,100,True,1.47302,False,0.298549,0.0864008,kenya pen=0.5 phi=0.5 tou
85,660,300,100,True,1.48882,False,0.298549,0.0862907,kenya pen=0.5 phi=0.5 tou
85,680,300,100,True,1.50463,False,0.298549,0.0861918,kenya pen=0.5 phi=0.5 tou
85,700,300,100,True,1.52046,False,0.298549,0.0861065,kenya pen=0.5 phi=0.5 tou
85,720,300,100,True,1.53628,False,0.298549,0.0860282,kenya pen=0.5 phi=0.5 tou
85,740,300,100,True,1.55211,False,0.298549,0.0859506,kenya pen=0.5 phi=0.5 tou
85,760,300,100,True,1.56794,False,0.298549,0.0858794,kenya pen=0.5 phi=0.5 tou
85,780,300,100,True,1.58378,False,0.298549,0.0858082,kenya pen=0.5 phi=0.5 tou
85,800,300,100,True,1.59962,False,0.298549,0.0857437,kenya pen=0.5 phi=0.5 tou
85,820,300,100,True,1.61546,False,0.298549,0.0856867,kenya pen=0.5 phi=0.5 tou
85,840,300,100,True,1.63131,False,0.298549,0.0856298,kenya pen=0.5 phi=0.5 tou
85,860,300,100,True,1.64715,False,0.298549,0.0855728,kenya pen=0.5 phi=0.5 tou
85,880,300,100,True,1.66299,False,0.298549,0.0855159,kenya pen=0.5 phi=0.5 tou
85,900,300,100,True,1.67883,False,0.298549,0.0854589,kenya pen=0.5 phi=0.5 tou
85,920,300,100,True,1.69467,False,0.298549,0.0854019,kenya pen=0.5 phi=0.5 tou
85,940,300,100,True,1.71051,False,0.298549,0.085345,kenya pen=0.5 phi=0.5 tou
85,960,300,100,True,1.72634,False,0.298549,0.085288,kenya pen=0.5 phi=0.5 tou
85,980,300,100,True,1.74218,False,0.298549,0.0852311,kenya pen=0.5 phi=0.5 tou
85,1000,300,100,True,1.75801,False,0.298549,0.0851741,kenya pen=0.5 phi=0.5 tou
85,1020,300,100,True,1.77384,False,0.298549,0.0851172,kenya pen=0.5 phi=0.5 tou
85,1040,300,100,True,1.78967,False,0.298549,0.0850602,kenya pen=0.5 phi=0.5 tou
85,1060,300,100,True,1.8055,False,0.298549,0.0850033,kenya pen=0.5 phi=0.5 tou
85,1080,300,100,True,1.82134,False,0.298549,0.0849528,kenya pen=0.5 phi=0.5 tou
85,1100,300,100,True,1.83718,False,0.298549,0.084903,kenya pen=0.5 phi=0.5 tou
85,1120,300,100,True,1.85301,False,0.298549,0.0848532,kenya pen=0.5 phi=0.5 tou
85,1140,300,100,True,1.86885,False,0.298549,0.0848033,kenya pen=0.5 phi=0.5 tou
85,1160,300,100,True,1.88468,False,0.298549,0.0847535,kenya pen=0.5 phi=0.5 tou
85,1180,300,100,True,1.90051,False,0.298549,0.0847037,kenya pen=0.5 phi=0.5 tou
85,1200,300,100,True,1.91635,False,0.298549,0.0846538,kenya pen=0.5 phi=0.5 tou
85,1220,300,100,True,1.93218,False,0.298549,0.084604,kenya pen=0.5 phi=0.5 tou
85,1240,300,100,True,1.948,False,0.298549,0.0845542,kenya pen=0.5 phi=0.5 tou
85,1260,300,100,True,1.96383,False,0.298549,0.0845043,kenya pen=0.5 phi=0.5 tou
85,1280,300,100,True,1.97966,False,0.298549,0.0844545,kenya pen=0.5 phi=0.5 tou
85,1300,300,100,True,1.99548,False,0.298549,0.0844047,kenya pen=0.5 phi=0.5 tou
85,1320,300,100,True,2.01131,False,0.298549,0.0843548,kenya pen=0.5 phi=0.5 tou
85,1340,300,100,True,2.02713,False,0.298549,0.0843071,kenya pen=0.5 phi=0.5 tou
85,1360,300,100,True,2.04297,False,0.298549,0.0842644,kenya pen=0.5 phi=0.5 tou
85,1380,300,100,True,2.05881,False,0.298549,0.0842217,kenya pen=0.5 phi=0.5 tou
85,1400,300,100,True,2.07464,False,0.298549,0.0841789,kenya pen=0.5 phi=0.5 tou
90,0,300,100,True,1.50018,False,0.49682,0.406754,kenya pen=0.5 phi=0.5 tou
90,20,300,100,True,1.38891,False,0.465715,0.354476,kenya pen=0.5 phi=0.5 tou
90,40,300,100,True,1.3052,False,0.43986,0.308891,kenya pen=0.5 phi=0.5 tou
90,60,300,100,True,1.23374,False,0.414714,0.263793,kenya pen=0.5 phi=0.5 tou
90,80,300,100,True,1.17617,False,0.390188,0.220305,kenya pen=0.5 phi=0.5 tou
90,100,300,100,True,1.14225,False,0.366573,0.182554,kenya pen=0.5 phi=0.5 tou
90,120,300,100,True,1.12585,False,0.34427,0.151543,kenya pen=0.5 phi=0.5 tou
90,140,300,100,True,1.12078,False,0.32354,0.127405,kenya pen=0.5 phi=0.5 tou
90,160,300,100,True,1.12381,False,0.304578,0.110057,kenya pen=0.5 phi=0.5 tou
90,180,300,100,True,1.13121,False,0.287136,0.0973574,kenya pen=0.5 phi=0.5 tou
90,200,300,100,True,1.14113,False,0.273822,0.0880895,kenya pen=0.5 phi=0.5 tou
90,220,300,100,True,1.15297,False,0.264509,0.0819671,kenya pen=0.5 phi=0.5 tou
90,240,300,100,True,1.16619,False,0.259808,0.0782463,kenya pen=0.5 phi=0.5 tou
90,260,300,100,True,1.18033,False,0.258837,0.0761264,kenya pen=0.5 phi=0.5 tou
90,280,300,100,True,1.19494,False,0.258798,0.0747553,kenya pen=0.5 phi=0.5 tou
90,300,300,100,True,1.20977,False,0.258798,0.0736591,kenya pen=0.5 phi=0.5 tou
90,320,300,100,True,1.22475,False,0.258798,0.0727383,kenya pen=0.5 phi=0.5 tou
90,340,300,100,True,1.23986,False,0.258798,0.0719537,kenya pen=0.5 phi=0.5 tou
90,360,300,100,True,1.25503,False,0.258798,0.0712558,kenya pen=0.5 phi=0.5 tou
90,380,300,100,True,1.27028,False,0.258798,0.0706424,kenya pen=0.5 phi=0.5 tou
90,400,300,100,True,1.28559,False,0.258798,0.0701085,kenya pen=0.5 phi=0.5 tou
90,420,300,100,True,1.30097,False,0.258798,0.0696558,kenya pen=0.5 phi=0.5 tou
90,440,300,100,True,1.31638,False,0.258798,0.069246,kenya pen=0.5 phi=0.5 tou
90,460,300,100,True,1.33183,False,0.258798,0.0688719,kenya pen=0.5 phi=0.5 tou
90,480,300,100,True,1.34729,False,0.258798,0.0685302,kenya pen=0.5 phi=0.5 tou
90,500,300,100,True,1.3628,False,0.258798,0.0682353,kenya pen=0.5 phi=0.5 tou
90,520,300,100,True,1.37834,False,0.258798,0.0679746,kenya pen=0.5 phi=0.5 tou
90,540,300,100,True,1.3939,False,0.258798,0.0677448,kenya pen=0.5 phi=0.5 tou
90,560,300,100,True,1.40948,False,0.258798,0.0675336,kenya pen=0.5 phi=0.5 tou
90,580,300,100,True,1.42507,False,0.258798,0.0673511,kenya pen=0.5 phi=0.5 tou
90,600,300,100,True,1.44068,False,0.258798,0.0671803,kenya pen=0.5 phi=0.5 tou
90,620,300,100,True,1.4563,False,0.258798,0.0670233,kenya pen=0.5 phi=0.5 tou
90,640,300,100,True,1.47193,False,0.258798,0.066881,kenya pen=0.5 phi=0.5 tou
90,660,300,100,True,1.48757,False,0.258798,0.0667407,kenya pen=0.5 phi=0.5 tou
90,680,300,100,True,1.50322,False,0.258798,0.0666202,kenya pen=0.5 phi=0.5 tou
90,700,300,100,True,1.51888,False,0.258798,0.0665134,kenya pen=0.5 phi=0.5 tou
90,720,300,100,True,1.53454,False,0.258798,0.0664158,kenya pen=0.5 phi=0.5 tou
90,740,300,100,True,1.55022,False,0.258798,0.0663307,kenya pen=0.5 phi=0.5 tou
90,760,300,100,True,1.56591,False,0.258798,0.0662551,kenya pen=0.5 phi=0.5 tou
90,780,300,100,True,1.5816,False,0.258798,0.0661839,kenya pen=0.5 phi=0.5 tou
90,800,300,100,True,1.59729,False,0.258798,0.0661127,kenya pen=0.5 phi=0.5 tou
90,820,300,100,True,1.61297,False,0.258798,0.0660415,kenya pen=0.5 phi=0.5 tou
90,840,300,100,True,1.62866,False,0.258798,0.0659748,kenya pen=0.5 phi=0.5 tou
90,860,300,100,True,1.64436,False,0.258798,0.0659162,kenya pen=0.5 phi=0.5 tou
90,880,300,100,True,1.66006,False,0.258798,0.0658592,kenya pen=0.5 phi=0.5 tou
90,900,300,100,True,1.67576,False,0.258798,0.0658023,kenya pen=0.5 phi=0.5 tou
90,920,300,100,True,1.69145,False,0.258798,0.0657453,kenya pen=0.5 phi=0.5 tou
90,940,300,100,True,1.70714,False,0.258798,0.0656884,kenya pen=0.5 phi=0.5 tou
90,960,300,100,True,1.72284,False,0.258798,0.0656314,kenya pen=0.5 phi=0.5 tou
90,980,300,100,True,1.73853,False,0.258798,0.0655745,kenya pen=0.5 phi=0.5 tou
90,1000,300,100,True,1.75422,False,0.258798,0.0655175,kenya pen=0.5 phi=0.5 tou
90,1020,300,100,True,1.76991,False,0.258798,0.0654606,kenya pen=0.5 phi=0.5 tou
90,1040,300,100,True,1.7856,False,0.258798,0.0654036,kenya pen=0.5 phi=0.5 tou
90,1060,300,100,True,1.80128,False,0.258798,0.0653467,kenya pen=0.5 phi=0.5 tou
90,1080,300,100,True,1.81697,False,0.258798,0.0652897,kenya pen=0.5 phi=0.5 tou
90,1100,300,100,True,1.83265,False,0.258798,0.0652327,kenya pen=0.5 phi=0.5 tou
90,1120,300,100,True,1.84834,False,0.258798,0.0651777,kenya pen=0.5 phi=0.5 tou
90,1140,300,100,True,1.86403,False,0.258798,0.0651278,kenya pen=0.5 phi=0.5 tou
90,1160,300,100,True,1.87972,False,0.258798,0.065078,kenya pen=0.5 phi=0.5 tou
90,1180,300,100,True,1.89541,False,0.258798,0.0650282,kenya pen=0.5 phi=0.5 tou
90,1200,300,100,True,1.9111,False,0.258798,0.0649783,kenya pen=0.5 phi=0.5 tou
90,1220,300,100,True,1.92678,False,0.258798,0.0649285,kenya pen=0.5 phi=0.5 tou
90,1240,300,100,True,1.94247,False,0.258798,0.0648787,kenya pen=0.5 phi=0.5 tou
90,1260,300,100,True,1.95815,False,0.258798,0.0648288,kenya pen=0.5 phi=0.5 tou
90,1280,300,100,True,1.97384,False,0.258798,0.064779,kenya pen=0.5 phi=0.5 tou
90,1300,300,100,True,1.98952,False,0.258798,0.0647291,kenya pen=0.5 phi=0.5 tou
90,1320,300,100,True,2.0052,False,0.258798,0.0646793,kenya pen=0.5 phi=0.5 tou
90,1340,300,100,True,2.02088,False,0.258798,0.0646295,kenya pen=0.5 phi=0.5 tou
90,1360,300,100,True,2.03656,False,0.258798,0.0645796,kenya pen=0.5 phi=0.5 tou
90,1380,300,100,True,2.05224,False,0.258798,0.0645298,kenya pen=0.5 phi=0.5 tou
90,1400,300,100,True,2.06792,False,0.258798,0.06448,kenya pen=0.5 phi=0.5 tou
95,0,300,100,True,1.50334,False,0.484285,0.397393,kenya pen=0.5 phi=0.5 tou
95,20,300,100,True,1.39349,False,0.452094,0.345047,kenya pen=0.5 phi=0.5 tou
95,40,300,100,True,1.31003,False,0.425997,0.29933,kenya pen=0.5 phi=0.5 tou
95,60,300,100,True,1.23861,False,0.400528,0.25402,kenya pen=0.5 phi=0.5 tou
95,80,300,100,True,1.1812,False,0.375675,0.210298,kenya pen=0.5 phi=0.5 tou
95,100,300,100,True,1.14756,False,0.351447,0.172332,kenya pen=0.5 phi=0.5 tou
95,120,300,100,True,1.13128,False,0.328173,0.141023,kenya pen=0.5 phi=0.5 tou
95,140,300,100,True,1.12646,False,0.305977,0.11666,kenya pen=0.5 phi=0.5 tou
95,160,300,100,True,1.12959,False,0.285087,0.0989441,kenya pen=0.5 phi=0.5 tou
95,180,300,100,True,1.13693,False,0.265852,0.0858069,kenya pen=0.5 phi=0.5 tou
95,200,300,100,True,1.14668,False,0.248197,0.075922,kenya pen=0.5 phi=0.5 tou
95,220,300,100,True,1.15812,False,0.234867,0.0687891,kenya pen=0.5 phi=0.5 tou
95,240,300,100,True,1.17093,False,0.225407,0.0641591,kenya pen=0.5 phi=0.5 tou
95,260,300,100,True,1.18468,False,0.220583,0.0612584,kenya pen=0.5 phi=0.5 tou
95,280,300,100,True,1.19903,False,0.219368,0.0594534,kenya pen=0.5 phi=0.5 tou
95,300,300,100,True,1.21371,False,0.219119,0.0581756,kenya pen=0.5 phi=0.5 tou
95,320,300,100,True,1.22855,False,0.219106,0.0571248,kenya pen=0.5 phi=0.5 tou
95,340,300,100,True,1.24352,False,0.219106,0.0562329,kenya pen=0.5 phi=0.5 tou
95,360,300,100,True,1.25859,False,0.219106,0.05547,kenya pen=0.5 phi=0.5 tou
95,380,300,100,True,1.27371,False,0.219106,0.0547773,kenya pen=0.5 phi=0.5 tou
95,400,300,100,True,1.2889,False,0.219106,0.0541784,kenya pen=0.5 phi=0.5 tou
95,420,300,100,True,1.30415,False,0.219106,0.0536596,kenya pen=0.5 phi=0.5 tou
95,440,300,100,True,1.31944,False,0.219106,0.0531964,kenya pen=0.5 phi=0.5 tou
95,460,300,100,True,1.33477,False,0.219106,0.0527807,kenya pen=0.5 phi=0.5 tou
95,480,300,100,True,1.35012,False,0.219106,0.0524035,kenya pen=0.5 phi=0.5 tou
95,500,300,100,True,1.36549,False,0.219106,0.0520503,kenya pen=0.5 phi=0.5 tou
95,520,300,100,True,1.38089,False,0.219106,0.0517403,kenya pen=0.5 phi=0.5 tou
95,540,300,100,True,1.39632,False,0.219106,0.051466,kenya pen=0.5 phi=0.5 tou
95,560,300,100,True,1.41177,False,0.219106,0.0512274,kenya pen=0.5 phi=0.5 tou
95,580,300,100,True,1.42725,False,0.219106,0.0510159,kenya pen=0.5 phi=0.5 tou
95,600,300,100,True,1.44273,False,0.219106,0.050819,kenya pen=0.5 phi=0.5 tou
95,620,300,100,True,1.45823,False,0.219106,0.0506418,kenya pen=0.5 phi=0.5 tou
95,640,300,100,True,1.47374,False,0.219106,0.0504782,kenya pen=0.5 phi=0.5 tou
95,660,300,100,True,1.48925,False,0.219106,0.0503232,kenya pen=0.5 phi=0.5 tou
95,680,300,100,True,1.50478,False,0.219106,0.0501887,kenya pen=0.5 phi=0.5 tou
95,700,300,100,True,1.52032,False,0.219106,0.0500666,kenya pen=0.5 phi=0.5 tou
95,720,300,100,True,1.53587,False,0.219106,0.0499528,kenya pen=0.5 phi=0.5 tou
95,740,300,100,True,1.55141,False,0.219106,0.049844,kenya pen=0.5 phi=0.5 tou
95,760,300,100,True,1.56697,False,0.219106,0.0497486,kenya pen=0.5 phi=0.5 tou
95,780,300,100,True,1.58254,False,0.219106,0.0496701,kenya pen=0.5 phi=0.5 tou
95,800,300,100,True,1.59811,False,0.219106,0.0495918,kenya pen=0.5 phi=0.5 tou
95,820,300,100,True,1.61368,False,0.219106,0.0495144,kenya pen=0.5 phi=0.5 tou
95,840,300,100,True,1.62925,False,0.219106,0.0494432,kenya pen=0.5 phi=0.5 tou
95,860,300,100,True,1.64483,False,0.219106,0.0493789,kenya pen=0.5 phi=0.5 tou
95,880,300,100,True,1.66041,False,0.219106,0.0493156,kenya pen=0.5 phi=0.5 tou
95,900,300,100,True,1.676,False,0.219106,0.0492587,kenya pen=0.5 phi=0.5 tou
95,920,300,100,True,1.69158,False,0.219106,0.0492017,kenya pen=0.5 phi=0.5 tou
95,940,300,100,True,1.70716,False,0.219106,0.0491448,kenya pen=0.5 phi=0.5 tou
95,960,300,100,True,1.72274,False,0.219106,0.0490878,kenya pen=0.5 phi=0.5 tou
95,980,300,100,True,1.73832,False,0.219106,0.0490308,kenya pen=0.5 phi=0.5 tou
95,1000,300,100,True,1.7539,False,0.219106,0.0489739,kenya pen=0.5 phi=0.5 tou
95,1020,300,100,True,1.76948,False,0.219106,0.0489169,kenya pen=0.5 phi=0.5 tou
95,1040,300,100,True,1.78506,False,0.219106,0.04886,kenya pen=0.5 phi=0.5 tou
95,1060,300,100,True,1.80063,False,0.219106,0.048803,kenya pen=0.5 phi=0.5 tou
95,1080,300,100,True,1.81621,False,0.219106,0.0487461,kenya pen=0.5 phi=0.5 tou
95,1100,300,100,True,1.83178,False,0.219106,0.0486891,kenya pen=0.5 phi=0.5 tou
95,1120,300,100,True,1.84735,False,0.219106,0.0486322,kenya pen=0.5 phi=0.5 tou
95,1140,300,100,True,1.86293,False,0.219106,0.0485752,kenya pen=0.5 phi=0.5 tou
95,1160,300,100,True,1.8785,False,0.219106,0.0485183,kenya pen=0.5 phi=0.5 tou
95,1180,300,100,True,1.89407,False,0.219106,0.0484613,kenya pen=0.5 phi=0.5 tou
95,1200,300,100,True,1.90964,False,0.219106,0.0484044,kenya pen=0.5 phi=0.5 tou
95,1220,300,100,True,1.92521,False,0.219106,0.0483534,kenya pen=0.5 phi=0.5 tou
95,1240,300,100,True,1.94079,False,0.219106,0.0483036,kenya pen=0.5 phi=0.5 tou
95,1260,300,100,True,1.95636,False,0.219106,0.0482537,kenya pen=0.5 phi=0.5 tou
95,1280,300,100,True,1.97193,False,0.219106,0.0482039,kenya pen=0.5 phi=0.5 tou
95,1300,300,100,True,1.98751,False,0.219106,0.0481541,kenya pen=0.5 phi=0.5 tou
95,1320,300,100,True,2.00308,False,0.219106,0.0481042,kenya pen=0.5 phi=0.5 tou
95,1340,300,100,True,2.01865,False,0.219106,0.0480544,kenya pen=0.5 phi=0.5 tou
95,1360,300,100,True,2.03422,False,0.219106,0.0480046,kenya pen=0.5 phi=0.5 tou
95,1380,300,100,True,2.04979,False,0.219106,0.0479547,kenya pen=0.5 phi=0.5 tou
95,1400,300,100,True,2.06535,False,0.219106,0.0479049,kenya pen=0.5 phi=0.5 tou
100,0,300,100,True,1.5083,False,0.472202,0.388906,kenya pen=0.5 phi=0.5 tou
100,20,300,100,True,1.39958,False,0.438912,0.336575,kenya pen=0.5 phi=0.5 tou
100,40,300,100,True,1.31617,False,0.412576,0.290744,kenya pen=0.5 phi=0.5 tou
100,60,300,100,True,1.24469,False,0.386924,0.245267,kenya pen=0.5 phi=0.5 tou
100,80,300,100,True,1.18739,False,0.361693,0.201374,kenya pen=0.5 phi=0.5 tou
100,100,300,100,True,1.15401,False,0.337076,0.163283,kenya pen=0.5 phi=0.5 tou
100,120,300,100,True,1.13783,False,0.313126,0.131797,kenya pen=0.5 phi=0.5 tou
100,140,300,100,True,1.13328,False,0.289874,0.107361,kenya pen=0.5 phi=0.5 tou
100,160,300,100,True,1.13661,False,0.267359,0.0895127,kenya pen=0.5 phi=0.5 tou
100,180,300,100,True,1.1439,False,0.246298,0.0760141,kenya pen=0.5 phi=0.5 tou
100,200,300,100,True,1.15361,False,0.226826,0.0658599,kenya pen=0.5 phi=0.5 tou
100,220,300,100,True,1.1649,False,0.209062,0.0582585,kenya pen=0.5 phi=0.5 tou
100,240,300,100,True,1.17746,False,0.195893,0.0529739,kenya pen=0.5 phi=0.5 tou
100,260,300,100,True,1.19099,False,0.187118,0.0495629,kenya pen=0.5 phi=0.5 tou
100,280,300,100,True,1.20511,False,0.182823,0.0473006,kenya pen=0.5 phi=0.5 tou
100,300,300,100,True,1.21961,False,0.181465,0.0457292,kenya pen=0.5 phi=0.5 tou
100,320,300,100,True,1.23435,False,0.180913,0.0445444,kenya pen=0.5 phi=0.5 tou
100,340,300,100,True,1.2492,False,0.180451,0.043521,kenya pen=0.5 phi=0.5 tou
100,360,300,100,True,1.26417,False,0.18008,0.0426692,kenya pen=0.5 phi=0.5 tou
100,380,300,100,True,1.27921,False,0.179895,0.0419141,kenya pen=0.5 phi=0.5 tou
100,400,300,100,True,1.29429,False,0.179709,0.0412317,kenya pen=0.5 phi=0.5 tou
100,420,300,100,True,1.30945,False,0.179547,0.0406537,kenya pen=0.5 phi=0.5 tou
100,440,300,100,True,1.32465,False,0.179455,0.0401375,kenya pen=0.5 phi=0.5 tou
100,460,300,100,True,1.33986,False,0.179362,0.0396572,kenya pen=0.5 phi=0.5 tou
100,480,300,100,True,1.35512,False,0.179269,0.0392281,kenya pen=0.5 phi=0.5 tou
100,500,300,100,True,1.37041,False,0.179207,0.0388565,kenya pen=0.5 phi=0.5 tou
100,520,300,100,True,1.38572,False,0.179207,0.0385124,kenya pen=0.5 phi=0.5 tou
100,540,300,100,True,1.40105,False,0.179207,0.0381917,kenya pen=0.5 phi=0.5 tou
100,560,300,100,True,1.4164,False,0.179207,0.0379148,kenya pen=0.5 phi=0.5 tou
100,580,300,100,True,1.43177,False,0.179207,0.0376692,kenya pen=0.5 phi=0.5 tou
100,600,300,100,True,1.44716,False,0.179207,0.0374431,kenya pen=0.5 phi=0.5 tou
100,620,300,100,True,1.46255,False,0.179207,0.0372291,kenya pen=0.5 phi=0.5 tou
100,640,300,100,True,1.47795,False,0.179207,0.0370311,kenya pen=0.5 phi=0.5 tou
100,660,300,100,True,1.49336,False,0.179207,0.0368516,kenya pen=0.5 phi=0.5 tou
100,680,300,100,True,1.5088,False,0.179207,0.0366988,kenya pen=0.5 phi=0.5 tou
100,700,300,100,True,1.52425,False,0.179207,0.0365612,kenya pen=0.5 phi=0.5 tou
100,720,300,100,True,1.5397,False,0.179207,0.0364324,kenya pen=0.5 phi=0.5 tou
100,740,300,100,True,1.55516,False,0.179207,0.0363186,kenya pen=0.5 phi=0.5 tou
100,760,300,100,True,1.57062,False,0.179207,0.0362052,kenya pen=0.5 phi=0.5 tou
100,780,300,100,True,1.58608,False,0.179207,0.0361029,kenya pen=0.5 phi=0.5 tou
100,800,300,100,True,1.60156,False,0.179207,0.0360153,kenya pen=0.5 phi=0.5 tou
100,820,300,100,True,1.61704,False,0.179207,0.035931,kenya pen=0.5 phi=0.5 tou
100,840,300,100,True,1.63252,False,0.179207,0.0358527,kenya pen=0.5 phi=0.5 tou
100,860,300,100,True,1.64801,False,0.179207,0.0357808,kenya pen=0.5 phi=0.5 tou
100,880,300,100,True,1.66349,False,0.179207,0.0357096,kenya pen=0.5 phi=0.5 tou
100,900,300,100,True,1.67897,False,0.179207,0.0356385,kenya pen=0.5 phi=0.5 tou
100,920,300,100,True,1.69446,False,0.179207,0.0355673,kenya pen=0.5 phi=0.5 tou
100,940,300,100,True,1.70995,False,0.179207,0.0355035,kenya pen=0.5 phi=0.5 tou
100,960,300,100,True,1.72544,False,0.179207,0.0354465,kenya pen=0.5 phi=0.5 tou
100,980,300,100,True,1.74094,False,0.179207,0.0353896,kenya pen=0.5 phi=0.5 tou
100,1000,300,100,True,1.75643,False,0.179207,0.0353326,kenya pen=0.5 phi=0.5 tou
100,1020,300,100,True,1.77192,False,0.179207,0.0352757,kenya pen=0.5 phi=0.5 tou
100,1040,300,100,True,1.78741,False,0.179207,0.0352187,kenya pen=0.5 phi=0.5 tou
100,1060,300,100,True,1.80291,False,0.179207,0.0351618,kenya pen=0.5 phi=0.5 tou
100,1080,300,100,True,1.8184,False,0.179207,0.0351048,kenya pen=0.5 phi=0.5 tou
100,1100,300,100,True,1.83388,False,0.179207,0.0350479,kenya pen=0.5 phi=0.5 tou
100,1120,300,100,True,1.84937,False,0.179207,0.0349909,kenya pen=0.5 phi=0.5 tou
100,1140,300,100,True,1.86486,False,0.179207,0.034934,kenya pen=0.5 phi=0.5 tou
100,1160,300,100,True,1.88035,False,0.179207,0.034877,kenya pen=0.5 phi=0.5 tou
100,1180,300,100,True,1.89583,False,0.179207,0.0348201,kenya pen=0.5 phi=0.5 tou
100,1200,300,100,True,1.91132,False,0.179207,0.0347631,kenya pen=0.5 phi=0.5 tou
100,1220,300,100,True,1.9268,False,0.179207,0.0347062,kenya pen=0.5 phi=0.5 tou
100,1240,300,100,True,1.94228,False,0.179207,0.0346492,kenya pen=0.5 phi=0.5 tou
100,1260,300,100,True,1.95777,False,0.179207,0.0345923,kenya pen=0.5 phi=0.5 tou
100,1280,300,100,True,1.97325,False,0.179207,0.0345353,kenya pen=0.5 phi=0.5 tou
100,1300,300,100,True,1.98873,False,0.179207,0.0344784,kenya pen=0.5 phi=0.5 tou
100,1320,300,100,True,2.00421,False,0.179207,0.0344214,kenya pen=0.5 phi=0.5 tou
100,1340,300,100,True,2.01969,False,0.179207,0.0343686,kenya pen=0.5 phi=0.5 tou
100,1360,300,100,True,2.03517,False,0.179207,0.0343188,kenya pen=0.5 phi=0.5 tou
100,1380,300,100,True,2.05066,False,0.179207,0.034269,kenya pen=0.5 phi=0.5 tou
100,1400,300,100,True,2.06614,False,0.179207,0.0342191,kenya pen=0.5 phi=0.5 tou
105,0,300,100,True,1.51477,False,0.460611,0.38122,kenya pen=0.5 phi=0.5 tou
105,20,300,100,True,1.40693,False,0.426266,0.328979,kenya pen=0.5 phi=0.5 tou
105,40,300,100,True,1.32342,False,0.399755,0.283051,kenya pen=0.5 phi=0.5 tou
105,60,300,100,True,1.25177,False,0.373872,0.237433,kenya pen=0.5 phi=0.5 tou
105,80,300,100,True,1.19453,False,0.348376,0.193416,kenya pen=0.5 phi=0.5 tou
105,100,300,100,True,1.16137,False,0.323384,0.155251,kenya pen=0.5 phi=0.5 tou
105,120,300,100,True,1.14531,False,0.298948,0.123688,kenya pen=0.5 phi=0.5 tou
105,140,300,100,True,1.14103,False,0.274929,0.0992972,kenya pen=0.5 phi=0.5 tou
105,160,300,100,True,1.14454,False,0.251264,0.081405,kenya pen=0.5 phi=0.5 tou
105,180,300,100,True,1.1519,False,0.228498,0.0677625,kenya pen=0.5 phi=0.5 tou
105,200,300,100,True,1.16155,False,0.207287,0.0573633,kenya pen=0.5 phi=0.5 tou
105,220,300,100,True,1.17288,False,0.187618,0.0496931,kenya pen=0.5 phi=0.5 tou
105,240,300,100,True,1.18533,False,0.170247,0.0440715,kenya pen=0.5 phi=0.5 tou
105,260,300,100,True,1.19873,False,0.158749,0.0403436,kenya pen=0.5 phi=0.5 tou
105,280,300,100,True,1.21277,False,0.151943,0.037884,kenya pen=0.5 phi=0.5 tou
105,300,300,100,True,1.22716,False,0.148439,0.0360913,kenya pen=0.5 phi=0.5 tou
105,320,300,100,True,1.24179,False,0.14666,0.0347152,kenya pen=0.5 phi=0.5 tou
105,340,300,100,True,1.25657,False,0.145553,0.0336028,kenya pen=0.5 phi=0.5 tou
105,360,300,100,True,1.27143,False,0.144724,0.0326243,kenya pen=0.5 phi=0.5 tou
105,380,300,100,True,1.28641,False,0.144138,0.0318097,kenya pen=0.5 phi=0.5 tou
105,400,300,100,True,1.30143,False,0.143582,0.0310816,kenya pen=0.5 phi=0.5 tou
105,420,300,100,True,1.31651,False,0.143094,0.0304346,kenya pen=0.5 phi=0.5 tou
105,440,300,100,True,1.33163,False,0.14263,0.0298703,kenya pen=0.5 phi=0.5 tou
105,460,300,100,True,1.3468,False,0.142231,0.0293613,kenya pen=0.5 phi=0.5 tou
105,480,300,100,True,1.36198,False,0.14186,0.0288926,kenya pen=0.5 phi=0.5 tou
105,500,300,100,True,1.37719,False,0.141489,0.0284583,kenya pen=0.5 phi=0.5 tou
105,520,300,100,True,1.39242,False,0.141153,0.0280732,kenya pen=0.5 phi=0.5 tou
105,540,300,100,True,1.40768,False,0.140944,0.0277418,kenya pen=0.5 phi=0.5 tou
105,560,300,100,True,1.42296,False,0.140794,0.0274322,kenya pen=0.5 phi=0.5 tou
105,580,300,100,True,1.43826,False,0.140701,0.027152,kenya pen=0.5 phi=0.5 tou
105,600,300,100,True,1.45357,False,0.140608,0.026894,kenya pen=0.5 phi=0.5 tou
105,620,300,100,True,1.46888,False,0.140515,0.0266473,kenya pen=0.5 phi=0.5 tou
105,640,300,100,True,1.48422,False,0.140422,0.0264259,kenya pen=0.5 phi=0.5 tou
105,660,300,100,True,1.49956,False,0.140329,0.0262314,kenya pen=0.5 phi=0.5 tou
105,680,300,100,True,1.51492,False,0.140236,0.0260538,kenya pen=0.5 phi=0.5 tou
105,700,300,100,True,1.53029,False,0.140143,0.025896,kenya pen=0.5 phi=0.5 tou
105,720,300,100,True,1.54567,False,0.14005,0.0257534,kenya pen=0.5 phi=0.5 tou
105,740,300,100,True,1.56106,False,0.139957,0.0256193,kenya pen=0.5 phi=0.5 tou
105,760,300,100,True,1.57645,False,0.139864,0.0254964,kenya pen=0.5 phi=0.5 tou
105,780,300,100,True,1.59185,False,0.139771,0.0253803,kenya pen=0.5 phi=0.5 tou
105,800,300,100,True,1.60725,False,0.139677,0.0252787,kenya pen=0.5 phi=0.5 tou
105,820,300,100,True,1.62266,False,0.139584,0.0251791,kenya pen=0.5 phi=0.5 tou
105,840,300,100,True,1.63807,False,0.13955,0.025085,kenya pen=0.5 phi=0.5 tou
105,860,300,100,True,1.65348,False,0.13955,0.0250049,kenya pen=0.5 phi=0.5 tou
105,880,300,100,True,1.6689,False,0.13955,0.0249266,kenya pen=0.5 phi=0.5 tou
105,900,300,100,True,1.68432,False,0.13955,0.0248539,kenya pen=0.5 phi=0.5 tou
105,920,300,100,True,1.69974,False,0.13955,0.0247827,kenya pen=0.5 phi=0.5 tou
105,940,300,100,True,1.71516,False,0.13955,0.0247115,kenya pen=0.5 phi=0.5 tou
105,960,300,100,True,1.73057,False,0.13955,0.0246404,kenya pen=0.5 phi=0.5 tou
105,980,300,100,True,1.74599,False,0.13955,0.0245692,kenya pen=0.5 phi=0.5 tou
105,1000,300,100,True,1.76141,False,0.13955,0.024498,kenya pen=0.5 phi=0.5 tou
105,1020,300,100,True,1.77682,False,0.13955,0.0244321,kenya pen=0.5 phi=0.5 tou
105,1040,300,100,True,1.79224,False,0.13955,0.024368,kenya pen=0.5 phi=0.5 tou
105,1060,300,100,True,1.80766,False,0.13955,0.024304,kenya pen=0.5 phi=0.5 tou
105,1080,300,100,True,1.82309,False,0.13955,0.0242457,kenya pen=0.5 phi=0.5 tou
105,1100,300,100,True,1.83851,False,0.13955,0.0241888,kenya pen=0.5 phi=0.5 tou
105,1120,300,100,True,1.85394,False,0.13955,0.0241318,kenya pen=0.5 phi=0.5 tou
105,1140,300,100,True,1.86936,False,0.13955,0.0240749,kenya pen=0.5 phi=0.5 tou
105,1160,300,100,True,1.88479,False,0.13955,0.0240179,kenya pen=0.5 phi=0.5 tou
105,1180,300,100,True,1.90021,False,0.13955,0.023961,kenya pen=0.5 phi=0.5 tou
105,1200,300,100,True,1.91563,False,0.13955,0.023904,kenya pen=0.5 phi=0.5 tou
105,1220,300,100,True,1.93105,False,0.13955,0.0238471,kenya pen=0.5 phi=0.5 tou
105,1240,300,100,True,1.94647,False,0.13955,0.0237901,kenya pen=0.5 phi=0.5 tou
105,1260,300,100,True,1.96189,False,0.13955,0.0237332,kenya pen=0.5 phi=0.5 tou
105,1280,300,100,True,1.97731,False,0.13955,0.0236762,kenya pen=0.5 phi=0.5 tou
105,1300,300,100,True,1.99273,False,0.13955,0.0236193,kenya pen=0.5 phi=0.5 tou
105,1320,300,100,True,2.00815,False,0.13955,0.0235623,kenya pen=0.5 phi=0.5 tou
105,1340,300,100,True,2.02356,False,0.13955,0.0235054,kenya pen=0.5 phi=0.5 tou
105,1360,300,100,True,2.03898,False,0.13955,0.0234484,kenya pen=0.5 phi=0.5 tou
105,1380,300,100,True,2.0544,False,0.13955,0.0233915,kenya pen=0.5 phi=0.5 tou
105,1400,300,100,True,2.06981,False,0.13955,0.0233394,kenya pen=0.5 phi=0.5 tou
110,0,300,100,True,1.52252,False,0.449554,0.37427,kenya pen=0.5 phi=0.5 tou
110,20,300,100,True,1.41536,False,0.414273,0.322186,kenya pen=0.5 phi=0.5 tou
110,40,300,100,True,1.33162,False,0.387622,0.276173,kenya pen=0.5 phi=0.5 tou
110,60,300,100,True,1.2597,False,0.361551,0.23044,kenya pen=0.5 phi=0.5 tou
110,80,300,100,True,1.20245,False,0.335877,0.186328,kenya pen=0.5 phi=0.5 tou
110,100,300,100,True,1.16948,False,0.310526,0.148131,kenya pen=0.5 phi=0.5 tou
110,120,300,100,True,1.15357,False,0.285694,0.11656,kenya pen=0.5 phi=0.5 tou
110,140,300,100,True,1.14953,False,0.261099,0.0922734,kenya pen=0.5 phi=0.5 tou
110,160,300,100,True,1.1532,False,0.236482,0.0744054,kenya pen=0.5 phi=0.5 tou
110,180,300,100,True,1.16067,False,0.212524,0.0607366,kenya pen=0.5 phi=0.5 tou
110,200,300,100,True,1.17033,False,0.189576,0.0502311,kenya pen=0.5 phi=0.5 tou
110,220,300,100,True,1.18167,False,0.168294,0.0425008,kenya pen=0.5 phi=0.5 tou
110,240,300,100,True,1.19423,False,0.149105,0.036997,kenya pen=0.5 phi=0.5 tou
110,260,300,100,True,1.20758,False,0.134242,0.0330999,kenya pen=0.5 phi=0.5 tou
110,280,300,100,True,1.22158,False,0.126116,0.0305255,kenya pen=0.5 phi=0.5 tou
110,300,300,100,True,1.23596,False,0.121792,0.02871,kenya pen=0.5 phi=0.5 tou
110,320,300,100,True,1.25052,False,0.11891,0.0272358,kenya pen=0.5 phi=0.5 tou
110,340,300,100,True,1.26525,False,0.116743,0.0260297,kenya pen=0.5 phi=0.5 tou
110,360,300,100,True,1.28008,False,0.11498,0.0250066,kenya pen=0.5 phi=0.5 tou
110,380,300,100,True,1.29499,False,0.113645,0.0241278,kenya pen=0.5 phi=0.5 tou
110,400,300,100,True,1.30996,False,0.112437,0.0233405,kenya pen=0.5 phi=0.5 tou
110,420,300,100,True,1.32499,False,0.111313,0.022656,kenya pen=0.5 phi=0.5 tou
110,440,300,100,True,1.34007,False,0.110345,0.0220555,kenya pen=0.5 phi=0.5 tou
110,460,300,100,True,1.35518,False,0.109442,0.0215128,kenya pen=0.5 phi=0.5 tou
110,480,300,100,True,1.37033,False,0.108787,0.0210354,kenya pen=0.5 phi=0.5 tou
110,500,300,100,True,1.3855,False,0.108137,0.0206012,kenya pen=0.5 phi=0.5 tou
110,520,300,100,True,1.40069,False,0.107554,0.0201946,kenya pen=0.5 phi=0.5 tou
110,540,300,100,True,1.41589,False,0.107089,0.0198166,kenya pen=0.5 phi=0.5 tou
110,560,300,100,True,1.43111,False,0.10665,0.0194751,kenya pen=0.5 phi=0.5 tou
110,580,300,100,True,1.44635,False,0.106278,0.0191672,kenya pen=0.5 phi=0.5 tou
110,600,300,100,True,1.4616,False,0.105934,0.0188731,kenya pen=0.5 phi=0.5 tou
110,620,300,100,True,1.47687,False,0.105655,0.0186054,kenya pen=0.5 phi=0.5 tou
110,640,300,100,True,1.49215,False,0.105376,0.0183722,kenya pen=0.5 phi=0.5 tou
110,660,300,100,True,1.50745,False,0.105097,0.0181653,kenya pen=0.5 phi=0.5 tou
110,680,300,100,True,1.52276,False,0.104818,0.0179767,kenya pen=0.5 phi=0.5 tou
110,700,300,100,True,1.53808,False,0.104539,0.0178046,kenya pen=0.5 phi=0.5 tou
110,720,300,100,True,1.55341,False,0.104291,0.0176451,kenya pen=0.5 phi=0.5 tou
110,740,300,100,True,1.56874,False,0.104104,0.0174956,kenya pen=0.5 phi=0.5 tou
110,760,300,100,True,1.58408,False,0.103962,0.017366,kenya pen=0.5 phi=0.5 tou
110,780,300,100,True,1.59943,False,0.103869,0.0172521,kenya pen=0.5 phi=0.5 tou
110,800,300,100,True,1.61479,False,0.103776,0.0171401,kenya pen=0.5 phi=0.5 tou
110,820,300,100,True,1.63014,False,0.103683,0.0170333,kenya pen=0.5 phi=0.5 tou
110,840,300,100,True,1.6455,False,0.10359,0.0169266,kenya pen=0.5 phi=0.5 tou
110,860,300,100,True,1.66085,False,0.103497,0.0168198,kenya pen=0.5 phi=0.5 tou
110,880,300,100,True,1.67621,False,0.103403,0.0167236,kenya pen=0.5 phi=0.5 tou
110,900,300,100,True,1.69157,False,0.10331,0.016631,kenya pen=0.5 phi=0.5 tou
110,920,300,100,True,1.70694,False,0.103217,0.0165475,kenya pen=0.5 phi=0.5 tou
110,940,300,100,True,1.72231,False,0.103124,0.0164692,kenya pen=0.5 phi=0.5 tou
110,960,300,100,True,1.73768,False,0.103031,0.0163909,kenya pen=0.5 phi=0.5 tou
110,980,300,100,True,1.75305,False,0.102938,0.0163188,kenya pen=0.5 phi=0.5 tou
110,1000,300,100,True,1.76842,False,0.102845,0.0162476,kenya pen=0.5 phi=0.5 tou
110,1020,300,100,True,1.78379,False,0.102752,0.0161764,kenya pen=0.5 phi=0.5 tou
110,1040,300,100,True,1.79916,False,0.102659,0.0161052,kenya pen=0.5 phi=0.5 tou
110,1060,300,100,True,1.81453,False,0.102565,0.0160341,kenya pen=0.5 phi=0.5 tou
110,1080,300,100,True,1.8299,False,0.102472,0.0159629,kenya pen=0.5 phi=0.5 tou
110,1100,300,100,True,1.84527,False,0.102379,0.0158978,kenya pen=0.5 phi=0.5 tou
110,1120,300,100,True,1.86065,False,0.102286,0.0158337,kenya pen=0.5 phi=0.5 tou
110,1140,300,100,True,1.87602,False,0.102193,0.0157697,kenya pen=0.5 phi=0.5 tou
110,1160,300,100,True,1.89139,False,0.1021,0.0157056,kenya pen=0.5 phi=0.5 tou
110,1180,300,100,True,1.90676,False,0.102007,0.0156415,kenya pen=0.5 phi=0.5 tou
110,1200,300,100,True,1.92213,False,0.101914,0.0155803,kenya pen=0.5 phi=0.5 tou
110,1220,300,100,True,1.9375,False,0.10182,0.0155233,kenya pen=0.5 phi=0.5 tou
110,1240,300,100,True,1.95287,False,0.101727,0.0154664,kenya pen=0.5 phi=0.5 tou
110,1260,300,100,True,1.96825,False,0.101634,0.0154155,kenya pen=0.5 phi=0.5 tou
110,1280,300,100,True,1.98363,False,0.101541,0.0153657,kenya pen=0.5 phi=0.5 tou
110,1300,300,100,True,1.99901,False,0.101448,0.0153159,kenya pen=0.5 phi=0.5 tou
110,1320,300,100,True,2.01439,False,0.101355,0.015266,kenya pen=0.5 phi=0.5 tou
110,1340,300,100,True,2.02976,False,0.101262,0.0152162,kenya pen=0.5 phi=0.5 tou
110,1360,300,100,True,2.04514,False,0.101168,0.0151664,kenya pen=0.5 phi=0.5 tou
110,1380,300,100,True,2.06051,False,0.101075,0.0151165,kenya pen=0.5 phi=0.5 tou
110,1400,300,100,True,2.07589,False,0.100982,0.0150667,kenya pen=0.5 phi=0.5 tou
115,0,300,100,True,1.53138,False,0.438948,0.367991,kenya pen=0.5 phi=0.5 tou
115,20,300,100,True,1.42471,False,0.402906,0.316125,kenya pen=0.5 phi=0.5 tou
115,40,300,100,True,1.34063,False,0.376129,0.270034,kenya pen=0.5 phi=0.5 tou
115,60,300,100,True,1.26835,False,0.349906,0.224202,kenya pen=0.5 phi=0.5 tou
115,80,300,100,True,1.21105,False,0.324003,0.180026,kenya pen=0.5 phi=0.5 tou
115,100,300,100,True,1.17823,False,0.298468,0.141818,kenya pen=0.5 phi=0.5 tou
115,120,300,100,True,1.16247,False,0.273269,0.110291,kenya pen=0.5 phi=0.5 tou
115,140,300,100,True,1.15864,False,0.24825,0.0861262,kenya pen=0.5 phi=0.5 tou
115,160,300,100,True,1.16249,False,0.222979,0.0683614,kenya pen=0.5 phi=0.5 tou
115,180,300,100,True,1.17003,False,0.197838,0.0547186,kenya pen=0.5 phi=0.5 tou
115,200,300,100,True,1.17979,False,0.173596,0.0442375,kenya pen=0.5 phi=0.5 tou
115,220,300,100,True,1.19116,False,0.15066,0.0364927,kenya pen=0.5 phi=0.5 tou
115,240,300,100,True,1.2038,False,0.130333,0.0311167,kenya pen=0.5 phi=0.5 tou
115,260,300,100,True,1.21727,False,0.114474,0.0274248,kenya pen=0.5 phi=0.5 tou
115,280,300,100,True,1.23129,False,0.104458,0.024857,kenya pen=0.5 phi=0.5 tou
115,300,300,100,True,1.24566,False,0.099281,0.0230203,kenya pen=0.5 phi=0.5 tou
115,320,300,100,True,1.26023,False,0.0956732,0.0215461,kenya pen=0.5 phi=0.5 tou
115,340,300,100,True,1.27493,False,0.0930579,0.0203096,kenya pen=0.5 phi=0.5 tou
115,360,300,100,True,1.28975,False,0.0912625,0.0192933,kenya pen=0.5 phi=0.5 tou
115,380,300,100,True,1.30467,False,0.0896641,0.0184375,kenya pen=0.5 phi=0.5 tou
115,400,300,100,True,1.31963,False,0.0882648,0.0176638,kenya pen=0.5 phi=0.5 tou
115,420,300,100,True,1.33463,False,0.0869679,0.0169583,kenya pen=0.5 phi=0.5 tou
115,440,300,100,True,1.34967,False,0.0856919,0.0163323,kenya pen=0.5 phi=0.5 tou
115,460,300,100,True,1.36475,False,0.0844861,0.0157722,kenya pen=0.5 phi=0.5 tou
115,480,300,100,True,1.37986,False,0.083312,0.0152753,kenya pen=0.5 phi=0.5 tou
115,500,300,100,True,1.395,False,0.0822781,0.0148163,kenya pen=0.5 phi=0.5 tou
115,520,300,100,True,1.41016,False,0.0812817,0.0144065,kenya pen=0.5 phi=0.5 tou
115,540,300,100,True,1.42534,False,0.0803527,0.0140313,kenya pen=0.5 phi=0.5 tou
115,560,300,100,True,1.44054,False,0.0794235,0.0136884,kenya pen=0.5 phi=0.5 tou
115,580,300,100,True,1.45574,False,0.0784941,0.0133606,kenya pen=0.5 phi=0.5 tou
115,600,300,100,True,1.47097,False,0.0776495,0.0130679,kenya pen=0.5 phi=0.5 tou
115,620,300,100,True,1.48621,False,0.0768389,0.0127995,kenya pen=0.5 phi=0.5 tou
115,640,300,100,True,1.50146,False,0.0761879,0.0125549,kenya pen=0.5 phi=0.5 tou
115,660,300,100,True,1.51671,False,0.0756276,0.0123289,kenya pen=0.5 phi=0.5 tou
115,680,300,100,True,1.53198,False,0.0751395,0.0121225,kenya pen=0.5 phi=0.5 tou
115,700,300,100,True,1.54727,False,0.0746743,0.0119426,kenya pen=0.5 phi=0.5 tou
115,720,300,100,True,1.56256,False,0.074209,0.0117783,kenya pen=0.5 phi=0.5 tou
115,740,300,100,True,1.57787,False,0.0737437,0.0116259,kenya pen=0.5 phi=0.5 tou
115,760,300,100,True,1.59317,False,0.0732783,0.0114815,kenya pen=0.5 phi=0.5 tou
115,780,300,100,True,1.60848,False,0.0728129,0.0113391,kenya pen=0.5 phi=0.5 tou
115,800,300,100,True,1.62378,False,0.0723475,0.0111993,kenya pen=0.5 phi=0.5 tou
115,820,300,100,True,1.63909,False,0.0718821,0.0110676,kenya pen=0.5 phi=0.5 tou
115,840,300,100,True,1.65441,False,0.0714166,0.0109512,kenya pen=0.5 phi=0.5 tou
115,860,300,100,True,1.66973,False,0.0709511,0.0108434,kenya pen=0.5 phi=0.5 tou
115,880,300,100,True,1.68506,False,0.0704856,0.0107396,kenya pen=0.5 phi=0.5 tou
115,900,300,100,True,1.70039,False,0.0701112,0.0106541,kenya pen=0.5 phi=0.5 tou
115,920,300,100,True,1.71573,False,0.0697387,0.0105686,kenya pen=0.5 phi=0.5 tou
115,940,300,100,True,1.73106,False,0.0693662,0.0104832,kenya pen=0.5 phi=0.5 tou
115,960,300,100,True,1.7464,False,0.0689938,0.0103978,kenya pen=0.5 phi=0.5 tou
115,980,300,100,True,1.76173,False,0.0686213,0.0103137,kenya pen=0.5 phi=0.5 tou
115,1000,300,100,True,1.77707,False,0.0682768,0.0102375,kenya pen=0.5 phi=0.5 tou
115,1020,300,100,True,1.79241,False,0.0679974,0.0101663,kenya pen=0.5 phi=0.5 tou
115,1040,300,100,True,1.80775,False,0.0677622,0.0100985,kenya pen=0.5 phi=0.5 tou
115,1060,300,100,True,1.82309,False,0.067576,0.0100345,kenya pen=0.5 phi=0.5 tou
115,1080,300,100,True,1.83843,False,0.0673897,0.00997041,kenya pen=0.5 phi=0.5 tou
115,1100,300,100,True,1.85378,False,0.0672035,0.00991253,kenya pen=0.5 phi=0.5 tou
115,1120,300,100,True,1.86913,False,0.0670172,0.00985558,kenya pen=0.5 phi=0.5 tou
115,1140,300,100,True,1.88447,False,0.0668309,0.00979863,kenya pen=0.5 phi=0.5 tou
115,1160,300,100,True,1.89982,False,0.0666446,0.00974414,kenya pen=0.5 phi=0.5 tou
115,1180,300,100,True,1.91516,False,0.0664583,0.00969431,kenya pen=0.5 phi=0.5 tou
115,1200,300,100,True,1.93051,False,0.0662721,0.00964447,kenya pen=0.5 phi=0.5 tou
115,1220,300,100,True,1.94586,False,0.0660858,0.00959464,kenya pen=0.5 phi=0.5 tou
115,1240,300,100,True,1.96121,False,0.0658995,0.0095448,kenya pen=0.5 phi=0.5 tou
115,1260,300,100,True,1.97655,False,0.0657132,0.00949497,kenya pen=0.5 phi=0.5 tou
115,1280,300,100,True,1.9919,False,0.0655269,0.00944514,kenya pen=0.5 phi=0.5 tou
115,1300,300,100,True,2.00724,False,0.0653406,0.0093953,kenya pen=0.5 phi=0.5 tou
115,1320,300,100,True,2.02259,False,0.0651544,0.00934547,kenya pen=0.5 phi=0.5 tou
115,1340,300,100,True,2.03793,False,0.0649681,0.00929563,kenya pen=0.5 phi=0.5 tou
115,1360,300,100,True,2.05328,False,0.0647818,0.0092458,kenya pen=0.5 phi=0.5 tou
115,1380,300,100,True,2.06862,False,0.0645955,0.00919596,kenya pen=0.5 phi=0.5 tou
115,1400,300,100,True,2.08396,False,0.0644092,0.00914613,kenya pen=0.5 phi=0.5 tou
120,0,300,100,True,1.54118,False,0.42891,0.362325,kenya pen=0.5 phi=0.5 tou
120,20,300,100,True,1.43486,False,0.39229,0.310735,kenya pen=0.5 phi=0.5 tou
120,40,300,100,True,1.35036,False,0.365366,0.264574,kenya pen=0.5 phi=0.5 tou
120,60,300,100,True,1.27764,False,0.338955,0.218656,kenya pen=0.5 phi=0.5 tou
120,80,300,100,True,1.22022,False,0.312904,0.174439,kenya pen=0.5 phi=0.5 tou
120,100,300,100,True,1.18752,False,0.287195,0.136234,kenya pen=0.5 phi=0.5 tou
120,120,300,100,True,1.17191,False,0.261689,0.104777,kenya pen=0.5 phi=0.5 tou
120,140,300,100,True,1.16826,False,0.236295,0.0807575,kenya pen=0.5 phi=0.5 tou
120,160,300,100,True,1.17228,False,0.21042,0.0631301,kenya pen=0.5 phi=0.5 tou
120,180,300,100,True,1.17992,False,0.184605,0.0495584,kenya pen=0.5 phi=0.5 tou
120,200,300,100,True,1.18978,False,0.159123,0.0391921,kenya pen=0.5 phi=0.5 tou
120,220,300,100,True,1.20123,False,0.134836,0.0315245,kenya pen=0.5 phi=0.5 tou
120,240,300,100,True,1.21394,False,0.113266,0.0262537,kenya pen=0.5 phi=0.5 tou
120,260,300,100,True,1.22755,False,0.0975322,0.0228209,kenya pen=0.5 phi=0.5 tou
120,280,300,100,True,1.24167,False,0.0875961,0.0204614,kenya pen=0.5 phi=0.5 tou
120,300,300,100,True,1.25609,False,0.0819051,0.0187014,kenya pen=0.5 phi=0.5 tou
120,320,300,100,True,1.27067,False,0.0783615,0.0172781,kenya pen=0.5 phi=0.5 tou
120,340,300,100,True,1.28539,False,0.0754106,0.0160792,kenya pen=0.5 phi=0.5 tou
120,360,300,100,True,1.30021,False,0.0729456,0.0150726,kenya pen=0.5 phi=0.5 tou
120,380,300,100,True,1.3151,False,0.070856,0.0141837,kenya pen=0.5 phi=0.5 tou
120,400,300,100,True,1.33005,False,0.0688872,0.0134073,kenya pen=0.5 phi=0.5 tou
120,420,300,100,True,1.34506,False,0.0670062,0.0127341,kenya pen=0.5 phi=0.5 tou
120,440,300,100,True,1.3601,False,0.0652444,0.0121195,kenya pen=0.5 phi=0.5 tou
120,460,300,100,True,1.37516,False,0.0636183,0.0115631,kenya pen=0.5 phi=0.5 tou
120,480,300,100,True,1.39026,False,0.0621268,0.0110574,kenya pen=0.5 phi=0.5 tou
120,500,300,100,True,1.40537,False,0.0606583,0.0105914,kenya pen=0.5 phi=0.5 tou
120,520,300,100,True,1.42052,False,0.0593533,0.0101855,kenya pen=0.5 phi=0.5 tou
120,540,300,100,True,1.4357,False,0.0582715,0.00982663,kenya pen=0.5 phi=0.5 tou
120,560,300,100,True,1.45089,False,0.0573362,0.00951061,kenya pen=0.5 phi=0.5 tou
120,580,300,100,True,1.4661,False,0.0564139,0.00921539,kenya pen=0.5 phi=0.5 tou
120,600,300,100,True,1.48131,False,0.055577,0.00894504,kenya pen=0.5 phi=0.5 tou
120,620,300,100,True,1.49653,False,0.0547402,0.00868206,kenya pen=0.5 phi=0.5 tou
120,640,300,100,True,1.51177,False,0.0539031,0.00844548,kenya pen=0.5 phi=0.5 tou
120,660,300,100,True,1.52701,False,0.0530658,0.00823149,kenya pen=0.5 phi=0.5 tou
120,680,300,100,True,1.54227,False,0.0522285,0.00803611,kenya pen=0.5 phi=0.5 tou
120,700,300,100,True,1.55754,False,0.051391,0.00785823,kenya pen=0.5 phi=0.5 tou
120,720,300,100,True,1.57281,False,0.0505534,0.00768159,kenya pen=0.5 phi=0.5 tou
120,740,300,100,True,1.58808,True,0.049769,0.00751979,kenya pen=0.5 phi=0.5 tou
120,760,300,100,True,1.60337,True,0.0491046,0.00738562,kenya pen=0.5 phi=0.5 tou
120,780,300,100,True,1.61866,True,0.0484529,0.00725752,kenya pen=0.5 phi=0.5 tou
120,800,300,100,True,1.63397,True,0.0478606,0.00714415,kenya pen=0.5 phi=0.5 tou
120,820,300,100,True,1.64927,True,0.047302,0.00703739,kenya pen=0.5 phi=0.5 tou
120,840,300,100,True,1.66458,True,0.0467433,0.00693063,kenya pen=0.5 phi=0.5 tou
120,860,300,100,True,1.67988,True,0.0461847,0.00682387,kenya pen=0.5 phi=0.5 tou
120,880,300,100,True,1.69518,True,0.045626,0.00671971,kenya pen=0.5 phi=0.5 tou
120,900,300,100,True,1.7105,True,0.0452178,0.00663548,kenya pen=0.5 phi=0.5 tou
120,920,300,100,True,1.72582,True,0.0449722,0.00656774,kenya pen=0.5 phi=0.5 tou
120,940,300,100,True,1.74115,True,0.0447859,0.00651079,kenya pen=0.5 phi=0.5 tou
120,960,300,100,True,1.75648,True,0.0445996,0.00645384,kenya pen=0.5 phi=0.5 tou
120,980,300,100,True,1.77181,True,0.0444133,0.00640166,kenya pen=0.5 phi=0.5 tou
120,1000,300,100,True,1.78715,True,0.044227,0.00635183,kenya pen=0.5 phi=0.5 tou
120,1020,300,100,True,1.80248,True,0.0440408,0.00630199,kenya pen=0.5 phi=0.5 tou
120,1040,300,100,True,1.81781,True,0.0438545,0.00625216,kenya pen=0.5 phi=0.5 tou
120,1060,300,100,True,1.83315,True,0.0436682,0.00620233,kenya pen=0.5 phi=0.5 tou
120,1080,300,100,True,1.84848,True,0.0434819,0.00615799,kenya pen=0.5 phi=0.5 tou
120,1100,300,100,True,1.86382,True,0.0432956,0.00611528,kenya pen=0.5 phi=0.5 tou
120,1120,300,100,True,1.87915,True,0.0431093,0.00607256,kenya pen=0.5 phi=0.5 tou
120,1140,300,100,True,1.89449,True,0.042923,0.00602984,kenya pen=0.5 phi=0.5 tou
120,1160,300,100,True,1.90982,True,0.0427367,0.00598713,kenya pen=0.5 phi=0.5 tou
120,1180,300,100,True,1.92516,True,0.0425504,0.00594441,kenya pen=0.5 phi=0.5 tou
120,1200,300,100,True,1.94049,True,0.0423641,0.00590169,kenya pen=0.5 phi=0.5 tou
120,1220,300,100,True,1.95583,True,0.0421778,0.00585898,kenya pen=0.5 phi=0.5 tou
120,1240,300,100,True,1.97116,True,0.0419915,0.00581626,kenya pen=0.5 phi=0.5 tou
120,1260,300,100,True,1.98649,True,0.0418052,0.00577354,kenya pen=0.5 phi=0.5 tou
120,1280,300,100,True,2.00182,True,0.0416189,0.00573083,kenya pen=0.5 phi=0.5 tou
120,1300,300,100,True,2.01715,True,0.0414326,0.00568811,kenya pen=0.5 phi=0.5 tou
120,1320,300,100,True,2.03248,True,0.0412463,0.00564539,kenya pen=0.5 phi=0.5 tou
120,1340,300,100,True,2.04781,True,0.04106,0.00560268,kenya pen=0.5 phi=0.5 tou
120,1360,300,100,True,2.06314,True,0.0408737,0.00555996,kenya pen=0.5 phi=0.5 tou
120,1380,300,100,True,2.07847,True,0.0406874,0.00551724,kenya pen=0.5 phi=0.5 tou
120,1400,300,100,True,2.0938,True,0.0405011,0.00547657,kenya pen=0.5 phi=0.5 tou
125,0,300,100,True,1.5518,False,0.419659,0.357218,kenya pen=0.5 phi=0.5 tou
125,20,300,100,True,1.44569,False,0.382688,0.305943,kenya pen=0.5 phi=0.5 tou
125,40,300,100,True,1.3607,False,0.3556,0.259728,kenya pen=0.5 phi=0.5 tou
125,60,300,100,True,1.28748,False,0.32906,0.213741,kenya pen=0.5 phi=0.5 tou
125,80,300,100,True,1.2299,False,0.302859,0.169497,kenya pen=0.5 phi=0.5 tou
125,100,300,100,True,1.1973,False,0.276925,0.131317,kenya pen=0.5 phi=0.5 tou
125,120,300,100,True,1.18178,False,0.251295,0.0999224,kenya pen=0.5 phi=0.5 tou
125,140,300,100,True,1.17834,False,0.225557,0.0760943,kenya pen=0.5 phi=0.5 tou
125,160,300,100,True,1.18248,False,0.199267,0.0585961,kenya pen=0.5 phi=0.5 tou
125,180,300,100,True,1.19021,False,0.172741,0.0451247,kenya pen=0.5 phi=0.5 tou
125,200,300,100,True,1.2002,False,0.146375,0.034916,kenya pen=0.5 phi=0.5 tou
125,220,300,100,True,1.21176,False,0.121004,0.0274217,kenya pen=0.5 phi=0.5 tou
125,240,300,100,True,1.22455,False,0.098452,0.0222974,kenya pen=0.5 phi=0.5 tou
125,260,300,100,True,1.23828,False,0.0828128,0.0190793,kenya pen=0.5 phi=0.5 tou
125,280,300,100,True,1.25252,False,0.0739492,0.0169689,kenya pen=0.5 phi=0.5 tou
125,300,300,100,True,1.26701,False,0.0686982,0.0153777,kenya pen=0.5 phi=0.5 tou
125,320,300,100,True,1.28163,False,0.064409,0.0140135,kenya pen=0.5 phi=0.5 tou
125,340,300,100,True,1.29639,False,0.0610955,0.0128808,kenya pen=0.5 phi=0.5 tou
125,360,300,100,True,1.31121,False,0.0583282,0.011887,kenya pen=0.5 phi=0.5 tou
125,380,300,100,True,1.32612,False,0.05592,0.0110457,kenya pen=0.5 phi=0.5 tou
125,400,300,100,True,1.34108,False,0.0537292,0.0103022,kenya pen=0.5 phi=0.5 tou
125,420,300,100,True,1.35608,False,0.0516346,0.00962346,kenya pen=0.5 phi=0.5 tou
125,440,300,100,True,1.37113,True,0.0499889,0.00905292,kenya pen=0.5 phi=0.5 tou
125,460,300,100,True,1.38622,True,0.0485966,0.00856378,kenya pen=0.5 phi=0.5 tou
125,480,300,100,True,1.40133,True,0.047204,0.00810369,kenya pen=0.5 phi=0.5 tou
125,500,300,100,True,1.41647,True,0.045828,0.00768904,kenya pen=0.5 phi=0.5 tou
125,520,300,100,True,1.43163,True,0.044658,0.00732741,kenya pen=0.5 phi=0.5 tou
125,540,300,100,True,1.4468,True,0.0435441,0.00699836,kenya pen=0.5 phi=0.5 tou
125,560,300,100,True,1.46199,True,0.0425216,0.00669358,kenya pen=0.5 phi=0.5 tou
125,580,300,100,True,1.4772,True,0.0415001,0.00641537,kenya pen=0.5 phi=0.5 tou
125,600,300,100,True,1.49241,True,0.0405701,0.00615883,kenya pen=0.5 phi=0.5 tou
125,620,300,100,True,1.50764,True,0.0396848,0.00593401,kenya pen=0.5 phi=0.5 tou
125,640,300,100,True,1.52288,True,0.0388475,0.00573094,kenya pen=0.5 phi=0.5 tou
125,660,300,100,True,1.53813,True,0.0380101,0.00553196,kenya pen=0.5 phi=0.5 tou
125,680,300,100,True,1.55338,True,0.0372168,0.0053579,kenya pen=0.5 phi=0.5 tou
125,700,300,100,True,1.56865,True,0.0365519,0.00520929,kenya pen=0.5 phi=0.5 tou
125,720,300,100,True,1.58393,True,0.0359003,0.00506696,kenya pen=0.5 phi=0.5 tou
125,740,300,100,True,1.59921,True,0.0353101,0.00494092,kenya pen=0.5 phi=0.5 tou
125,760,300,100,True,1.6145,True,0.0348237,0.00482545,kenya pen=0.5 phi=0.5 tou
125,780,300,100,True,1.62978,True,0.0343582,0.00471292,kenya pen=0.5 phi=0.5 tou
125,800,300,100,True,1.64508,True,0.0339197,0.00460822,kenya pen=0.5 phi=0.5 tou
125,820,300,100,True,1.66038,True,0.0335473,0.00451921,kenya pen=0.5 phi=0.5 tou
125,840,300,100,True,1.67568,True,0.0331748,0.00444203,kenya pen=0.5 phi=0.5 tou
125,860,300,100,True,1.691,True,0.0328023,0.00437085,kenya pen=0.5 phi=0.5 tou
125,880,300,100,True,1.70631,True,0.0324826,0.0043037,kenya pen=0.5 phi=0.5 tou
125,900,300,100,True,1.72163,True,0.0322032,0.00424071,kenya pen=0.5 phi=0.5 tou
125,920,300,100,True,1.73695,True,0.0319238,0.00418376,kenya pen=0.5 phi=0.5 tou
125,940,300,100,True,1.75226,True,0.0316444,0.00412681,kenya pen=0.5 phi=0.5 tou
125,960,300,100,True,1.76758,True,0.031365,0.00406986,kenya pen=0.5 phi=0.5 tou
125,980,300,100,True,1.7829,True,0.0310855,0.00401627,kenya pen=0.5 phi=0.5 tou
125,1000,300,100,True,1.79822,True,0.0308061,0.00396644,kenya pen=0.5 phi=0.5 tou
125,1020,300,100,True,1.81354,True,0.0305267,0.0039166,kenya pen=0.5 phi=0.5 tou
125,1040,300,100,True,1.82887,True,0.0302472,0.00387381,kenya pen=0.5 phi=0.5 tou
125,1060,300,100,True,1.84419,True,0.0299678,0.0038311,kenya pen=0.5 phi=0.5 tou
125,1080,300,100,True,1.85951,True,0.0296883,0.00378838,kenya pen=0.5 phi=0.5 tou
125,1100,300,100,True,1.87484,True,0.0294089,0.00374566,kenya pen=0.5 phi=0.5 tou
125,1120,300,100,True,1.89016,True,0.0291294,0.00370295,kenya pen=0.5 phi=0.5 tou
125,1140,300,100,True,1.90548,True,0.0288499,0.00366023,kenya pen=0.5 phi=0.5 tou
125,1160,300,100,True,1.9208,True,0.0285705,0.00361751,kenya pen=0.5 phi=0.5 tou
125,1180,300,100,True,1.93613,True,0.0283703,0.00358085,kenya pen=0.5 phi=0.5 tou
125,1200,300,100,True,1.95146,True,0.028184,0.00354907,kenya pen=0.5 phi=0.5 tou
125,1220,300,100,True,1.96679,True,0.0279977,0.00352059,kenya pen=0.5 phi=0.5 tou
125,1240,300,100,True,1.98212,True,0.0278113,0.00349211,kenya pen=0.5 phi=0.5 tou
125,1260,300,100,True,1.99745,True,0.027625,0.00346363,kenya pen=0.5 phi=0.5 tou
125,1280,300,100,True,2.01278,True,0.0274387,0.00343515,kenya pen=0.5 phi=0.5 tou
125,1300,300,100,True,2.02811,True,0.0272524,0.00340667,kenya pen=0.5 phi=0.5 tou
125,1320,300,100,True,2.04344,True,0.0270661,0.00337819,kenya pen=0.5 phi=0.5 tou
125,1340,300,100,True,2.05877,True,0.0268797,0.00334971,kenya pen=0.5 phi=0.5 tou
125,1360,300,100,True,2.0741,True,0.0266934,0.00332123,kenya pen=0.5 phi=0.5 tou
125,1380,300,100,True,2.08943,True,0.0265071,0.00329275,kenya pen=0.5 phi=0.5 tou
125,1400,300,100,True,2.10476,True,0.0263208,0.00326427,kenya pen=0.5 phi=0.5 tou
130,0,300,100,True,1.56313,False,0.411092,0.352612,kenya pen=0.5 phi=0.5 tou
130,20,300,100,True,1.45709,False,0.373894,0.301666,kenya pen=0.5 phi=0.5 tou
130,40,300,100,True,1.37156,False,0.346724,0.255409,kenya pen=0.5 phi=0.5 tou
130,60,300,100,True,1.29779,False,0.320127,0.209368,kenya pen=0.5 phi=0.5 tou
130,80,300,100,True,1.23999,False,0.29374,0.165106,kenya pen=0.5 phi=0.5 tou
130,100,300,100,True,1.20747,False,0.267624,0.126976,kenya pen=0.5 phi=0.5 tou
130,120,300,100,True,1.19203,False,0.241867,0.0956455,kenya pen=0.5 phi=0.5 tou
130,140,300,100,True,1.18876,False,0.215866,0.0719922,kenya pen=0.5 phi=0.5 tou
130,160,300,100,True,1.19303,False,0.189191,0.0546472,kenya pen=0.5 phi=0.5 tou
130,180,300,100,True,1.20088,False,0.16213,0.0413339,kenya pen=0.5 phi=0.5 tou
130,200,300,100,True,1.21095,False,0.135106,0.0312544,kenya pen=0.5 phi=0.5 tou
130,220,300,100,True,1.22264,False,0.108821,0.0239858,kenya pen=0.5 phi=0.5 tou
130,240,300,100,True,1.23556,False,0.085859,0.019084,kenya pen=0.5 phi=0.5 tou
130,260,300,100,True,1.24937,False,0.0704342,0.0160509,kenya pen=0.5 phi=0.5 tou
130,280,300,100,True,1.26371,False,0.0624675,0.0141467,kenya pen=0.5 phi=0.5 tou
130,300,300,100,True,1.27828,False,0.0575465,0.0126951,kenya pen=0.5 phi=0.5 tou
130,320,300,100,True,1.29298,False,0.0535621,0.0114864,kenya pen=0.5 phi=0.5 tou
130,340,300,100,True,1.30775,False,0.0501157,0.0104042,kenya pen=0.5 phi=0.5 tou
130,360,300,100,True,1.32262,True,0.0472097,0.00949855,kenya pen=0.5 phi=0.5 tou
130,380,300,100,True,1.33754,True,0.0445375,0.00868419,kenya pen=0.5 phi=0.5 tou
130,400,300,100,True,1.35252,True,0.042282,0.00798362,kenya pen=0.5 phi=0.5 tou
130,420,300,100,True,1.36755,True,0.0404397,0.00738956,kenya pen=0.5 phi=0.5 tou
130,440,300,100,True,1.38263,True,0.0387586,0.00687249,kenya pen=0.5 phi=0.5 tou
130,460,300,100,True,1.39772,True,0.0371236,0.00638625,kenya pen=0.5 phi=0.5 tou
130,480,300,100,True,1.41283,True,0.035545,0.00594786,kenya pen=0.5 phi=0.5 tou
130,500,300,100,True,1.42798,True,0.0342438,0.00557759,kenya pen=0.5 phi=0.5 tou
130,520,300,100,True,1.44315,True,0.0331146,0.00524585,kenya pen=0.5 phi=0.5 tou
130,540,300,100,True,1.45834,True,0.0321616,0.00494766,kenya pen=0.5 phi=0.5 tou
130,560,300,100,True,1.47354,True,0.0312317,0.00467872,kenya pen=0.5 phi=0.5 tou
130,580,300,100,True,1.48876,True,0.0303552,0.00444397,kenya pen=0.5 phi=0.5 tou
130,600,300,100,True,1.50399,True,0.029518,0.00422337,kenya pen=0.5 phi=0.5 tou
130,620,300,100,True,1.51922,True,0.0286807,0.00401931,kenya pen=0.5 phi=0.5 tou
130,640,300,100,True,1.53446,True,0.0278433,0.00382755,kenya pen=0.5 phi=0.5 tou
130,660,300,100,True,1.54972,True,0.0271321,0.00366413,kenya pen=0.5 phi=0.5 tou
130,680,300,100,True,1.56498,True,0.0264805,0.00352181,kenya pen=0.5 phi=0.5 tou
130,700,300,100,True,1.58025,True,0.0258289,0.00338497,kenya pen=0.5 phi=0.5 tou
130,720,300,100,True,1.59553,True,0.0252564,0.0032602,kenya pen=0.5 phi=0.5 tou
130,740,300,100,True,1.61081,True,0.0247909,0.00314757,kenya pen=0.5 phi=0.5 tou
130,760,300,100,True,1.6261,True,0.0243641,0.00305059,kenya pen=0.5 phi=0.5 tou
130,780,300,100,True,1.64139,True,0.0239916,0.00296518,kenya pen=0.5 phi=0.5 tou
130,800,300,100,True,1.6567,True,0.0236191,0.00289091,kenya pen=0.5 phi=0.5 tou
130,820,300,100,True,1.672,True,0.0232466,0.00282684,kenya pen=0.5 phi=0.5 tou
130,840,300,100,True,1.68731,True,0.022874,0.00276277,kenya pen=0.5 phi=0.5 tou
130,860,300,100,True,1.70262,True,0.0225015,0.0026987,kenya pen=0.5 phi=0.5 tou
130,880,300,100,True,1.71793,True,0.0221289,0.00263463,kenya pen=0.5 phi=0.5 tou
130,900,300,100,True,1.73324,True,0.0217564,0.0025793,kenya pen=0.5 phi=0.5 tou
130,920,300,100,True,1.74855,True,0.0213838,0.00252947,kenya pen=0.5 phi=0.5 tou
130,940,300,100,True,1.76387,True,0.0210112,0.00247963,kenya pen=0.5 phi=0.5 tou
130,960,300,100,True,1.77919,True,0.0206385,0.00243655,kenya pen=0.5 phi=0.5 tou
130,980,300,100,True,1.7945,True,0.0202659,0.00239383,kenya pen=0.5 phi=0.5 tou
130,1000,300,100,True,1.80982,True,0.0198933,0.00235111,kenya pen=0.5 phi=0.5 tou
130,1020,300,100,True,1.82514,True,0.0195784,0.00231281,kenya pen=0.5 phi=0.5 tou
130,1040,300,100,True,1.84046,True,0.019299,0.00227721,kenya pen=0.5 phi=0.5 tou
130,1060,300,100,True,1.85579,True,0.0190195,0.00224161,kenya pen=0.5 phi=0.5 tou
130,1080,300,100,True,1.87111,True,0.0188295,0.00221285,kenya pen=0.5 phi=0.5 tou
130,1100,300,100,True,1.88644,True,0.0186431,0.00218437,kenya pen=0.5 phi=0.5 tou
130,1120,300,100,True,1.90176,True,0.0184568,0.00215589,kenya pen=0.5 phi=0.5 tou
130,1140,300,100,True,1.91709,True,0.0182705,0.00212741,kenya pen=0.5 phi=0.5 tou
130,1160,300,100,True,1.93241,True,0.0180981,0.00209999,kenya pen=0.5 phi=0.5 tou
130,1180,300,100,True,1.94774,True,0.0180049,0.00207863,kenya pen=0.5 phi=0.5 tou
130,1200,300,100,True,1.96307,True,0.0179117,0.00205727,kenya pen=0.5 phi=0.5 tou
130,1220,300,100,True,1.97839,True,0.0178186,0.00203591,kenya pen=0.5 phi=0.5 tou
130,1240,300,100,True,1.99372,True,0.0177254,0.00201455,kenya pen=0.5 phi=0.5 tou
130,1260,300,100,True,2.00905,True,0.0176322,0.00199319,kenya pen=0.5 phi=0.5 tou
130,1280,300,100,True,2.02438,True,0.0175391,0.00197183,kenya pen=0.5 phi=0.5 tou
130,1300,300,100,True,2.0397,True,0.0174459,0.00195047,kenya pen=0.5 phi=0.5 tou
130,1320,300,100,True,2.05503,True,0.0173527,0.00192911,kenya pen=0.5 phi=0.5 tou
130,1340,300,100,True,2.07036,True,0.0172596,0.00190775,kenya pen=0.5 phi=0.5 tou
130,1360,300,100,True,2.08568,True,0.0171664,0.00188639,kenya pen=0.5 phi=0.5 tou
130,1380,300,100,True,2.10101,True,0.0170733,0.00186503,kenya pen=0.5 phi=0.5 tou
130,1400,300,100,True,2.11634,True,0.0169801,0.00184367,kenya pen=0.5 phi=0.5 tou
135,0,300,100,True,1.57506,False,0.403262,0.348448,kenya pen=0.5 phi=0.5 tou
135,20,300,100,True,1.46898,False,0.366041,0.29785,kenya pen=0.5 phi=0.5 tou
135,40,300,100,True,1.38284,False,0.338802,0.251553,kenya pen=0.5 phi=0.5 tou
135,60,300,100,True,1.30851,False,0.312145,0.205466,kenya pen=0.5 phi=0.5 tou
135,80,300,100,True,1.25045,False,0.285563,0.161197,kenya pen=0.5 phi=0.5 tou
135,100,300,100,True,1.21798,False,0.259332,0.123133,kenya pen=0.5 phi=0.5 tou
135,120,300,100,True,1.20261,False,0.23335,0.091883,kenya pen=0.5 phi=0.5 tou
135,140,300,100,True,1.19948,False,0.207225,0.0683871,kenya pen=0.5 phi=0.5 tou
135,160,300,100,True,1.20387,False,0.180242,0.0512042,kenya pen=0.5 phi=0.5 tou
135,180,300,100,True,1.21182,False,0.152719,0.0380485,kenya pen=0.5 phi=0.5 tou
135,200,300,100,True,1.22198,False,0.125014,0.0281232,kenya pen=0.5 phi=0.5 tou
135,220,300,100,True,1.23382,False,0.0982031,0.0211081,kenya pen=0.5 phi=0.5 tou
135,240,300,100,True,1.24686,False,0.0751416,0.0164442,kenya pen=0.5 phi=0.5 tou
135,260,300,100,True,1.26077,False,0.0602435,0.0136226,kenya pen=0.5 phi=0.5 tou
135,280,300,100,True,1.27519,False,0.0529503,0.0118779,kenya pen=0.5 phi=0.5 tou
135,300,300,100,True,1.28984,True,0.0485705,0.010582,kenya pen=0.5 phi=0.5 tou
135,320,300,100,True,1.30459,True,0.045024,0.00947423,kenya pen=0.5 phi=0.5 tou
135,340,300,100,True,1.31943,True,0.0419381,0.00853844,kenya pen=0.5 phi=0.5 tou
135,360,300,100,True,1.33433,True,0.039024,0.00768992,kenya pen=0.5 phi=0.5 tou
135,380,300,100,True,1.34928,True,0.0364864,0.00694986,kenya pen=0.5 phi=0.5 tou
135,400,300,100,True,1.36429,True,0.0342483,0.00632479,kenya pen=0.5 phi=0.5 tou
135,420,300,100,True,1.37933,True,0.0320743,0.0057493,kenya pen=0.5 phi=0.5 tou
135,440,300,100,True,1.39442,True,0.0302143,0.0052531,kenya pen=0.5 phi=0.5 tou
135,460,300,100,True,1.40954,True,0.0286777,0.00482694,kenya pen=0.5 phi=0.5 tou
135,480,300,100,True,1.42468,True,0.0274356,0.00445866,kenya pen=0.5 phi=0.5 tou
135,500,300,100,True,1.43984,True,0.0262275,0.00411538,kenya pen=0.5 phi=0.5 tou
135,520,300,100,True,1.45502,True,0.025019,0.00380534,kenya pen=0.5 phi=0.5 tou
135,540,300,100,True,1.47021,True,0.0238604,0.0035231,kenya pen=0.5 phi=0.5 tou
135,560,300,100,True,1.48542,True,0.0227444,0.00326911,kenya pen=0.5 phi=0.5 tou
135,580,300,100,True,1.50064,True,0.0217015,0.00304435,kenya pen=0.5 phi=0.5 tou
135,600,300,100,True,1.51587,True,0.0206781,0.0028368,kenya pen=0.5 phi=0.5 tou
135,620,300,100,True,1.53111,True,0.0197951,0.00265849,kenya pen=0.5 phi=0.5 tou
135,640,300,100,True,1.54636,True,0.0190353,0.00249454,kenya pen=0.5 phi=0.5 tou
135,660,300,100,True,1.56162,True,0.0183837,0.00235115,kenya pen=0.5 phi=0.5 tou
135,680,300,100,True,1.57689,True,0.0177322,0.00220882,kenya pen=0.5 phi=0.5 tou
135,700,300,100,True,1.59216,True,0.0172534,0.00208976,kenya pen=0.5 phi=0.5 tou
135,720,300,100,True,1.60744,True,0.0168809,0.00199443,kenya pen=0.5 phi=0.5 tou
135,740,300,100,True,1.62273,True,0.0165085,0.00190789,kenya pen=0.5 phi=0.5 tou
135,760,300,100,True,1.63803,True,0.016136,0.00182845,kenya pen=0.5 phi=0.5 tou
135,780,300,100,True,1.65333,True,0.0157634,0.00175537,kenya pen=0.5 phi=0.5 tou
135,800,300,100,True,1.66862,True,0.0153909,0.00168418,kenya pen=0.5 phi=0.5 tou
135,820,300,100,True,1.68392,True,0.0150184,0.00161653,kenya pen=0.5 phi=0.5 tou
135,840,300,100,True,1.69923,True,0.0146458,0.00156582,kenya pen=0.5 phi=0.5 tou
135,860,300,100,True,1.71454,True,0.0142732,0.00151598,kenya pen=0.5 phi=0.5 tou
135,880,300,100,True,1.72986,True,0.0139461,0.00147672,kenya pen=0.5 phi=0.5 tou
135,900,300,100,True,1.74518,True,0.0136666,0.00144113,kenya pen=0.5 phi=0.5 tou
135,920,300,100,True,1.7605,True,0.0133871,0.00140553,kenya pen=0.5 phi=0.5 tou
135,940,300,100,True,1.77581,True,0.0131077,0.00136993,kenya pen=0.5 phi=0.5 tou
135,960,300,100,True,1.79113,True,0.0128282,0.00133433,kenya pen=0.5 phi=0.5 tou
135,980,300,100,True,1.80645,True,0.0125636,0.00129987,kenya pen=0.5 phi=0.5 tou
135,1000,300,100,True,1.82177,True,0.0123773,0.00127139,kenya pen=0.5 phi=0.5 tou
135,1020,300,100,True,1.83709,True,0.0122706,0.00124899,kenya pen=0.5 phi=0.5 tou
135,1040,300,100,True,1.85242,True,0.0121774,0.00122763,kenya pen=0.5 phi=0.5 tou
135,1060,300,100,True,1.86774,True,0.0120842,0.00120718,kenya pen=0.5 phi=0.5 tou
135,1080,300,100,True,1.88307,True,0.0119911,0.00119294,kenya pen=0.5 phi=0.5 tou
135,1100,300,100,True,1.8984,True,0.0118979,0.0011787,kenya pen=0.5 phi=0.5 tou
135,1120,300,100,True,1.91373,True,0.0118047,0.00116446,kenya pen=0.5 phi=0.5 tou
135,1140,300,100,True,1.92906,True,0.0117116,0.00115022,kenya pen=0.5 phi=0.5 tou
135,1160,300,100,True,1.94439,True,0.0116184,0.00113598,kenya pen=0.5 phi=0.5 tou
135,1180,300,100,True,1.95972,True,0.0115252,0.00112173,kenya pen=0.5 phi=0.5 tou
135,1200,300,100,True,1.97505,True,0.011432,0.00110749,kenya pen=0.5 phi=0.5 tou
135,1220,300,100,True,1.99038,True,0.0113389,0.00109325,kenya pen=0.5 phi=0.5 tou
135,1240,300,100,True,2.0057,True,0.0112457,0.00107901,kenya pen=0.5 phi=0.5 tou
135,1260,300,100,True,2.02103,True,0.0111525,0.00106477,kenya pen=0.5 phi=0.5 tou
135,1280,300,100,True,2.03636,True,0.0110594,0.00105053,kenya pen=0.5 phi=0.5 tou
135,1300,300,100,True,2.05169,True,0.0109662,0.00103629,kenya pen=0.5 phi=0.5 tou
135,1320,300,100,True,2.06702,True,0.010873,0.00102205,kenya pen=0.5 phi=0.5 tou
135,1340,300,100,True,2.08234,True,0.0107799,0.00100781,kenya pen=0.5 phi=0.5 tou
135,1360,300,100,True,2.09767,True,0.0106867,0.000993569,kenya pen=0.5 phi=0.5 tou
135,1380,300,100,True,2.113,True,0.0105935,0.000979328,kenya pen=0.5 phi=0.5 tou
135,1400,300,100,True,2.12833,True,0.0105004,0.000965087,kenya pen=0.5 phi=0.5 tou
140,0,300,100,True,1.58752,False,0.396197,0.344675,kenya pen=0.5 phi=0.5 tou
140,20,300,100,True,1.48129,False,0.359147,0.294433,kenya pen=0.5 phi=0.5 tou
140,40,300,100,True,1.39451,False,0.331816,0.248109,kenya pen=0.5 phi=0.5 tou
140,60,300,100,True,1.31957,False,0.305093,0.201984,kenya pen=0.5 phi=0.5 tou
140,80,300,100,True,1.26122,False,0.278437,0.15772,kenya pen=0.5 phi=0.5 tou
140,100,300,100,True,1.22878,False,0.252055,0.119724,kenya pen=0.5 phi=0.5 tou
140,120,300,100,True,1.21349,False,0.225845,0.0885795,kenya pen=0.5 phi=0.5 tou
140,140,300,100,True,1.21046,False,0.199595,0.0652159,kenya pen=0.5 phi=0.5 tou
140,160,300,100,True,1.21495,False,0.172357,0.0481873,kenya pen=0.5 phi=0.5 tou
140,180,300,100,True,1.22299,False,0.144495,0.0351925,kenya pen=0.5 phi=0.5 tou
140,200,300,100,True,1.23327,False,0.116296,0.0254651,kenya pen=0.5 phi=0.5 tou
140,220,300,100,True,1.2452,False,0.088906,0.0186392,kenya pen=0.5 phi=0.5 tou
140,240,300,100,True,1.25839,False,0.0661487,0.0142855,kenya pen=0.5 phi=0.5 tou
140,260,300,100,True,1.27241,False,0.0521475,0.011666,kenya pen=0.5 phi=0.5 tou
140,280,300,100,True,1.2869,True,0.0453937,0.0100745,kenya pen=0.5 phi=0.5 tou
140,300,300,100,True,1.30161,True,0.041294,0.00888543,kenya pen=0.5 phi=0.5 tou
140,320,300,100,True,1.31642,True,0.0380001,0.00789934,kenya pen=0.5 phi=0.5 tou
140,340,300,100,True,1.3313,True,0.0350697,0.00703709,kenya pen=0.5 phi=0.5 tou
140,360,300,100,True,1.34623,True,0.0324039,0.00627104,kenya pen=0.5 phi=0.5 tou
140,380,300,100,True,1.36123,True,0.0299631,0.00561933,kenya pen=0.5 phi=0.5 tou
140,400,300,100,True,1.37625,True,0.0277076,0.00502576,kenya pen=0.5 phi=0.5 tou
140,420,300,100,True,1.39134,True,0.0257939,0.00453066,kenya pen=0.5 phi=0.5 tou
140,440,300,100,True,1.40644,True,0.0241514,0.00408939,kenya pen=0.5 phi=0.5 tou
140,460,300,100,True,1.42158,True,0.0225721,0.00369838,kenya pen=0.5 phi=0.5 tou
140,480,300,100,True,1.43673,True,0.0210565,0.00333697,kenya pen=0.5 phi=0.5 tou
140,500,300,100,True,1.45191,True,0.0196339,0.00302996,kenya pen=0.5 phi=0.5 tou
140,520,300,100,True,1.4671,True,0.018332,0.00275547,kenya pen=0.5 phi=0.5 tou
140,540,300,100,True,1.4823,True,0.0171054,0.00250109,kenya pen=0.5 phi=0.5 tou
140,560,300,100,True,1.49753,True,0.016123,0.00229031,kenya pen=0.5 phi=0.5 tou
140,580,300,100,True,1.51277,True,0.0152518,0.00210524,kenya pen=0.5 phi=0.5 tou
140,600,300,100,True,1.52802,True,0.0144852,0.0019399,kenya pen=0.5 phi=0.5 tou
140,620,300,100,True,1.54327,True,0.0137406,0.00178442,kenya pen=0.5 phi=0.5 tou
140,640,300,100,True,1.55853,True,0.0129959,0.0016455,kenya pen=0.5 phi=0.5 tou
140,660,300,100,True,1.5738,True,0.0122713,0.0015129,kenya pen=0.5 phi=0.5 tou
140,680,300,100,True,1.58907,True,0.0116227,0.00139781,kenya pen=0.5 phi=0.5 tou
140,700,300,100,True,1.60435,True,0.011064,0.00130197,kenya pen=0.5 phi=0.5 tou
140,720,300,100,True,1.61964,True,0.0105053,0.00121587,kenya pen=0.5 phi=0.5 tou
140,740,300,100,True,1.63493,True,0.00994652,0.00113045,kenya pen=0.5 phi=0.5 tou
140,760,300,100,True,1.65022,True,0.00946796,0.00105235,kenya pen=0.5 phi=0.5 tou
140,780,300,100,True,1.66552,True,0.00900228,0.000984004,kenya pen=0.5 phi=0.5 tou
140,800,300,100,True,1.68082,True,0.00853658,0.000919936,kenya pen=0.5 phi=0.5 tou
140,820,300,100,True,1.69613,True,0.00815565,0.00086699,kenya pen=0.5 phi=0.5 tou
140,840,300,100,True,1.71143,True,0.00778306,0.000817156,kenya pen=0.5 phi=0.5 tou
140,860,300,100,True,1.72674,True,0.00741047,0.000767321,kenya pen=0.5 phi=0.5 tou
140,880,300,100,True,1.74205,True,0.00712995,0.000724523,kenya pen=0.5 phi=0.5 tou
140,900,300,100,True,1.75736,True,0.00685096,0.000684329,kenya pen=0.5 phi=0.5 tou
140,920,300,100,True,1.77268,True,0.00673763,0.000661427,kenya pen=0.5 phi=0.5 tou
140,940,300,100,True,1.78801,True,0.00664446,0.000643715,kenya pen=0.5 phi=0.5 tou
140,960,300,100,True,1.80334,True,0.00655129,0.000629474,kenya pen=0.5 phi=0.5 tou
140,980,300,100,True,1.81866,True,0.00645812,0.000615233,kenya pen=0.5 phi=0.5 tou
140,1000,300,100,True,1.83399,True,0.00636496,0.000600993,kenya pen=0.5 phi=0.5 tou
140,1020,300,100,True,1.84932,True,0.00627179,0.000586752,kenya pen=0.5 phi=0.5 tou
140,1040,300,100,True,1.86464,True,0.00617862,0.000572511,kenya pen=0.5 phi=0.5 tou
140,1060,300,100,True,1.87997,True,0.00608545,0.000558271,kenya pen=0.5 phi=0.5 tou
140,1080,300,100,True,1.89529,True,0.00599228,0.00054403,kenya pen=0.5 phi=0.5 tou
140,1100,300,100,True,1.91062,True,0.00589911,0.000529789,kenya pen=0.5 phi=0.5 tou
140,1120,300,100,True,1.92595,True,0.00580594,0.000515549,kenya pen=0.5 phi=0.5 tou
140,1140,300,100,True,1.94127,True,0.00571277,0.000501308,kenya pen=0.5 phi=0.5 tou
140,1160,300,100,True,1.9566,True,0.0056196,0.000487067,kenya pen=0.5 phi=0.5 tou
140,1180,300,100,True,1.97192,True,0.00552644,0.000472827,kenya pen=0.5 phi=0.5 tou
140,1200,300,100,True,1.98725,True,0.00543327,0.000458586,kenya pen=0.5 phi=0.5 tou
140,1220,300,100,True,2.00257,True,0.0053401,0.000444345,kenya pen=0.5 phi=0.5 tou
140,1240,300,100,True,2.0179,True,0.00524693,0.000430105,kenya pen=0.5 phi=0.5 tou
140,1260,300,100,True,2.03322,True,0.00515376,0.000415864,kenya pen=0.5 phi=0.5 tou
140,1280,300,100,True,2.04855,True,0.00506059,0.000401623,kenya pen=0.5 phi=0.5 tou
140,1300,300,100,True,2.06387,True,0.00496742,0.000387383,kenya pen=0.5 phi=0.5 tou
140,1320,300,100,True,2.0792,True,0.00487425,0.000373142,kenya pen=0.5 phi=0.5 tou
140,1340,300,100,True,2.09453,True,0.00478108,0.000365377,kenya pen=0.5 phi=0.5 tou
140,1360,300,100,True,2.10986,True,0.0046879,0.000358257,kenya pen=0.5 phi=0.5 tou
140,1380,300,100,True,2.12518,True,0.00459473,0.000351136,kenya pen=0.5 phi=0.5 tou
140,1400,300,100,True,2.14051,True,0.00450155,0.000344016,kenya pen=0.5 phi=0.5 tou
145,0,300,100,True,1.60043,False,0.389696,0.341245,kenya pen=0.5 phi=0.5 tou
145,20,300,100,True,1.49395,False,0.352945,0.291348,kenya pen=0.5 phi=0.5 tou
145,40,300,100,True,1.40648,False,0.325515,0.245001,kenya pen=0.5 phi=0.5 tou
145,60,300,100,True,1.33092,False,0.298702,0.198843,kenya pen=0.5 phi=0.5 tou
145,80,300,100,True,1.27227,False,0.271986,0.154593,kenya pen=0.5 phi=0.5 tou
145,100,300,100,True,1.2398,False,0.245428,0.116664,kenya pen=0.5 phi=0.5 tou
145,120,300,100,True,1.22458,False,0.219098,0.0856427,kenya pen=0.5 phi=0.5 tou
145,140,300,100,True,1.22167,False,0.19261,0.0624174,kenya pen=0.5 phi=0.5 tou
145,160,300,100,True,1.22622,False,0.165237,0.0455149,kenya pen=0.5 phi=0.5 tou
145,180,300,100,True,1.23435,False,0.137086,0.0326874,kenya pen=0.5 phi=0.5 tou
145,200,300,100,True,1.24473,False,0.108468,0.0231502,kenya pen=0.5 phi=0.5 tou
145,220,300,100,True,1.25678,False,0.0805929,0.0165455,kenya pen=0.5 phi=0.5 tou
145,240,300,100,True,1.27009,False,0.0584052,0.0124523,kenya pen=0.5 phi=0.5 tou
145,260,300,100,True,1.28423,True,0.045515,0.0100769,kenya pen=0.5 phi=0.5 tou
145,280,300,100,True,1.29878,True,0.0390926,0.008591,kenya pen=0.5 phi=0.5 tou
145,300,300,100,True,1.31354,True,0.0352649,0.00751434,kenya pen=0.5 phi=0.5 tou
145,320,300,100,True,1.3284,True,0.0321439,0.00661004,kenya pen=0.5 phi=0.5 tou
145,340,300,100,True,1.34332,True,0.0294424,0.00582891,kenya pen=0.5 phi=0.5 tou
145,360,300,100,True,1.3583,True,0.0270496,0.00516141,kenya pen=0.5 phi=0.5 tou
145,380,300,100,True,1.37331,True,0.0247897,0.0045518,kenya pen=0.5 phi=0.5 tou
145,400,300,100,True,1.38838,True,0.0228166,0.00403898,kenya pen=0.5 phi=0.5 tou
145,420,300,100,True,1.40348,True,0.0210874,0.00358529,kenya pen=0.5 phi=0.5 tou
145,440,300,100,True,1.41861,True,0.0194851,0.00319142,kenya pen=0.5 phi=0.5 tou
145,460,300,100,True,1.43377,True,0.017998,0.00285277,kenya pen=0.5 phi=0.5 tou
145,480,300,100,True,1.44895,True,0.0166188,0.00255187,kenya pen=0.5 phi=0.5 tou
145,500,300,100,True,1.46414,True,0.0153721,0.00227965,kenya pen=0.5 phi=0.5 tou
145,520,300,100,True,1.47935,True,0.0141629,0.0020328,kenya pen=0.5 phi=0.5 tou
145,540,300,100,True,1.49458,True,0.013033,0.00182059,kenya pen=0.5 phi=0.5 tou
145,560,300,100,True,1.50981,True,0.0120094,0.00163174,kenya pen=0.5 phi=0.5 tou
145,580,300,100,True,1.52506,True,0.0110434,0.00147187,kenya pen=0.5 phi=0.5 tou
145,600,300,100,True,1.54032,True,0.0101628,0.0013199,kenya pen=0.5 phi=0.5 tou
145,620,300,100,True,1.55558,True,0.00932496,0.0011871,kenya pen=0.5 phi=0.5 tou
145,640,300,100,True,1.57086,True,0.00855598,0.00107057,kenya pen=0.5 phi=0.5 tou
145,660,300,100,True,1.58613,True,0.0079335,0.000966052,kenya pen=0.5 phi=0.5 tou
145,680,300,100,True,1.60142,True,0.00743427,0.000877832,kenya pen=0.5 phi=0.5 tou
145,700,300,100,True,1.61671,True,0.00696865,0.00079562,kenya pen=0.5 phi=0.5 tou
145,720,300,100,True,1.632,True,0.00650299,0.000723746,kenya pen=0.5 phi=0.5 tou
145,740,300,100,True,1.6473,True,0.00606486,0.000659166,kenya pen=0.5 phi=0.5 tou
145,760,300,100,True,1.6626,True,0.0056923,0.000602214,kenya pen=0.5 phi=0.5 tou
145,780,300,100,True,1.67791,True,0.00531971,0.000550256,kenya pen=0.5 phi=0.5 tou
145,800,300,100,True,1.69322,True,0.00494712,0.000500421,kenya pen=0.5 phi=0.5 tou
145,820,300,100,True,1.70852,True,0.0045745,0.000456806,kenya pen=0.5 phi=0.5 tou
145,840,300,100,True,1.72383,True,0.00420679,0.000414465,kenya pen=0.5 phi=0.5 tou
145,860,300,100,True,1.73915,True,0.00401261,0.000385385,kenya pen=0.5 phi=0.5 tou
145,880,300,100,True,1.75447,True,0.00391945,0.000364024,kenya pen=0.5 phi=0.5 tou
145,900,300,100,True,1.7698,True,0.00382628,0.000349311,kenya pen=0.5 phi=0.5 tou
145,920,300,100,True,1.78512,True,0.00373311,0.00033507,kenya pen=0.5 phi=0.5 tou
145,940,300,100,True,1.80045,True,0.00363994,0.00032083,kenya pen=0.5 phi=0.5 tou
145,960,300,100,True,1.81577,True,0.00354678,0.000306589,kenya pen=0.5 phi=0.5 tou
145,980,300,100,True,1.8311,True,0.00345361,0.000292348,kenya pen=0.5 phi=0.5 tou
145,1000,300,100,True,1.84643,True,0.00336044,0.000278108,kenya pen=0.5 phi=0.5 tou
145,1020,300,100,True,1.86175,True,0.00326727,0.000263867,kenya pen=0.5 phi=0.5 tou
145,1040,300,100,True,1.87707,True,0.0031741,0.000249626,kenya pen=0.5 phi=0.5 tou
145,1060,300,100,True,1.8924,True,0.00308093,0.000235449,kenya pen=0.5 phi=0.5 tou
145,1080,300,100,True,1.90773,True,0.00298776,0.000228329,kenya pen=0.5 phi=0.5 tou
145,1100,300,100,True,1.92306,True,0.00289458,0.000221208,kenya pen=0.5 phi=0.5 tou
145,1120,300,100,True,1.93839,True,0.00280141,0.000214088,kenya pen=0.5 phi=0.5 tou
145,1140,300,100,True,1.95372,True,0.00270823,0.000206967,kenya pen=0.5 phi=0.5 tou
145,1160,300,100,True,1.96905,True,0.00261506,0.000199847,kenya pen=0.5 phi=0.5 tou
145,1180,300,100,True,1.98437,True,0.00252188,0.000192726,kenya pen=0.5 phi=0.5 tou
145,1200,300,100,True,1.9997,True,0.00242871,0.000185606,kenya pen=0.5 phi=0.5 tou
145,1220,300,100,True,2.01503,True,0.00233553,0.000178485,kenya pen=0.5 phi=0.5 tou
145,1240,300,100,True,2.03036,True,0.00224236,0.000171364,kenya pen=0.5 phi=0.5 tou
145,1260,300,100,True,2.04569,True,0.00214918,0.000164244,kenya pen=0.5 phi=0.5 tou
145,1280,300,100,True,2.06102,True,0.00205601,0.000157123,kenya pen=0.5 phi=0.5 tou
145,1300,300,100,True,2.07635,True,0.00196283,0.000150003,kenya pen=0.5 phi=0.5 tou
145,1320,300,100,True,2.09168,True,0.00186966,0.000142882,kenya pen=0.5 phi=0.5 tou
145,1340,300,100,True,2.107,True,0.00177648,0.000135762,kenya pen=0.5 phi=0.5 tou
145,1360,300,100,True,2.12233,True,0.00168331,0.000128641,kenya pen=0.5 phi=0.5 tou
145,1380,300,100,True,2.13766,True,0.00159013,0.00012152,kenya pen=0.5 phi=0.5 tou
145,1400,300,100,True,2.15299,True,0.00149696,0.0001144,kenya pen=0.5 phi=0.5 tou
150,0,300,100,True,1.61372,False,0.383736,0.338115,kenya pen=0.5 phi=0.5 tou
150,20,300,100,True,1.50691,False,0.34729,0.288551,kenya pen=0.5 phi=0.5 tou
150,40,300,100,True,1.41874,False,0.319822,0.242192,kenya pen=0.5 phi=0.5 tou
150,60,300,100,True,1.34251,False,0.292919,0.196006,kenya pen=0.5 phi=0.5 tou
150,80,300,100,True,1.28354,False,0.266111,0.151777,kenya pen=0.5 phi=0.5 tou
150,100,300,100,True,1.25102,False,0.239438,0.113921,kenya pen=0.5 phi=0.5 tou
150,120,300,100,True,1.23586,False,0.213012,0.0830182,kenya pen=0.5 phi=0.5 tou
150,140,300,100,True,1.23307,False,0.186286,0.0599549,kenya pen=0.5 phi=0.5 tou
150,160,300,100,True,1.23767,False,0.158756,0.0431569,kenya pen=0.5 phi=0.5 tou
150,180,300,100,True,1.24588,False,0.130352,0.0304888,kenya pen=0.5 phi=0.5 tou
150,200,300,100,True,1.25636,False,0.101444,0.0211434,kenya pen=0.5 phi=0.5 tou
150,220,300,100,True,1.26851,False,0.0733239,0.0147516,kenya pen=0.5 phi=0.5 tou
150,240,300,100,True,1.28194,False,0.0517569,0.0109054,kenya pen=0.5 phi=0.5 tou
150,260,300,100,True,1.29618,True,0.0401262,0.00875524,kenya pen=0.5 phi=0.5 tou
150,280,300,100,True,1.3108,True,0.0340449,0.00739526,kenya pen=0.5 phi=0.5 tou
150,300,300,100,True,1.32561,True,0.0304168,0.00640618,kenya pen=0.5 phi=0.5 tou
150,320,300,100,True,1.34051,True,0.0275339,0.00559085,kenya pen=0.5 phi=0.5 tou
150,340,300,100,True,1.35547,True,0.0250938,0.00488983,kenya pen=0.5 phi=0.5 tou
150,360,300,100,True,1.37047,True,0.0228525,0.0042611,kenya pen=0.5 phi=0.5 tou
150,380,300,100,True,1.38553,True,0.0210062,0.00373993,kenya pen=0.5 phi=0.5 tou
150,400,300,100,True,1.40062,True,0.0193225,0.0032812,kenya pen=0.5 phi=0.5 tou
150,420,300,100,True,1.41574,True,0.0177434,0.00287223,kenya pen=0.5 phi=0.5 tou
150,440,300,100,True,1.4309,True,0.0161824,0.00252642,kenya pen=0.5 phi=0.5 tou
150,460,300,100,True,1.44607,True,0.0147386,0.00221289,kenya pen=0.5 phi=0.5 tou
150,480,300,100,True,1.46126,True,0.0135056,0.00194223,kenya pen=0.5 phi=0.5 tou
150,500,300,100,True,1.47648,True,0.0123322,0.00170842,kenya pen=0.5 phi=0.5 tou
150,520,300,100,True,1.49171,True,0.0112263,0.00151218,kenya pen=0.5 phi=0.5 tou
150,540,300,100,True,1.50695,True,0.0102025,0.00133736,kenya pen=0.5 phi=0.5 tou
150,560,300,100,True,1.5222,True,0.00922342,0.00117586,kenya pen=0.5 phi=0.5 tou
150,580,300,100,True,1.53747,True,0.00842121,0.00104079,kenya pen=0.5 phi=0.5 tou
150,600,300,100,True,1.55274,True,0.00770034,0.000921345,kenya pen=0.5 phi=0.5 tou
150,620,300,100,True,1.56801,True,0.00704858,0.000814383,kenya pen=0.5 phi=0.5 tou
150,640,300,100,True,1.5833,True,0.00639672,0.000721762,kenya pen=0.5 phi=0.5 tou
150,660,300,100,True,1.59859,True,0.00576756,0.000638082,kenya pen=0.5 phi=0.5 tou
150,680,300,100,True,1.61388,True,0.0052591,0.000565209,kenya pen=0.5 phi=0.5 tou
150,700,300,100,True,1.62918,True,0.00479338,0.000506475,kenya pen=0.5 phi=0.5 tou
150,720,300,100,True,1.64449,True,0.00432765,0.000449524,kenya pen=0.5 phi=0.5 tou
150,740,300,100,True,1.65979,True,0.0038619,0.000397904,kenya pen=0.5 phi=0.5 tou
150,760,300,100,True,1.6751,True,0.00339615,0.00034807,kenya pen=0.5 phi=0.5 tou
150,780,300,100,True,1.69041,True,0.00301165,0.000304445,kenya pen=0.5 phi=0.5 tou
150,800,300,100,True,1.70572,True,0.00274426,0.00026977,kenya pen=0.5 phi=0.5 tou
150,820,300,100,True,1.72104,True,0.00255794,0.00024129,kenya pen=0.5 phi=0.5 tou
150,840,300,100,True,1.73636,True,0.00237161,0.000214445,kenya pen=0.5 phi=0.5 tou
150,860,300,100,True,1.75168,True,0.00218528,0.000193085,kenya pen=0.5 phi=0.5 tou
150,880,300,100,True,1.767,True,0.00199895,0.000171725,kenya pen=0.5 phi=0.5 tou
150,900,300,100,True,1.78232,True,0.00181262,0.000150364,kenya pen=0.5 phi=0.5 tou
150,920,300,100,True,1.79764,True,0.00162628,0.000129004,kenya pen=0.5 phi=0.5 tou
150,940,300,100,True,1.81296,True,0.00143995,0.000110043,kenya pen=0.5 phi=0.5 tou
150,960,300,100,True,1.82828,True,0.00125361,9.58024e-05,kenya pen=0.5 phi=0.5 tou
150,980,300,100,True,1.84361,True,0.00106726,8.15617e-05,kenya pen=0.5 phi=0.5 tou
150,1000,300,100,True,1.85894,True,0.000946357,7.2322e-05,kenya pen=0.5 phi=0.5 tou
150,1020,300,100,True,1.87426,True,0.000853182,6.52015e-05,kenya pen=0.5 phi=0.5 tou
150,1040,300,100,True,1.88959,True,0.000760008,5.80809e-05,kenya pen=0.5 phi=0.5 tou
150,1060,300,100,True,1.90492,True,0.000666833,5.09604e-05,kenya pen=0.5 phi=0.5 tou
150,1080,300,100,True,1.92025,True,0.000573658,4.38398e-05,kenya pen=0.5 phi=0.5 tou
150,1100,300,100,True,1.93558,True,0.000480483,3.67193e-05,kenya pen=0.5 phi=0.5 tou
150,1120,300,100,True,1.95091,True,0.000387308,2.95987e-05,kenya pen=0.5 phi=0.5 tou
150,1140,300,100,True,1.96624,True,0.000294134,2.24781e-05,kenya pen=0.5 phi=0.5 tou
150,1160,300,100,True,1.98156,True,0.000200959,1.53576e-05,kenya pen=0.5 phi=0.5 tou
150,1180,300,100,True,1.99689,True,0.000107784,8.23702e-06,kenya pen=0.5 phi=0.5 tou
150,1200,300,100,True,2.01222,True,1.46092e-05,1.11646e-06,kenya pen=0.5 phi=0.5 tou
150,1220,300,100,True,2.02755,True,5.76911e-19,4.00388e-19,kenya pen=0.5 phi=0.5 tou
150,1240,300,100,True,2.04288,True,5.76911e-19,4.00388e-19,kenya pen=0.5 phi=0.5 tou
150,1260,300,100,True,2.05822,True,5.76911e-19,4.00388e-19,kenya pen=0.5 phi=0.5 tou
150,1280,300,100,True,2.07355,True,5.76911e-19,4.00388e-19,kenya pen=0.5 phi=0.5 tou
150,1300,300,100,True,2.08888,True,5.76911e-19,4.00388e-19,kenya pen=0.5 phi=0.5 tou
150,1320,300,100,True,2.10422,True,5.76911e-19,4.00388e-19,kenya pen=0.5 phi=0.5 tou
150,1340,300,100,True,2.11955,True,5.76911e-19,4.00388e-19,kenya pen=0.5 phi=0.5 tou
150,1360,300,100,True,2.13488,True,5.76911e-19,4.00388e-19,kenya pen=0.5 phi=0.5 tou
150,1380,300,100,True,2.15021,True,5.76911e-19,4.00388e-19,kenya pen=0.5 phi=0.5 tou
150,1400,300,100,True,2.16555,True,5.76911e-19,4.00388e-19,kenya pen=0.5 phi=0.5 tou
155,0,300,100,True,1.62736,False,0.378243,0.335253,kenya pen=0.5 phi=0.5 tou
155,20,300,100,True,1.52014,False,0.342208,0.28601,kenya pen=0.5 phi=0.5 tou
155,40,300,100,True,1.43122,False,0.314744,0.239645,kenya pen=0.5 phi=0.5 tou
155,60,300,100,True,1.35431,False,0.287772,0.193432,kenya pen=0.5 phi=0.5 tou
155,80,300,100,True,1.29502,False,0.260876,0.149232,kenya pen=0.5 phi=0.5 tou
155,100,300,100,True,1.26242,False,0.234144,0.111453,kenya pen=0.5 phi=0.5 tou
155,120,300,100,True,1.2473,False,0.207557,0.0806698,kenya pen=0.5 phi=0.5 tou
155,140,300,100,True,1.24464,False,0.180666,0.0577773,kenya pen=0.5 phi=0.5 tou
155,160,300,100,True,1.24928,False,0.1529,0.0410754,kenya pen=0.5 phi=0.5 tou
155,180,300,100,True,1.25754,False,0.124368,0.0285422,kenya pen=0.5 phi=0.5 tou
155,200,300,100,True,1.26811,False,0.0951941,0.0193836,kenya pen=0.5 phi=0.5 tou
155,220,300,100,True,1.28037,False,0.0671422,0.0132256,kenya pen=0.5 phi=0.5 tou
155,240,300,100,True,1.29391,True,0.0461247,0.00959221,kenya pen=0.5 phi=0.5 tou
155,260,300,100,True,1.30824,True,0.0355191,0.00762721,kenya pen=0.5 phi=0.5 tou
155,280,300,100,True,1.32293,True,0.0299627,0.00640641,kenya pen=0.5 phi=0.5 tou
155,300,300,100,True,1.33778,True,0.0263474,0.00548905,kenya pen=0.5 phi=0.5 tou
155,320,300,100,True,1.35271,True,0.0236389,0.00474424,kenya pen=0.5 phi=0.5 tou
155,340,300,100,True,1.3677,True,0.021418,0.00410529,kenya pen=0.5 phi=0.5 tou
155,360,300,100,True,1.38274,True,0.0195543,0.00355466,kenya pen=0.5 phi=0.5 tou
155,380,300,100,True,1.39782,True,0.0178832,0.00307965,kenya pen=0.5 phi=0.5 tou
155,400,300,100,True,1.41293,True,0.0162761,0.00264723,kenya pen=0.5 phi=0.5 tou
155,420,300,100,True,1.42808,True,0.0147866,0.00229366,kenya pen=0.5 phi=0.5 tou
155,440,300,100,True,1.44325,True,0.0133131,0.00197566,kenya pen=0.5 phi=0.5 tou
155,460,300,100,True,1.45844,True,0.0120465,0.00170751,kenya pen=0.5 phi=0.5 tou
155,480,300,100,True,1.47366,True,0.0109301,0.00148401,kenya pen=0.5 phi=0.5 tou
155,500,300,100,True,1.48889,True,0.00981351,0.00128738,kenya pen=0.5 phi=0.5 tou
155,520,300,100,True,1.50413,True,0.00879822,0.00111014,kenya pen=0.5 phi=0.5 tou
155,540,300,100,True,1.51938,True,0.00788793,0.000952475,kenya pen=0.5 phi=0.5 tou
155,560,300,100,True,1.53465,True,0.00707293,0.000825673,kenya pen=0.5 phi=0.5 tou
155,580,300,100,True,1.54993,True,0.00638505,0.000720935,kenya pen=0.5 phi=0.5 tou
155,600,300,100,True,1.56522,True,0.00573317,0.000632288,kenya pen=0.5 phi=0.5 tou
155,620,300,100,True,1.58051,True,0.00508906,0.000549006,kenya pen=0.5 phi=0.5 tou
155,640,300,100,True,1.5958,True,0.00453024,0.00047782,kenya pen=0.5 phi=0.5 tou
155,660,300,100,True,1.6111,True,0.00405017,0.000418452,kenya pen=0.5 phi=0.5 tou
155,680,300,100,True,1.62641,True,0.00358445,0.000361501,kenya pen=0.5 phi=0.5 tou
155,700,300,100,True,1.64171,True,0.0031187,0.000310213,kenya pen=0.5 phi=0.5 tou
155,720,300,100,True,1.65702,True,0.00270791,0.000264579,kenya pen=0.5 phi=0.5 tou
155,740,300,100,True,1.67233,True,0.00242844,0.000228981,kenya pen=0.5 phi=0.5 tou
155,760,300,100,True,1.68765,True,0.00218015,0.000195766,kenya pen=0.5 phi=0.5 tou
155,780,300,100,True,1.70296,True,0.00199383,0.000167286,kenya pen=0.5 phi=0.5 tou
155,800,300,100,True,1.71828,True,0.00180751,0.000140676,kenya pen=0.5 phi=0.5 tou
155,820,300,100,True,1.73361,True,0.00162117,0.000123892,kenya pen=0.5 phi=0.5 tou
155,840,300,100,True,1.74893,True,0.00143482,0.000109651,kenya pen=0.5 phi=0.5 tou
155,860,300,100,True,1.76426,True,0.00124848,9.54108e-05,kenya pen=0.5 phi=0.5 tou
155,880,300,100,True,1.77958,True,0.00106214,8.11701e-05,kenya pen=0.5 phi=0.5 tou
155,900,300,100,True,1.79491,True,0.000875793,6.69295e-05,kenya pen=0.5 phi=0.5 tou
155,920,300,100,True,1.81023,True,0.000733251,5.60362e-05,kenya pen=0.5 phi=0.5 tou
155,940,300,100,True,1.82556,True,0.000640076,4.89156e-05,kenya pen=0.5 phi=0.5 tou
155,960,300,100,True,1.84089,True,0.000546902,4.1795e-05,kenya pen=0.5 phi=0.5 tou
155,980,300,100,True,1.85622,True,0.000453727,3.46745e-05,kenya pen=0.5 phi=0.5 tou
155,1000,300,100,True,1.87155,True,0.000360552,2.75539e-05,kenya pen=0.5 phi=0.5 tou
155,1020,300,100,True,1.88687,True,0.000267377,2.04334e-05,kenya pen=0.5 phi=0.5 tou
155,1040,300,100,True,1.9022,True,0.000174202,1.33128e-05,kenya pen=0.5 phi=0.5 tou
155,1060,300,100,True,1.91753,True,8.10277e-05,6.19226e-06,kenya pen=0.5 phi=0.5 tou
155,1080,300,100,True,1.93286,True,5.56092e-19,3.95677e-19,kenya pen=0.5 phi=0.5 tou
155,1100,300,100,True,1.94819,True,5.56092e-19,3.95677e-19,kenya pen=0.5 phi=0.5 tou
155,1120,300,100,True,1.96353,True,5.56092e-19,3.95677e-19,kenya pen=0.5 phi=0.5 tou
155,1140,300,100,True,1.97886,True,5.56092e-19,3.95677e-19,kenya pen=0.5 phi=0.5 tou
155,1160,300,100,True,1.99419,True,5.56092e-19,3.95677e-19,kenya pen=0.5 phi=0.5 tou
155,1180,300,100,True,2.00952,True,5.56092e-19,3.95677e-19,kenya pen=0.5 phi=0.5 tou
155,1200,300,100,True,2.02486,True,5.56092e-19,3.95677e-19,kenya pen=0.5 phi=0.5 tou
155,1220,300,100,True,2.04019,True,5.56092e-19,3.95677e-19,kenya pen=0.5 phi=0.5 tou
155,1240,300,100,True,2.05552,True,5.56092e-19,3.95677e-19,kenya pen=0.5 phi=0.5 tou
155,1260,300,100,True,2.07086,True,5.56092e-19,3.95677e-19,kenya pen=0.5 phi=0.5 tou
155,1280,300,100,True,2.08619,True,5.56092e-19,3.95677e-19,kenya pen=0.5 phi=0.5 tou
155,1300,300,100,True,2.10152,True,5.56092e-19,3.95677e-19,kenya pen=0.5 phi=0.5 tou
155,1320,300,100,True,2.11685,True,5.56092e-19,3.95677e-19,kenya pen=0.5 phi=0.5 tou
155,1340,300,100,True,2.13219,True,5.56092e-19,3.95677e-19,kenya pen=0.5 phi=0.5 tou
155,1360,300,100,True,2.14752,True,5.56092e-19,3.95677e-19,kenya pen=0.5 phi=0.5 tou
155,1380,300,100,True,2.16285,True,5.56092e-19,3.95677e-19,kenya pen=0.5 phi=0.5 tou
155,1400,300,100,True,2.17818,True,5.56092e-19,3.95677e-19,kenya pen=0.5 phi=0.5 tou
160,0,300,100,True,1.64129,False,0.373239,0.33263,kenya pen=0.5 phi=0.5 tou
160,20,300,100,True,1.53359,False,0.337736,0.28369,kenya pen=0.5 phi=0.5 tou
160,40,300,100,True,1.44391,False,0.310282,0.237321,kenya pen=0.5 phi=0.5 tou
160,60,300,100,True,1.3663,False,0.283257,0.191087,kenya pen=0.5 phi=0.5 tou
160,80,300,100,True,1.30667,False,0.256333,0.146924,kenya pen=0.5 phi=0.5 tou
160,100,300,100,True,1.27398,False,0.229495,0.10922,kenya pen=0.5 phi=0.5 tou
160,120,300,100,True,1.25889,False,0.202752,0.078564,kenya pen=0.5 phi=0.5 tou
160,140,300,100,True,1.25634,False,0.175765,0.0558387,kenya pen=0.5 phi=0.5 tou
160,160,300,100,True,1.26103,False,0.147774,0.0392417,kenya pen=0.5 phi=0.5 tou
160,180,300,100,True,1.26932,False,0.119059,0.02682,kenya pen=0.5 phi=0.5 tou
160,200,300,100,True,1.27997,False,0.0896326,0.0178392,kenya pen=0.5 phi=0.5 tou
160,220,300,100,True,1.29234,False,0.0617582,0.0119102,kenya pen=0.5 phi=0.5 tou
160,240,300,100,True,1.30597,True,0.0414719,0.00847135,kenya pen=0.5 phi=0.5 tou
160,260,300,100,True,1.32039,True,0.0316535,0.00668842,kenya pen=0.5 phi=0.5 tou
160,280,300,100,True,1.33513,True,0.0265315,0.00556681,kenya pen=0.5 phi=0.5 tou
160,300,300,100,True,1.35002,True,0.023259,0.00474011,kenya pen=0.5 phi=0.5 tou
160,320,300,100,True,1.36499,True,0.0207361,0.0040598,kenya pen=0.5 phi=0.5 tou
160,340,300,100,True,1.38002,True,0.018818,0.0034884,kenya pen=0.5 phi=0.5 tou
160,360,300,100,True,1.39508,True,0.0171262,0.00298345,kenya pen=0.5 phi=0.5 tou
160,380,300,100,True,1.41018,True,0.015467,0.0025371,kenya pen=0.5 phi=0.5 tou
160,400,300,100,True,1.42532,True,0.0138873,0.00216494,kenya pen=0.5 phi=0.5 tou
160,420,300,100,True,1.44048,True,0.0123192,0.00183268,kenya pen=0.5 phi=0.5 tou
160,440,300,100,True,1.45566,True,0.0110391,0.00154592,kenya pen=0.5 phi=0.5 tou
160,460,300,100,True,1.47088,True,0.00992187,0.00131941,kenya pen=0.5 phi=0.5 tou
160,480,300,100,True,1.4861,True,0.00880536,0.00111417,kenya pen=0.5 phi=0.5 tou
160,500,300,100,True,1.50134,True,0.00779014,0.000935295,kenya pen=0.5 phi=0.5 tou
160,520,300,100,True,1.5166,True,0.00685925,0.000791821,kenya pen=0.5 phi=0.5 tou
160,540,300,100,True,1.53187,True,0.00601855,0.000676603,kenya pen=0.5 phi=0.5 tou
160,560,300,100,True,1.54716,True,0.00528042,0.000577477,kenya pen=0.5 phi=0.5 tou
160,580,300,100,True,1.56244,True,0.00462856,0.000486648,kenya pen=0.5 phi=0.5 tou
160,600,300,100,True,1.57774,True,0.00401343,0.00041116,kenya pen=0.5 phi=0.5 tou
160,620,300,100,True,1.59303,True,0.00345458,0.000346178,kenya pen=0.5 phi=0.5 tou
160,640,300,100,True,1.60833,True,0.00293724,0.000285282,kenya pen=0.5 phi=0.5 tou
160,660,300,100,True,1.62364,True,0.00258056,0.000242653,kenya pen=0.5 phi=0.5 tou
160,680,300,100,True,1.63896,True,0.00230109,0.000207055,kenya pen=0.5 phi=0.5 tou
160,700,300,100,True,1.65427,True,0.00202161,0.000173759,kenya pen=0.5 phi=0.5 tou
160,720,300,100,True,1.66959,True,0.00177971,0.000148152,kenya pen=0.5 phi=0.5 tou
160,740,300,100,True,1.68491,True,0.00159338,0.000126792,kenya pen=0.5 phi=0.5 tou
160,760,300,100,True,1.70024,True,0.00140704,0.000107528,kenya pen=0.5 phi=0.5 tou
160,780,300,100,True,1.71556,True,0.0012207,9.32878e-05,kenya pen=0.5 phi=0.5 tou
160,800,300,100,True,1.73089,True,0.00103436,7.90471e-05,kenya pen=0.5 phi=0.5 tou
160,820,300,100,True,1.74621,True,0.000848013,6.48065e-05,kenya pen=0.5 phi=0.5 tou
160,840,300,100,True,1.76154,True,0.00066167,5.05658e-05,kenya pen=0.5 phi=0.5 tou
160,860,300,100,True,1.77686,True,0.000475326,3.63251e-05,kenya pen=0.5 phi=0.5 tou
160,880,300,100,True,1.79219,True,0.000335161,2.56135e-05,kenya pen=0.5 phi=0.5 tou
160,900,300,100,True,1.80751,True,0.000241986,1.8493e-05,kenya pen=0.5 phi=0.5 tou
160,920,300,100,True,1.82284,True,0.000148811,1.13724e-05,kenya pen=0.5 phi=0.5 tou
160,940,300,100,True,1.83817,True,5.56367e-05,4.25184e-06,kenya pen=0.5 phi=0.5 tou
160,960,300,100,True,1.8535,True,5.75589e-19,3.86287e-19,kenya pen=0.5 phi=0.5 tou
160,980,300,100,True,1.86883,True,5.75589e-19,3.86287e-19,kenya pen=0.5 phi=0.5 tou
160,1000,300,100,True,1.88417,True,5.75589e-19,3.86287e-19,kenya pen=0.5 phi=0.5 tou
160,1020,300,100,True,1.8995,True,5.75589e-19,3.86287e-19,kenya pen=0.5 phi=0.5 tou
160,1040,300,100,True,1.91483,True,5.75589e-19,3.86287e-19,kenya pen=0.5 phi=0.5 tou
160,1060,300,100,True,1.93017,True,5.75589e-19,3.86287e-19,kenya pen=0.5 phi=0.5 tou
160,1080,300,100,True,1.9455,True,5.75589e-19,3.86287e-19,kenya pen=0.5 phi=0.5 tou
160,1100,300,100,True,1.96083,True,5.75589e-19,3.86287e-19,kenya pen=0.5 phi=0.5 tou
160,1120,300,100,True,1.97616,True,5.75589e-19,3.86287e-19,kenya pen=0.5 phi=0.5 tou
160,1140,300,100,True,1.9915,True,5.75589e-19,3.86287e-19,kenya pen=0.5 phi=0.5 tou
160,1160,300,100,True,2.00683,True,5.75589e-19,3.86287e-19,kenya pen=0.5 phi=0.5 tou
160,1180,300,100,True,2.02216,True,5.75589e-19,3.86287e-19,kenya pen=0.5 phi=0.5 tou
160,1200,300,100,True,2.03749,True,5.75589e-19,3.86287e-19,kenya pen=0.5 phi=0.5 tou
160,1220,300,100,True,2.05283,True,5.75589e-19,3.86287e-19,kenya pen=0.5 phi=0.5 tou
160,1240,300,100,True,2.06816,True,5.75589e-19,3.86287e-19,kenya pen=0.5 phi=0.5 tou
160,1260,300,100,True,2.08349,True,5.75589e-19,3.86287e-19,kenya pen=0.5 phi=0.5 tou
160,1280,300,100,True,2.09883,True,5.75589e-19,3.86287e-19,kenya pen=0.5 phi=0.5 tou
160,1300,300,100,True,2.11416,True,5.75589e-19,3.86287e-19,kenya pen=0.5 phi=0.5 tou
160,1320,300,100,True,2.12949,True,5.75589e-19,3.86287e-19,kenya pen=0.5 phi=0.5 tou
160,1340,300,100,True,2.14482,True,5.75589e-19,3.86287e-19,kenya pen=0.5 phi=0.5 tou
160,1360,300,100,True,2.16016,True,5.75589e-19,3.86287e-19,kenya pen=0.5 phi=0.5 tou
160,1380,300,100,True,2.17549,True,5.75589e-19,3.86287e-19,kenya pen=0.5 phi=0.5 tou
160,1400,300,100,True,2.19082,True,5.75589e-19,3.86287e-19,kenya pen=0.5 phi=0.5 tou
165,0,300,100,True,1.65548,False,0.36866,0.330217,kenya pen=0.5 phi=0.5 tou
165,20,300,100,True,1.54724,False,0.333748,0.281564,kenya pen=0.5 phi=0.5 tou
165,40,300,100,True,1.45677,False,0.30633,0.23519,kenya pen=0.5 phi=0.5 tou
165,60,300,100,True,1.37845,False,0.279296,0.188943,kenya pen=0.5 phi=0.5 tou
165,80,300,100,True,1.31846,False,0.252309,0.144815,kenya pen=0.5 phi=0.5 tou
165,100,300,100,True,1.28566,False,0.225406,0.107189,kenya pen=0.5 phi=0.5 tou
165,120,300,100,True,1.27061,False,0.198554,0.0766709,kenya pen=0.5 phi=0.5 tou
165,140,300,100,True,1.26814,False,0.1714,0.0541016,kenya pen=0.5 phi=0.5 tou
165,160,300,100,True,1.27288,False,0.14322,0.0376173,kenya pen=0.5 phi=0.5 tou
165,180,300,100,True,1.2812,False,0.114297,0.025287,kenya pen=0.5 phi=0.5 tou
165,200,300,100,True,1.29192,False,0.0847212,0.0164758,kenya pen=0.5 phi=0.5 tou
165,220,300,100,True,1.30439,False,0.0569846,0.0107447,kenya pen=0.5 phi=0.5 tou
165,240,300,100,True,1.31812,True,0.0374771,0.00752453,kenya pen=0.5 phi=0.5 tou
165,260,300,100,True,1.3326,True,0.0282828,0.00585886,kenya pen=0.5 phi=0.5 tou
165,280,300,100,True,1.3474,True,0.0235576,0.00484966,kenya pen=0.5 phi=0.5 tou
165,300,300,100,True,1.36233,True,0.0205963,0.00409738,kenya pen=0.5 phi=0.5 tou
165,320,300,100,True,1.37733,True,0.0184728,0.00349029,kenya pen=0.5 phi=0.5 tou
165,340,300,100,True,1.39238,True,0.0167097,0.00296336,kenya pen=0.5 phi=0.5 tou
165,360,300,100,True,1.40747,True,0.0149454,0.00250627,kenya pen=0.5 phi=0.5 tou
165,380,300,100,True,1.42259,True,0.0132841,0.00210183,kenya pen=0.5 phi=0.5 tou
165,400,300,100,True,1.43774,True,0.0117431,0.00175721,kenya pen=0.5 phi=0.5 tou
165,420,300,100,True,1.45291,True,0.0103177,0.00144858,kenya pen=0.5 phi=0.5 tou
165,440,300,100,True,1.46812,True,0.00907236,0.00120816,kenya pen=0.5 phi=0.5 tou
165,460,300,100,True,1.48335,True,0.00786341,0.000998846,kenya pen=0.5 phi=0.5 tou
165,480,300,100,True,1.49859,True,0.00679432,0.000822612,kenya pen=0.5 phi=0.5 tou
165,500,300,100,True,1.51385,True,0.0058634,0.000682831,kenya pen=0.5 phi=0.5 tou
165,520,300,100,True,1.52912,True,0.00499634,0.000565796,kenya pen=0.5 phi=0.5 tou
165,540,300,100,True,1.5444,True,0.00423147,0.000464627,kenya pen=0.5 phi=0.5 tou
165,560,300,100,True,1.55968,True,0.00353586,0.000371267,kenya pen=0.5 phi=0.5 tou
165,580,300,100,True,1.57498,True,0.00295001,0.000302819,kenya pen=0.5 phi=0.5 tou
165,600,300,100,True,1.59029,True,0.00254712,0.000250669,kenya pen=0.5 phi=0.5 tou
165,620,300,100,True,1.6056,True,0.00217866,0.000207451,kenya pen=0.5 phi=0.5 tou
165,640,300,100,True,1.62091,True,0.00189918,0.000171853,kenya pen=0.5 phi=0.5 tou
165,660,300,100,True,1.63623,True,0.0016197,0.000142825,kenya pen=0.5 phi=0.5 tou
165,680,300,100,True,1.65155,True,0.00138186,0.000117529,kenya pen=0.5 phi=0.5 tou
165,700,300,100,True,1.66687,True,0.00119553,9.61686e-05,kenya pen=0.5 phi=0.5 tou
165,720,300,100,True,1.68219,True,0.0010092,7.71244e-05,kenya pen=0.5 phi=0.5 tou
165,740,300,100,True,1.69752,True,0.000822853,6.28837e-05,kenya pen=0.5 phi=0.5 tou
165,760,300,100,True,1.71284,True,0.000636509,4.8643e-05,kenya pen=0.5 phi=0.5 tou
165,780,300,100,True,1.72816,True,0.000450166,3.44024e-05,kenya pen=0.5 phi=0.5 tou
165,800,300,100,True,1.74349,True,0.000263822,2.01617e-05,kenya pen=0.5 phi=0.5 tou
165,820,300,100,True,1.75881,True,7.74784e-05,5.92102e-06,kenya pen=0.5 phi=0.5 tou
165,840,300,100,True,1.77414,True,5.62942e-19,3.94794e-19,kenya pen=0.5 phi=0.5 tou
165,860,300,100,True,1.78948,True,5.62942e-19,3.94794e-19,kenya pen=0.5 phi=0.5 tou
165,880,300,100,True,1.80481,True,5.62942e-19,3.94794e-19,kenya pen=0.5 phi=0.5 tou
165,900,300,100,True,1.82014,True,5.62942e-19,3.94794e-19,kenya pen=0.5 phi=0.5 tou
165,920,300,100,True,1.83547,True,5.62942e-19,3.94794e-19,kenya pen=0.5 phi=0.5 tou
165,940,300,100,True,1.85081,True,5.62942e-19,3.94794e-19,kenya pen=0.5 phi=0.5 tou
165,960,300,100,True,1.86614,True,5.62942e-19,3.94794e-19,kenya pen=0.5 phi=0.5 tou
165,980,300,100,True,1.88147,True,5.62942e-19,3.94794e-19,kenya pen=0.5 phi=0.5 tou
165,1000,300,100,True,1.89681,True,5.62942e-19,3.94794e-19,kenya pen=0.5 phi=0.5 tou
165,1020,300,100,True,1.91214,True,5.62942e-19,3.94794e-19,kenya pen=0.5 phi=0.5 tou
165,1040,300,100,True,1.92747,True,5.62942e-19,3.94794e-19,kenya pen=0.5 phi=0.5 tou
165,1060,300,100,True,1.9428,True,5.62942e-19,3.94794e-19,kenya pen=0.5 phi=0.5 tou
165,1080,300,100,True,1.95814,True,5.62942e-19,3.94794e-19,kenya pen=0.5 phi=0.5 tou
165,1100,300,100,True,1.97347,True,5.62942e-19,3.94794e-19,kenya pen=0.5 phi=0.5 tou
165,1120,300,100,True,1.9888,True,5.62942e-19,3.94794e-19,kenya pen=0.5 phi=0.5 tou
165,1140,300,100,True,2.00413,True,5.62942e-19,3.94794e-19,kenya pen=0.5 phi=0.5 tou
165,1160,300,100,True,2.01947,True,5.62942e-19,3.94794e-19,kenya pen=0.5 phi=0.5 tou
165,1180,300,100,True,2.0348,True,5.62942e-19,3.94794e-19,kenya pen=0.5 phi=0.5 tou
165,1200,300,100,True,2.05013,True,5.62942e-19,3.94794e-19,kenya pen=0.5 phi=0.5 tou
165,1220,300,100,True,2.06547,True,5.62942e-19,3.94794e-19,kenya pen=0.5 phi=0.5 tou
165,1240,300,100,True,2.0808,True,5.62942e-19,3.94794e-19,kenya pen=0.5 phi=0.5 tou
165,1260,300,100,True,2.09613,True,5.62942e-19,3.94794e-19,kenya pen=0.5 phi=0.5 tou
165,1280,300,100,True,2.11146,True,5.62942e-19,3.94794e-19,kenya pen=0.5 phi=0.5 tou
165,1300,300,100,True,2.1268,True,5.62942e-19,3.94794e-19,kenya pen=0.5 phi=0.5 tou
165,1320,300,100,True,2.14213,True,5.62942e-19,3.94794e-19,kenya pen=0.5 phi=0.5 tou
165,1340,300,100,True,2.15746,True,5.62942e-19,3.94794e-19,kenya pen=0.5 phi=0.5 tou
165,1360,300,100,True,2.17279,True,5.62942e-19,3.94794e-19,kenya pen=0.5 phi=0.5 tou
165,1380,300,100,True,2.18813,True,5.62942e-19,3.94794e-19,kenya pen=0.5 phi=0.5 tou
165,1400,300,100,True,2.20346,True,5.62942e-19,3.94794e-19,kenya pen=0.5 phi=0.5 tou
170,0,300,100,True,1.6699,False,0.364375,0.327991,kenya pen=0.5 phi=0.5 tou
170,20,300,100,True,1.56105,False,0.33013,0.279598,kenya pen=0.5 phi=0.5 tou
170,40,300,100,True,1.46977,False,0.302755,0.233218,kenya pen=0.5 phi=0.5 tou
170,60,300,100,True,1.39072,False,0.275715,0.186959,kenya pen=0.5 phi=0.5 tou
170,80,300,100,True,1.33037,False,0.248672,0.142867,kenya pen=0.5 phi=0.5 tou
170,100,300,100,True,1.29745,False,0.22174,0.105324,kenya pen=0.5 phi=0.5 tou
170,120,300,100,True,1.28242,False,0.194799,0.07494,kenya pen=0.5 phi=0.5 tou
170,140,300,100,True,1.28005,False,0.167427,0.0525311,kenya pen=0.5 phi=0.5 tou
170,160,300,100,True,1.28483,False,0.139113,0.0361629,kenya pen=0.5 phi=0.5 tou
170,180,300,100,True,1.29318,False,0.109992,0.023925,kenya pen=0.5 phi=0.5 tou
170,200,300,100,True,1.30395,False,0.0802554,0.015263,kenya pen=0.5 phi=0.5 tou
170,220,300,100,True,1.31651,False,0.0526663,0.0097285,kenya pen=0.5 phi=0.5 tou
170,240,300,100,True,1.33033,True,0.0340732,0.00669388,kenya pen=0.5 phi=0.5 tou
170,260,300,100,True,1.34487,True,0.0253201,0.00515086,kenya pen=0.5 phi=0.5 tou
170,280,300,100,True,1.35972,True,0.0209821,0.0042359,kenya pen=0.5 phi=0.5 tou
170,300,300,100,True,1.37468,True,0.0183145,0.00354998,kenya pen=0.5 phi=0.5 tou
170,320,300,100,True,1.38971,True,0.0164345,0.00299212,kenya pen=0.5 phi=0.5 tou
170,340,300,100,True,1.40479,True,0.0146705,0.00251706,kenya pen=0.5 phi=0.5 tou
170,360,300,100,True,1.4199,True,0.0129727,0.00209806,kenya pen=0.5 phi=0.5 tou
170,380,300,100,True,1.43503,True,0.0113378,0.00172591,kenya pen=0.5 phi=0.5 tou
170,400,300,100,True,1.4502,True,0.00978242,0.00141127,kenya pen=0.5 phi=0.5 tou
170,420,300,100,True,1.4654,True,0.00844442,0.00115593,kenya pen=0.5 phi=0.5 tou
170,440,300,100,True,1.48062,True,0.00723491,0.000942241,kenya pen=0.5 phi=0.5 tou
170,460,300,100,True,1.49585,True,0.00604196,0.000748698,kenya pen=0.5 phi=0.5 tou
170,480,300,100,True,1.51111,True,0.00500262,0.000602541,kenya pen=0.5 phi=0.5 tou
170,500,300,100,True,1.52638,True,0.00411067,0.000479283,kenya pen=0.5 phi=0.5 tou
170,520,300,100,True,1.54166,True,0.00333148,0.000374199,kenya pen=0.5 phi=0.5 tou
170,540,300,100,True,1.55695,True,0.0027554,0.000294265,kenya pen=0.5 phi=0.5 tou
170,560,300,100,True,1.57225,True,0.00237822,0.000239091,kenya pen=0.5 phi=0.5 tou
170,580,300,100,True,1.58756,True,0.0020056,0.000195834,kenya pen=0.5 phi=0.5 tou
170,600,300,100,True,1.60287,True,0.00163299,0.000153118,kenya pen=0.5 phi=0.5 tou
170,620,300,100,True,1.61819,True,0.00132018,0.000119724,kenya pen=0.5 phi=0.5 tou
170,640,300,100,True,1.63351,True,0.00108619,9.4722e-05,kenya pen=0.5 phi=0.5 tou
170,660,300,100,True,1.64883,True,0.000899862,7.33617e-05,kenya pen=0.5 phi=0.5 tou
170,680,300,100,True,1.66415,True,0.000713526,5.45287e-05,kenya pen=0.5 phi=0.5 tou
170,700,300,100,True,1.67947,True,0.000527182,4.02881e-05,kenya pen=0.5 phi=0.5 tou
170,720,300,100,True,1.6948,True,0.000340838,2.60474e-05,kenya pen=0.5 phi=0.5 tou
170,740,300,100,True,1.71013,True,0.000230218,1.75936e-05,kenya pen=0.5 phi=0.5 tou
170,760,300,100,True,1.72546,True,0.000137044,1.04731e-05,kenya pen=0.5 phi=0.5 tou
170,780,300,100,True,1.74079,True,4.38688e-05,3.35252e-06,kenya pen=0.5 phi=0.5 tou
170,800,300,100,True,1.75612,True,5.19347e-19,3.77455e-19,kenya pen=0.5 phi=0.5 tou
170,820,300,100,True,1.77145,True,5.19347e-19,3.77455e-19,kenya pen=0.5 phi=0.5 tou
170,840,300,100,True,1.78678,True,5.19347e-19,3.77455e-19,kenya pen=0.5 phi=0.5 tou
170,860,300,100,True,1.80211,True,5.19347e-19,3.77455e-19,kenya pen=0.5 phi=0.5 tou
170,880,300,100,True,1.81745,True,5.19347e-19,3.77455e-19,kenya pen=0.5 phi=0.5 tou
170,900,300,100,True,1.83278,True,5.19347e-19,3.77455e-19,kenya pen=0.5 phi=0.5 tou
170,920,300,100,True,1.84811,True,5.19347e-19,3.77455e-19,kenya pen=0.5 phi=0.5 tou
170,940,300,100,True,1.86345,True,5.19347e-19,3.77455e-19,kenya pen=0.5 phi=0.5 tou
170,960,300,100,True,1.87878,True,5.19347e-19,3.77455e-19,kenya pen=0.5 phi=0.5 tou
170,980,300,100,True,1.89411,True,5.19347e-19,3.77455e-19,kenya pen=0.5 phi=0.5 tou
170,1000,300,100,True,1.90944,True,5.19347e-19,3.77455e-19,kenya pen=0.5 phi=0.5 tou
170,1020,300,100,True,1.92478,True,5.19347e-19,3.77455e-19,kenya pen=0.5 phi=0.5 tou
170,1040,300,100,True,1.94011,True,5.19347e-19,3.77455e-19,kenya pen=0.5 phi=0.5 tou
170,1060,300,100,True,1.95544,True,5.19347e-19,3.77455e-19,kenya pen=0.5 phi=0.5 tou
170,1080,300,100,True,1.97077,True,5.19347e-19,3.77455e-19,kenya pen=0.5 phi=0.5 tou
170,1100,300,100,True,1.98611,True,5.19347e-19,3.77455e-19,kenya pen=0.5 phi=0.5 tou
170,1120,300,100,True,2.00144,True,5.19347e-19,3.77455e-19,kenya pen=0.5 phi=0.5 tou
170,1140,300,100,True,2.01677,True,5.19347e-19,3.77455e-19,kenya pen=0.5 phi=0.5 tou
170,1160,300,100,True,2.03211,True,5.19347e-19,3.77455e-19,kenya pen=0.5 phi=0.5 tou
170,1180,300,100,True,2.04744,True,5.19347e-19,3.77455e-19,kenya pen=0.5 phi=0.5 tou
170,1200,300,100,True,2.06277,True,5.19347e-19,3.77455e-19,kenya pen=0.5 phi=0.5 tou
170,1220,300,100,True,2.0781,True,5.19347e-19,3.77455e-19,kenya pen=0.5 phi=0.5 tou
170,1240,300,100,True,2.09344,True,5.19347e-19,3.77455e-19,kenya pen=0.5 phi=0.5 tou
170,1260,300,100,True,2.10877,True,5.19347e-19,3.77455e-19,kenya pen=0.5 phi=0.5 tou
170,1280,300,100,True,2.1241,True,5.19347e-19,3.77455e-19,kenya pen=0.5 phi=0.5 tou
170,1300,300,100,True,2.13943,True,5.19347e-19,3.77455e-19,kenya pen=0.5 phi=0.5 tou
170,1320,300,100,True,2.15477,True,5.19347e-19,3.77455e-19,kenya pen=0.5 phi=0.5 tou
170,1340,300,100,True,2.1701,True,5.19347e-19,3.77455e-19,kenya pen=0.5 phi=0.5 tou
170,1360,300,100,True,2.18543,True,5.19347e-19,3.77455e-19,kenya pen=0.5 phi=0.5 tou
170,1380,300,100,True,2.20077,True,5.19347e-19,3.77455e-19,kenya pen=0.5 phi=0.5 tou
170,1400,300,100,True,2.2161,True,5.19347e-19,3.77455e-19,kenya pen=0.5 phi=0.5 tou
175,0,300,100,True,1.68452,False,0.360369,0.325931,kenya pen=0.5 phi=0.5 tou
175,20,300,100,True,1.57501,False,0.326927,0.277775,kenya pen=0.5 phi=0.5 tou
175,40,300,100,True,1.4829,False,0.29957,0.231392,kenya pen=0.5 phi=0.5 tou
175,60,300,100,True,1.40312,False,0.272509,0.185121,kenya pen=0.5 phi=0.5 tou
175,80,300,100,True,1.34238,False,0.245446,0.141069,kenya pen=0.5 phi=0.5 tou
175,100,300,100,True,1.30934,False,0.218473,0.103607,kenya pen=0.5 phi=0.5 tou
175,120,300,100,True,1.29431,False,0.191466,0.073358,kenya pen=0.5 phi=0.5 tou
175,140,300,100,True,1.29204,False,0.163919,0.0511176,kenya pen=0.5 phi=0.5 tou
175,160,300,100,True,1.29686,False,0.135451,0.0348564,kenya pen=0.5 phi=0.5 tou
175,180,300,100,True,1.30523,False,0.106147,0.0227161,kenya pen=0.5 phi=0.5 tou
175,200,300,100,True,1.31605,False,0.0762711,0.0141848,kenya pen=0.5 phi=0.5 tou
175,220,300,100,True,1.32869,True,0.0488898,0.00882705,kenya pen=0.5 phi=0.5 tou
175,240,300,100,True,1.34259,True,0.030981,0.0059635,kenya pen=0.5 phi=0.5 tou
175,260,300,100,True,1.3572,True,0.0227705,0.00455059,kenya pen=0.5 phi=0.5 tou
175,280,300,100,True,1.37207,True,0.0186928,0.00369142,kenya pen=0.5 phi=0.5 tou
175,300,300,100,True,1.38707,True,0.0163731,0.00308135,kenya pen=0.5 phi=0.5 tou
175,320,300,100,True,1.40213,True,0.0144828,0.00256896,kenya pen=0.5 phi=0.5 tou
175,340,300,100,True,1.41723,True,0.012766,0.00213209,kenya pen=0.5 phi=0.5 tou
175,360,300,100,True,1.43235,True,0.0111302,0.00174408,kenya pen=0.5 phi=0.5 tou
175,380,300,100,True,1.44752,True,0.0095498,0.00142469,kenya pen=0.5 phi=0.5 tou
175,400,300,100,True,1.4627,True,0.00810138,0.0011463,kenya pen=0.5 phi=0.5 tou
175,420,300,100,True,1.47792,True,0.0067937,0.000916975,kenya pen=0.5 phi=0.5 tou
175,440,300,100,True,1.49314,True,0.00558408,0.000714077,kenya pen=0.5 phi=0.5 tou
175,460,300,100,True,1.50839,True,0.00452289,0.000560445,kenya pen=0.5 phi=0.5 tou
175,480,300,100,True,1.52366,True,0.00369253,0.000440036,kenya pen=0.5 phi=0.5 tou
175,500,300,100,True,1.53894,True,0.00304508,0.000339101,kenya pen=0.5 phi=0.5 tou
175,520,300,100,True,1.55424,True,0.00250867,0.000265388,kenya pen=0.5 phi=0.5 tou
175,540,300,100,True,1.56954,True,0.00208377,0.000208711,kenya pen=0.5 phi=0.5 tou
175,560,300,100,True,1.58485,True,0.00171116,0.000164217,kenya pen=0.5 phi=0.5 tou
175,580,300,100,True,1.60016,True,0.00133854,0.0001215,kenya pen=0.5 phi=0.5 tou
175,600,300,100,True,1.61548,True,0.00103714,9.07767e-05,kenya pen=0.5 phi=0.5 tou
175,620,300,100,True,1.6308,True,0.00085081,6.94164e-05,kenya pen=0.5 phi=0.5 tou
175,640,300,100,True,1.64612,True,0.000664474,5.07801e-05,kenya pen=0.5 phi=0.5 tou
175,660,300,100,True,1.66144,True,0.00047813,3.65394e-05,kenya pen=0.5 phi=0.5 tou
175,680,300,100,True,1.67677,True,0.000321987,2.46067e-05,kenya pen=0.5 phi=0.5 tou
175,700,300,100,True,1.6921,True,0.000228812,1.74862e-05,kenya pen=0.5 phi=0.5 tou
175,720,300,100,True,1.70743,True,0.000135637,1.03656e-05,kenya pen=0.5 phi=0.5 tou
175,740,300,100,True,1.72276,True,4.24625e-05,3.24505e-06,kenya pen=0.5 phi=0.5 tou
175,760,300,100,True,1.73809,True,6.00881e-19,3.81871e-19,kenya pen=0.5 phi=0.5 tou
175,780,300,100,True,1.75342,True,6.00881e-19,3.81871e-19,kenya pen=0.5 phi=0.5 tou
175,800,300,100,True,1.76875,True,6.00881e-19,3.81871e-19,kenya pen=0.5 phi=0.5 tou
175,820,300,100,True,1.78409,True,6.00881e-19,3.81871e-19,kenya pen=0.5 phi=0.5 tou
175,840,300,100,True,1.79942,True,6.00881e-19,3.81871e-19,kenya pen=0.5 phi=0.5 tou
175,860,300,100,True,1.81475,True,6.00881e-19,3.81871e-19,kenya pen=0.5 phi=0.5 tou
175,880,300,100,True,1.83008,True,6.00881e-19,3.81871e-19,kenya pen=0.5 phi=0.5 tou
175,900,300,100,True,1.84542,True,6.00881e-19,3.81871e-19,kenya pen=0.5 phi=0.5 tou
175,920,300,100,True,1.86075,True,6.00881e-19,3.81871e-19,kenya pen=0.5 phi=0.5 tou
175,940,300,100,True,1.87608,True,6.00881e-19,3.81871e-19,kenya pen=0.5 phi=0.5 tou
175,960,300,100,True,1.89142,True,6.00881e-19,3.81871e-19,kenya pen=0.5 phi=0.5 tou
175,980,300,100,True,1.90675,True,6.00881e-19,3.81871e-19,kenya pen=0.5 phi=0.5 tou
175,1000,300,100,True,1.92208,True,6.00881e-19,3.81871e-19,kenya pen=0.5 phi=0.5 tou
175,1020,300,100,True,1.93741,True,6.00881e-19,3.81871e-19,kenya pen=0.5 phi=0.5 tou
175,1040,300,100,True,1.95275,True,6.00881e-19,3.81871e-19,kenya pen=0.5 phi=0.5 tou
175,1060,300,100,True,1.96808,True,6.00881e-19,3.81871e-19,kenya pen=0.5 phi=0.5 tou
175,1080,300,100,True,1.98341,True,6.00881e-19,3.81871e-19,kenya pen=0.5 phi=0.5 tou
175,1100,300,100,True,1.99874,True,6.00881e-19,3.81871e-19,kenya pen=0.5 phi=0.5 tou
175,1120,300,100,True,2.01408,True,6.00881e-19,3.81871e-19,kenya pen=0.5 phi=0.5 tou
175,1140,300,100,True,2.02941,True,6.00881e-19,3.81871e-19,kenya pen=0.5 phi=0.5 tou
175,1160,300,100,True,2.04474,True,6.00881e-19,3.81871e-19,kenya pen=0.5 phi=0.5 tou
175,1180,300,100,True,2.06008,True,6.00881e-19,3.81871e-19,kenya pen=0.5 phi=0.5 tou
175,1200,300,100,True,2.07541,True,6.00881e-19,3.81871e-19,kenya pen=0.5 phi=0.5 tou
175,1220,300,100,True,2.09074,True,6.00881e-19,3.81871e-19,kenya pen=0.5 phi=0.5 tou
175,1240,300,100,True,2.10607,True,6.00881e-19,3.81871e-19,kenya pen=0.5 phi=0.5 tou
175,1260,300,100,True,2.12141,True,6.00881e-19,3.81871e-19,kenya pen=0.5 phi=0.5 tou
175,1280,300,100,True,2.13674,True,6.00881e-19,3.81871e-19,kenya pen=0.5 phi=0.5 tou
175,1300,300,100,True,2.15207,True,6.00881e-19,3.81871e-19,kenya pen=0.5 phi=0.5 tou
175,1320,300,100,True,2.1674,True,6.00881e-19,3.81871e-19,kenya pen=0.5 phi=0.5 tou
175,1340,300,100,True,2.18274,True,6.00881e-19,3.81871e-19,kenya pen=0.5 phi=0.5 tou
175,1360,300,100,True,2.19807,True,6.00881e-19,3.81871e-19,kenya pen=0.5 phi=0.5 tou
175,1380,300,100,True,2.2134,True,6.00881e-19,3.81871e-19,kenya pen=0.5 phi=0.5 tou
175,1400,300,100,True,2.22874,True,6.00881e-19,3.81871e-19,kenya pen=0.5 phi=0.5 tou
180,0,300,100,True,1.69932,False,0.356672,0.324026,kenya pen=0.5 phi=0.5 tou
180,20,300,100,True,1.5891,False,0.324033,0.276079,kenya pen=0.5 phi=0.5 tou
180,40,300,100,True,1.49614,False,0.29669,0.229687,kenya pen=0.5 phi=0.5 tou
180,60,300,100,True,1.41561,False,0.269587,0.183404,kenya pen=0.5 phi=0.5 tou
180,80,300,100,True,1.35449,False,0.242522,0.139393,kenya pen=0.5 phi=0.5 tou
180,100,300,100,True,1.32131,False,0.21549,0.102012,kenya pen=0.5 phi=0.5 tou
180,120,300,100,True,1.30628,False,0.188447,0.0718935,kenya pen=0.5 phi=0.5 tou
180,140,300,100,True,1.30409,False,0.160814,0.0498222,kenya pen=0.5 phi=0.5 tou
180,160,300,100,True,1.30895,False,0.132091,0.0336754,kenya pen=0.5 phi=0.5 tou
180,180,300,100,True,1.31735,False,0.102613,0.0216318,kenya pen=0.5 phi=0.5 tou
180,200,300,100,True,1.32821,False,0.0726151,0.0132178,kenya pen=0.5 phi=0.5 tou
180,220,300,100,True,1.34092,True,0.0455074,0.00802294,kenya pen=0.5 phi=0.5 tou
180,240,300,100,True,1.3549,True,0.0283282,0.00533249,kenya pen=0.5 phi=0.5 tou
180,260,300,100,True,1.36955,True,0.0205891,0.00400611,kenya pen=0.5 phi=0.5 tou
180,280,300,100,True,1.38447,True,0.0168395,0.00323405,kenya pen=0.5 phi=0.5 tou
180,300,300,100,True,1.3995,True,0.0146723,0.00267524,kenya pen=0.5 phi=0.5 tou
180,320,300,100,True,1.41458,True,0.0128281,0.00220619,kenya pen=0.5 phi=0.5 tou
180,340,300,100,True,1.42969,True,0.0110983,0.00179564,kenya pen=0.5 phi=0.5 tou
180,360,300,100,True,1.44484,True,0.00949569,0.00145894,kenya pen=0.5 phi=0.5 tou
180,380,300,100,True,1.46002,True,0.00798934,0.00116965,kenya pen=0.5 phi=0.5 tou
180,400,300,100,True,1.47522,True,0.00663669,0.000920016,kenya pen=0.5 phi=0.5 tou
180,420,300,100,True,1.49045,True,0.00550191,0.000720097,kenya pen=0.5 phi=0.5 tou
180,440,300,100,True,1.5057,True,0.00450959,0.000559999,kenya pen=0.5 phi=0.5 tou
180,460,300,100,True,1.52097,True,0.00365638,0.000435638,kenya pen=0.5 phi=0.5 tou
180,480,300,100,True,1.53624,True,0.00295087,0.00032617,kenya pen=0.5 phi=0.5 tou
180,500,300,100,True,1.55153,True,0.00240865,0.000251456,kenya pen=0.5 phi=0.5 tou
180,520,300,100,True,1.56684,True,0.00194293,0.000192802,kenya pen=0.5 phi=0.5 tou
180,540,300,100,True,1.58214,True,0.00156017,0.000143618,kenya pen=0.5 phi=0.5 tou
180,560,300,100,True,1.59745,True,0.00118755,0.000102104,kenya pen=0.5 phi=0.5 tou
180,580,300,100,True,1.61277,True,0.0008976,7.28252e-05,kenya pen=0.5 phi=0.5 tou
180,600,300,100,True,1.62809,True,0.000690843,5.27952e-05,kenya pen=0.5 phi=0.5 tou
180,620,300,100,True,1.64342,True,0.000504499,3.85546e-05,kenya pen=0.5 phi=0.5 tou
180,640,300,100,True,1.65874,True,0.000320679,2.45067e-05,kenya pen=0.5 phi=0.5 tou
180,660,300,100,True,1.67407,True,0.000227504,1.73862e-05,kenya pen=0.5 phi=0.5 tou
180,680,300,100,True,1.6894,True,0.000134329,1.02656e-05,kenya pen=0.5 phi=0.5 tou
180,700,300,100,True,1.70473,True,4.11542e-05,3.14506e-06,kenya pen=0.5 phi=0.5 tou
180,720,300,100,True,1.72006,True,6.36713e-19,3.94764e-19,kenya pen=0.5 phi=0.5 tou
180,740,300,100,True,1.73539,True,6.36713e-19,3.94764e-19,kenya pen=0.5 phi=0.5 tou
180,760,300,100,True,1.75073,True,6.36713e-19,3.94764e-19,kenya pen=0.5 phi=0.5 tou
180,780,300,100,True,1.76606,True,6.36713e-19,3.94764e-19,kenya pen=0.5 phi=0.5 tou
180,800,300,100,True,1.78139,True,6.36713e-19,3.94764e-19,kenya pen=0.5 phi=0.5 tou
180,820,300,100,True,1.79672,True,6.36713e-19,3.94764e-19,kenya pen=0.5 phi=0.5 tou
180,840,300,100,True,1.81206,True,6.36713e-19,3.94764e-19,kenya pen=0.5 phi=0.5 tou
180,860,300,100,True,1.82739,True,6.36713e-19,3.94764e-19,kenya pen=0.5 phi=0.5 tou
180,880,300,100,True,1.84272,True,6.36713e-19,3.94764e-19,kenya pen=0.5 phi=0.5 tou
180,900,300,100,True,1.85806,True,6.36713e-19,3.94764e-19,kenya pen=0.5 phi=0.5 tou
180,920,300,100,True,1.87339,True,6.36713e-19,3.94764e-19,kenya pen=0.5 phi=0.5 tou
180,940,300,100,True,1.88872,True,6.36713e-19,3.94764e-19,kenya pen=0.5 phi=0.5 tou
180,960,300,100,True,1.90405,True,6.36713e-19,3.94764e-19,kenya pen=0.5 phi=0.5 tou
180,980,300,100,True,1.91939,True,6.36713e-19,3.94764e-19,kenya pen=0.5 phi=0.5 tou
180,1000,300,100,True,1.93472,True,6.36713e-19,3.94764e-19,kenya pen=0.5 phi=0.5 tou
180,1020,300,100,True,1.95005,True,6.36713e-19,3.94764e-19,kenya pen=0.5 phi=0.5 tou
180,1040,300,100,True,1.96538,True,6.36713e-19,3.94764e-19,kenya pen=0.5 phi=0.5 tou
180,1060,300,100,True,1.98072,True,6.36713e-19,3.94764e-19,kenya pen=0.5 phi=0.5 tou
180,1080,300,100,True,1.99605,True,6.36713e-19,3.94764e-19,kenya pen=0.5 phi=0.5 tou
180,1100,300,100,True,2.01138,True,6.36713e-19,3.94764e-19,kenya pen=0.5 phi=0.5 tou
180,1120,300,100,True,2.02672,True,6.36713e-19,3.94764e-19,kenya pen=0.5 phi=0.5 tou
180,1140,300,100,True,2.04205,True,6.36713e-19,3.94764e-19,kenya pen=0.5 phi=0.5 tou
180,1160,300,100,True,2.05738,True,6.36713e-19,3.94764e-19,kenya pen=0.5 phi=0.5 tou
180,1180,300,100,True,2.07271,True,6.36713e-19,3.94764e-19,kenya pen=0.5 phi=0.5 tou
180,1200,300,100,True,2.08805,True,6.36713e-19,3.94764e-19,kenya pen=0.5 phi=0.5 tou
180,1220,300,100,True,2.10338,True,6.36713e-19,3.94764e-19,kenya pen=0.5 phi=0.5 tou
180,1240,300,100,True,2.11871,True,6.36713e-19,3.94764e-19,kenya pen=0.5 phi=0.5 tou
180,1260,300,100,True,2.13404,True,6.36713e-19,3.94764e-19,kenya pen=0.5 phi=0.5 tou
180,1280,300,100,True,2.14938,True,6.36713e-19,3.94764e-19,kenya pen=0.5 phi=0.5 tou
180,1300,300,100,True,2.16471,True,6.36713e-19,3.94764e-19,kenya pen=0.5 phi=0.5 tou
180,1320,300,100,True,2.18004,True,6.36713e-19,3.94764e-19,kenya pen=0.5 phi=0.5 tou
180,1340,300,100,True,2.19538,True,6.36713e-19,3.94764e-19,kenya pen=0.5 phi=0.5 tou
180,1360,300,100,True,2.21071,True,6.36713e-19,3.94764e-19,kenya pen=0.5 phi=0.5 tou
180,1380,300,100,True,2.22604,True,6.36713e-19,3.94764e-19,kenya pen=0.5 phi=0.5 tou
180,1400,300,100,True,2.24137,True,6.36713e-19,3.94764e-19,kenya pen=0.5 phi=0.5 tou
185,0,300,100,True,1.71428,False,0.353285,0.322257,kenya pen=0.5 phi=0.5 tou
185,20,300,100,True,1.60331,False,0.321372,0.274488,kenya pen=0.5 phi=0.5 tou
185,40,300,100,True,1.50949,False,0.294078,0.228092,kenya pen=0.5 phi=0.5 tou
185,60,300,100,True,1.42819,False,0.266953,0.181796,kenya pen=0.5 phi=0.5 tou
185,80,300,100,True,1.36667,False,0.23987,0.137829,kenya pen=0.5 phi=0.5 tou
185,100,300,100,True,1.33336,False,0.212809,0.10053,kenya pen=0.5 phi=0.5 tou
185,120,300,100,True,1.31831,False,0.185718,0.0705383,kenya pen=0.5 phi=0.5 tou
185,140,300,100,True,1.3162,False,0.158007,0.0486335,kenya pen=0.5 phi=0.5 tou
185,160,300,100,True,1.3211,False,0.12908,0.0326014,kenya pen=0.5 phi=0.5 tou
185,180,300,100,True,1.32953,False,0.0994516,0.0206616,kenya pen=0.5 phi=0.5 tou
185,200,300,100,True,1.34043,False,0.0693358,0.012354,kenya pen=0.5 phi=0.5 tou
185,220,300,100,True,1.35319,True,0.0424526,0.00730641,kenya pen=0.5 phi=0.5 tou
185,240,300,100,True,1.36725,True,0.0260864,0.00476849,kenya pen=0.5 phi=0.5 tou
185,260,300,100,True,1.38195,True,0.0187195,0.00354648,kenya pen=0.5 phi=0.5 tou
185,280,300,100,True,1.3969,True,0.0152079,0.00284049,kenya pen=0.5 phi=0.5 tou
185,300,300,100,True,1.41195,True,0.0130807,0.00231475,kenya pen=0.5 phi=0.5 tou
185,320,300,100,True,1.42705,True,0.0113433,0.00189119,kenya pen=0.5 phi=0.5 tou
185,340,300,100,True,1.44219,True,0.00967062,0.00152609,kenya pen=0.5 phi=0.5 tou
185,360,300,100,True,1.45736,True,0.00807313,0.00122111,kenya pen=0.5 phi=0.5 tou
185,380,300,100,True,1.47255,True,0.0067349,0.000955934,kenya pen=0.5 phi=0.5 tou
185,400,300,100,True,1.48777,True,0.00562758,0.000751864,kenya pen=0.5 phi=0.5 tou
185,420,300,100,True,1.50302,True,0.00460383,0.000580575,kenya pen=0.5 phi=0.5 tou
185,440,300,100,True,1.51828,True,0.0037078,0.000445405,kenya pen=0.5 phi=0.5 tou
185,460,300,100,True,1.53355,True,0.00292582,0.000329089,kenya pen=0.5 phi=0.5 tou
185,480,300,100,True,1.54884,True,0.00237274,0.000245561,kenya pen=0.5 phi=0.5 tou
185,500,300,100,True,1.56414,True,0.00190702,0.000187696,kenya pen=0.5 phi=0.5 tou
185,520,300,100,True,1.57944,True,0.00147322,0.000133184,kenya pen=0.5 phi=0.5 tou
185,540,300,100,True,1.59475,True,0.00111155,9.14342e-05,kenya pen=0.5 phi=0.5 tou
185,560,300,100,True,1.61007,True,0.000832061,6.35874e-05,kenya pen=0.5 phi=0.5 tou
185,580,300,100,True,1.62539,True,0.000573877,4.38566e-05,kenya pen=0.5 phi=0.5 tou
185,600,300,100,True,1.64072,True,0.000387534,2.96159e-05,kenya pen=0.5 phi=0.5 tou
185,620,300,100,True,1.65604,True,0.000226369,1.72995e-05,kenya pen=0.5 phi=0.5 tou
185,640,300,100,True,1.67137,True,0.000133195,1.01789e-05,kenya pen=0.5 phi=0.5 tou
185,660,300,100,True,1.6867,True,4.00197e-05,3.05837e-06,kenya pen=0.5 phi=0.5 tou
185,680,300,100,True,1.70203,True,5.41865e-19,3.72877e-19,kenya pen=0.5 phi=0.5 tou
185,700,300,100,True,1.71737,True,5.41865e-19,3.72877e-19,kenya pen=0.5 phi=0.5 tou
185,720,300,100,True,1.7327,True,5.41865e-19,3.72877e-19,kenya pen=0.5 phi=0.5 tou
185,740,300,100,True,1.74803,True,5.41865e-19,3.72877e-19,kenya pen=0.5 phi=0.5 tou
185,760,300,100,True,1.76336,True,5.41865e-19,3.72877e-19,kenya pen=0.5 phi=0.5 tou
185,780,300,100,True,1.7787,True,5.41865e-19,3.72877e-19,kenya pen=0.5 phi=0.5 tou
185,800,300,100,True,1.79403,True,5.41865e-19,3.72877e-19,kenya pen=0.5 phi=0.5 tou
185,820,300,100,True,1.80936,True,5.41865e-19,3.72877e-19,kenya pen=0.5 phi=0.5 tou
185,840,300,100,True,1.8247,True,5.41865e-19,3.72877e-19,kenya pen=0.5 phi=0.5 tou
185,860,300,100,True,1.84003,True,5.41865e-19,3.72877e-19,kenya pen=0.5 phi=0.5 tou
185,880,300,100,True,1.85536,True,5.41865e-19,3.72877e-19,kenya pen=0.5 phi=0.5 tou
185,900,300,100,True,1.87069,True,5.41865e-19,3.72877e-19,kenya pen=0.5 phi=0.5 tou
185,920,300,100,True,1.88603,True,5.41865e-19,3.72877e-19,kenya pen=0.5 phi=0.5 tou
185,940,300,100,True,1.90136,True,5.41865e-19,3.72877e-19,kenya pen=0.5 phi=0.5 tou
185,960,300,100,True,1.91669,True,5.41865e-19,3.72877e-19,kenya pen=0.5 phi=0.5 tou
185,980,300,100,True,1.93202,True,5.41865e-19,3.72877e-19,kenya pen=0.5 phi=0.5 tou
185,1000,300,100,True,1.94736,True,5.41865e-19,3.72877e-19,kenya pen=0.5 phi=0.5 tou
185,1020,300,100,True,1.96269,True,5.41865e-19,3.72877e-19,kenya pen=0.5 phi=0.5 tou
185,1040,300,100,True,1.97802,True,5.41865e-19,3.72877e-19,kenya pen=0.5 phi=0.5 tou
185,1060,300,100,True,1.99336,True,5.41865e-19,3.72877e-19,kenya pen=0.5 phi=0.5 tou
185,1080,300,100,True,2.00869,True,5.41865e-19,3.72877e-19,kenya pen=0.5 phi=0.5 tou
185,1100,300,100,True,2.02402,True,5.41865e-19,3.72877e-19,kenya pen=0.5 phi=0.5 tou
185,1120,300,100,True,2.03935,True,5.41865e-19,3.72877e-19,kenya pen=0.5 phi=0.5 tou
185,1140,300,100,True,2.05469,True,5.41865e-19,3.72877e-19,kenya pen=0.5 phi=0.5 tou
185,1160,300,100,True,2.07002,True,5.41865e-19,3.72877e-19,kenya pen=0.5 phi=0.5 tou
185,1180,300,100,True,2.08535,True,5.41865e-19,3.72877e-19,kenya pen=0.5 phi=0.5 tou
185,1200,300,100,True,2.10068,True,5.41865e-19,3.72877e-19,kenya pen=0.5 phi=0.5 tou
185,1220,300,100,True,2.11602,True,5.41865e-19,3.72877e-19,kenya pen=0.5 phi=0.5 tou
185,1240,300,100,True,2.13135,True,5.41865e-19,3.72877e-19,kenya pen=0.5 phi=0.5 tou
185,1260,300,100,True,2.14668,True,5.41865e-19,3.72877e-19,kenya pen=0.5 phi=0.5 tou
185,1280,300,100,True,2.16202,True,5.41865e-19,3.72877e-19,kenya pen=0.5 phi=0.5 tou
185,1300,300,100,True,2.17735,True,5.41865e-19,3.72877e-19,kenya pen=0.5 phi=0.5 tou
185,1320,300,100,True,2.19268,True,5.41865e-19,3.72877e-19,kenya pen=0.5 phi=0.5 tou
185,1340,300,100,True,2.20801,True,5.41865e-19,3.72877e-19,kenya pen=0.5 phi=0.5 tou
185,1360,300,100,True,2.22335,True,5.41865e-19,3.72877e-19,kenya pen=0.5 phi=0.5 tou
185,1380,300,100,True,2.23868,True,5.41865e-19,3.72877e-19,kenya pen=0.5 phi=0.5 tou
185,1400,300,100,True,2.25401,True,5.41865e-19,3.72877e-19,kenya pen=0.5 phi=0.5 tou
190,0,300,100,True,1.7294,False,0.350226,0.320614,kenya pen=0.5 phi=0.5 tou
190,20,300,100,True,1.61761,False,0.318902,0.272995,kenya pen=0.5 phi=0.5 tou
190,40,300,100,True,1.52292,False,0.291646,0.226592,kenya pen=0.5 phi=0.5 tou
190,60,300,100,True,1.44086,False,0.264513,0.180285,kenya pen=0.5 phi=0.5 tou
190,80,300,100,True,1.37892,False,0.237391,0.136358,kenya pen=0.5 phi=0.5 tou
190,100,300,100,True,1.34546,False,0.210316,0.0991395,kenya pen=0.5 phi=0.5 tou
190,120,300,100,True,1.33039,False,0.183175,0.0692759,kenya pen=0.5 phi=0.5 tou
190,140,300,100,True,1.32836,False,0.155385,0.0475317,kenya pen=0.5 phi=0.5 tou
190,160,300,100,True,1.3333,False,0.126388,0.0316186,kenya pen=0.5 phi=0.5 tou
190,180,300,100,True,1.34176,False,0.0964805,0.0197847,kenya pen=0.5 phi=0.5 tou
190,200,300,100,True,1.35268,False,0.0662597,0.0115742,kenya pen=0.5 phi=0.5 tou
190,220,300,100,True,1.36551,True,0.0396465,0.00666995,kenya pen=0.5 phi=0.5 tou
190,240,300,100,True,1.37962,True,0.0239565,0.00426151,kenya pen=0.5 phi=0.5 tou
190,260,300,100,True,1.39437,True,0.0169488,0.00313299,kenya pen=0.5 phi=0.5 tou
190,280,300,100,True,1.40935,True,0.0136468,0.00247175,kenya pen=0.5 phi=0.5 tou
190,300,300,100,True,1.42443,True,0.0116504,0.00200667,kenya pen=0.5 phi=0.5 tou
190,320,300,100,True,1.43955,True,0.00995099,0.00161801,kenya pen=0.5 phi=0.5 tou
190,340,300,100,True,1.4547,True,0.00830445,0.00129164,kenya pen=0.5 phi=0.5 tou
190,360,300,100,True,1.46989,True,0.00690752,0.00101168,kenya pen=0.5 phi=0.5 tou
190,380,300,100,True,1.4851,True,0.00576146,0.000792748,kenya pen=0.5 phi=0.5 tou
190,400,300,100,True,1.50034,True,0.00473776,0.000615911,kenya pen=0.5 phi=0.5 tou
190,420,300,100,True,1.51559,True,0.00376959,0.000463188,kenya pen=0.5 phi=0.5 tou
190,440,300,100,True,1.53086,True,0.00294462,0.000342142,kenya pen=0.5 phi=0.5 tou
190,460,300,100,True,1.54614,True,0.00234701,0.000248471,kenya pen=0.5 phi=0.5 tou
190,480,300,100,True,1.56144,True,0.00187217,0.000186487,kenya pen=0.5 phi=0.5 tou
190,500,300,100,True,1.57675,True,0.00140644,0.000129535,kenya pen=0.5 phi=0.5 tou
190,520,300,100,True,1.59205,True,0.00104681,8.54052e-05,kenya pen=0.5 phi=0.5 tou
190,540,300,100,True,1.60737,True,0.000767314,5.86393e-05,kenya pen=0.5 phi=0.5 tou
190,560,300,100,True,1.62269,True,0.000487807,3.72789e-05,kenya pen=0.5 phi=0.5 tou
190,580,300,100,True,1.63802,True,0.000271291,2.07325e-05,kenya pen=0.5 phi=0.5 tou
190,600,300,100,True,1.65335,True,0.000132458,1.01226e-05,kenya pen=0.5 phi=0.5 tou
190,620,300,100,True,1.66867,True,3.92832e-05,3.00208e-06,kenya pen=0.5 phi=0.5 tou
190,640,300,100,True,1.68401,True,6.17743e-19,3.732e-19,kenya pen=0.5 phi=0.5 tou
190,660,300,100,True,1.69934,True,6.17743e-19,3.732e-19,kenya pen=0.5 phi=0.5 tou
190,680,300,100,True,1.71467,True,6.17743e-19,3.732e-19,kenya pen=0.5 phi=0.5 tou
190,700,300,100,True,1.73,True,6.17743e-19,3.732e-19,kenya pen=0.5 phi=0.5 tou
190,720,300,100,True,1.74534,True,6.17743e-19,3.732e-19,kenya pen=0.5 phi=0.5 tou
190,740,300,100,True,1.76067,True,6.17743e-19,3.732e-19,kenya pen=0.5 phi=0.5 tou
190,760,300,100,True,1.776,True,6.17743e-19,3.732e-19,kenya pen=0.5 phi=0.5 tou
190,780,300,100,True,1.79133,True,6.17743e-19,3.732e-19,kenya pen=0.5 phi=0.5 tou
190,800,300,100,True,1.80667,True,6.17743e-19,3.732e-19,kenya pen=0.5 phi=0.5 tou
190,820,300,100,True,1.822,True,6.17743e-19,3.732e-19,kenya pen=0.5 phi=0.5 tou
190,840,300,100,True,1.83733,True,6.17743e-19,3.732e-19,kenya pen=0.5 phi=0.5 tou
190,860,300,100,True,1.85267,True,6.17743e-19,3.732e-19,kenya pen=0.5 phi=0.5 tou
190,880,300,100,True,1.868,True,6.17743e-19,3.732e-19,kenya pen=0.5 phi=0.5 tou
190,900,300,100,True,1.88333,True,6.17743e-19,3.732e-19,kenya pen=0.5 phi=0.5 tou
190,920,300,100,True,1.89866,True,6.17743e-19,3.732e-19,kenya pen=0.5 phi=0.5 tou
190,940,300,100,True,1.914,True,6.17743e-19,3.732e-19,kenya pen=0.5 phi=0.5 tou
190,960,300,100,True,1.92933,True,6.17743e-19,3.732e-19,kenya pen=0.5 phi=0.5 tou
190,980,300,100,True,1.94466,True,6.17743e-19,3.732e-19,kenya pen=0.5 phi=0.5 tou
190,1000,300,100,True,1.95999,True,6.17743e-19,3.732e-19,kenya pen=0.5 phi=0.5 tou
190,1020,300,100,True,1.97533,True,6.17743e-19,3.732e-19,kenya pen=0.5 phi=0.5 tou
190,1040,300,100,True,1.99066,True,6.17743e-19,3.732e-19,kenya pen=0.5 phi=0.5 tou
190,1060,300,100,True,2.00599,True,6.17743e-19,3.732e-19,kenya pen=0.5 phi=0.5 tou
190,1080,300,100,True,2.02133,True,6.17743e-19,3.732e-19,kenya pen=0.5 phi=0.5 tou
190,1100,300,100,True,2.03666,True,6.17743e-19,3.732e-19,kenya pen=0.5 phi=0.5 tou
190,1120,300,100,True,2.05199,True,6.17743e-19,3.732e-19,kenya pen=0.5 phi=0.5 tou
190,1140,300,100,True,2.06732,True,6.17743e-19,3.732e-19,kenya pen=0.5 phi=0.5 tou
190,1160,300,100,True,2.08266,True,6.17743e-19,3.732e-19,kenya pen=0.5 phi=0.5 tou
190,1180,300,100,True,2.09799,True,6.17743e-19,3.732e-19,kenya pen=0.5 phi=0.5 tou
190,1200,300,100,True,2.11332,True,6.17743e-19,3.732e-19,kenya pen=0.5 phi=0.5 tou
190,1220,300,100,True,2.12866,True,6.17743e-19,3.732e-19,kenya pen=0.5 phi=0.5 tou
190,1240,300,100,True,2.14399,True,6.17743e-19,3.732e-19,kenya pen=0.5 phi=0.5 tou
190,1260,300,100,True,2.15932,True,6.17743e-19,3.732e-19,kenya pen=0.5 phi=0.5 tou
190,1280,300,100,True,2.17465,True,6.17743e-19,3.732e-19,kenya pen=0.5 phi=0.5 tou
190,1300,300,100,True,2.18999,True,6.17743e-19,3.732e-19,kenya pen=0.5 phi=0.5 tou
190,1320,300,100,True,2.20532,True,6.17743e-19,3.732e-19,kenya pen=0.5 phi=0.5 tou
190,1340,300,100,True,2.22065,True,6.17743e-19,3.732e-19,kenya pen=0.5 phi=0.5 tou
190,1360,300,100,True,2.23598,True,6.17743e-19,3.732e-19,kenya pen=0.5 phi=0.5 tou
190,1380,300,100,True,2.25132,True,6.17743e-19,3.732e-19,kenya pen=0.5 phi=0.5 tou
190,1400,300,100,True,2.26665,True,6.17743e-19,3.732e-19,kenya pen=0.5 phi=0.5 tou
195,0,300,100,True,1.74464,False,0.347437,0.31908,kenya pen=0.5 phi=0.5 tou
195,20,300,100,True,1.63202,False,0.31661,0.271588,kenya pen=0.5 phi=0.5 tou
195,40,300,100,True,1.53644,False,0.289364,0.225177,kenya pen=0.5 phi=0.5 tou
195,60,300,100,True,1.45359,False,0.262214,0.17886,kenya pen=0.5 phi=0.5 tou
195,80,300,100,True,1.39123,False,0.235074,0.134972,kenya pen=0.5 phi=0.5 tou
195,100,300,100,True,1.35762,False,0.207979,0.0978341,kenya pen=0.5 phi=0.5 tou
195,120,300,100,True,1.34253,False,0.180794,0.0680957,kenya pen=0.5 phi=0.5 tou
195,140,300,100,True,1.34056,False,0.152927,0.0465083,kenya pen=0.5 phi=0.5 tou
195,160,300,100,True,1.34553,False,0.123863,0.0307111,kenya pen=0.5 phi=0.5 tou
195,180,300,100,True,1.35402,False,0.0937712,0.0189862,kenya pen=0.5 phi=0.5 tou
195,200,300,100,True,1.36499,False,0.0633843,0.0108888,kenya pen=0.5 phi=0.5 tou
195,220,300,100,True,1.37786,True,0.0370764,0.00609693,kenya pen=0.5 phi=0.5 tou
195,240,300,100,True,1.39202,True,0.0219442,0.00380917,kenya pen=0.5 phi=0.5 tou
195,260,300,100,True,1.40681,True,0.015306,0.00275441,kenya pen=0.5 phi=0.5 tou
195,280,300,100,True,1.42182,True,0.0122537,0.00216532,kenya pen=0.5 phi=0.5 tou
195,300,300,100,True,1.43692,True,0.0103751,0.0017403,kenya pen=0.5 phi=0.5 tou
195,320,300,100,True,1.45206,True,0.00862981,0.00138023,kenya pen=0.5 phi=0.5 tou
195,340,300,100,True,1.46724,True,0.00715175,0.00108756,kenya pen=0.5 phi=0.5 tou
195,360,300,100,True,1.48244,True,0.00592103,0.000846845,kenya pen=0.5 phi=0.5 tou
195,380,300,100,True,1.49767,True,0.00489742,0.000660288,kenya pen=0.5 phi=0.5 tou
195,400,300,100,True,1.51291,True,0.00389168,0.000493672,kenya pen=0.5 phi=0.5 tou
195,420,300,100,True,1.52818,True,0.0030294,0.000364472,kenya pen=0.5 phi=0.5 tou
195,440,300,100,True,1.54346,True,0.00237275,0.000266111,kenya pen=0.5 phi=0.5 tou
195,460,300,100,True,1.55875,True,0.00186188,0.000192495,kenya pen=0.5 phi=0.5 tou
195,480,300,100,True,1.57405,True,0.00139616,0.000134325,kenya pen=0.5 phi=0.5 tou
195,500,300,100,True,1.58936,True,0.00100642,8.45211e-05,kenya pen=0.5 phi=0.5 tou
195,520,300,100,True,1.60468,True,0.000726931,5.55531e-05,kenya pen=0.5 phi=0.5 tou
195,540,300,100,True,1.62,True,0.000447424,3.41928e-05,kenya pen=0.5 phi=0.5 tou
195,560,300,100,True,1.63532,True,0.000179345,1.37058e-05,kenya pen=0.5 phi=0.5 tou
195,580,300,100,True,1.65065,True,5.87334e-05,4.48849e-06,kenya pen=0.5 phi=0.5 tou
195,600,300,100,True,1.66598,True,5.86479e-19,3.89794e-19,kenya pen=0.5 phi=0.5 tou
195,620,300,100,True,1.68131,True,5.86479e-19,3.89794e-19,kenya pen=0.5 phi=0.5 tou
195,640,300,100,True,1.69664,True,5.86479e-19,3.89794e-19,kenya pen=0.5 phi=0.5 tou
195,660,300,100,True,1.71198,True,5.86479e-19,3.89794e-19,kenya pen=0.5 phi=0.5 tou
195,680,300,100,True,1.72731,True,5.86479e-19,3.89794e-19,kenya pen=0.5 phi=0.5 tou
195,700,300,100,True,1.74264,True,5.86479e-19,3.89794e-19,kenya pen=0.5 phi=0.5 tou
195,720,300,100,True,1.75797,True,5.86479e-19,3.89794e-19,kenya pen=0.5 phi=0.5 tou
195,740,300,100,True,1.77331,True,5.86479e-19,3.89794e-19,kenya pen=0.5 phi=0.5 tou
195,760,300,100,True,1.78864,True,5.86479e-19,3.89794e-19,kenya pen=0.5 phi=0.5 tou
195,780,300,100,True,1.80397,True,5.86479e-19,3.89794e-19,kenya pen=0.5 phi=0.5 tou
195,800,300,100,True,1.81931,True,5.86479e-19,3.89794e-19,kenya pen=0.5 phi=0.5 tou
195,820,300,100,True,1.83464,True,5.86479e-19,3.89794e-19,kenya pen=0.5 phi=0.5 tou
195,840,300,100,True,1.84997,True,5.86479e-19,3.89794e-19,kenya pen=0.5 phi=0.5 tou
195,860,300,100,True,1.8653,True,5.86479e-19,3.89794e-19,kenya pen=0.5 phi=0.5 tou
195,880,300,100,True,1.88064,True,5.86479e-19,3.89794e-19,kenya pen=0.5 phi=0.5 tou
195,900,300,100,True,1.89597,True,5.86479e-19,3.89794e-19,kenya pen=0.5 phi=0.5 tou
195,920,300,100,True,1.9113,True,5.86479e-19,3.89794e-19,kenya pen=0.5 phi=0.5 tou
195,940,300,100,True,1.92663,True,5.86479e-19,3.89794e-19,kenya pen=0.5 phi=0.5 tou
195,960,300,100,True,1.94197,True,5.86479e-19,3.89794e-19,kenya pen=0.5 phi=0.5 tou
195,980,300,100,True,1.9573,True,5.86479e-19,3.89794e-19,kenya pen=0.5 phi=0.5 tou
195,1000,300,100,True,1.97263,True,5.86479e-19,3.89794e-19,kenya pen=0.5 phi=0.5 tou
195,1020,300,100,True,1.98797,True,5.86479e-19,3.89794e-19,kenya pen=0.5 phi=0.5 tou
195,1040,300,100,True,2.0033,True,5.86479e-19,3.89794e-19,kenya pen=0.5 phi=0.5 tou
195,1060,300,100,True,2.01863,True,5.86479e-19,3.89794e-19,kenya pen=0.5 phi=0.5 tou
195,1080,300,100,True,2.03396,True,5.86479e-19,3.89794e-19,kenya pen=0.5 phi=0.5 tou
195,1100,300,100,True,2.0493,True,5.86479e-19,3.89794e-19,kenya pen=0.5 phi=0.5 tou
195,1120,300,100,True,2.06463,True,5.86479e-19,3.89794e-19,kenya pen=0.5 phi=0.5 tou
195,1140,300,100,True,2.07996,True,5.86479e-19,3.89794e-19,kenya pen=0.5 phi=0.5 tou
195,1160,300,100,True,2.09529,True,5.86479e-19,3.89794e-19,kenya pen=0.5 phi=0.5 tou
195,1180,300,100,True,2.11063,True,5.86479e-19,3.89794e-19,kenya pen=0.5 phi=0.5 tou
195,1200,300,100,True,2.12596,True,5.86479e-19,3.89794e-19,kenya pen=0.5 phi=0.5 tou
195,1220,300,100,True,2.14129,True,5.86479e-19,3.89794e-19,kenya pen=0.5 phi=0.5 tou
195,1240,300,100,True,2.15663,True,5.86479e-19,3.89794e-19,kenya pen=0.5 phi=0.5 tou
195,1260,300,100,True,2.17196,True,5.86479e-19,3.89794e-19,kenya pen=0.5 phi=0.5 tou
195,1280,300,100,True,2.18729,True,5.86479e-19,3.89794e-19,kenya pen=0.5 phi=0.5 tou
195,1300,300,100,True,2.20262,True,5.86479e-19,3.89794e-19,kenya pen=0.5 phi=0.5 tou
195,1320,300,100,True,2.21796,True,5.86479e-19,3.89794e-19,kenya pen=0.5 phi=0.5 tou
195,1340,300,100,True,2.23329,True,5.86479e-19,3.89794e-19,kenya pen=0.5 phi=0.5 tou
195,1360,300,100,True,2.24862,True,5.86479e-19,3.89794e-19,kenya pen=0.5 phi=0.5 tou
195,1380,300,100,True,2.26395,True,5.86479e-19,3.89794e-19,kenya pen=0.5 phi=0.5 tou
195,1400,300,100,True,2.27929,True,5.86479e-19,3.89794e-19,kenya pen=0.5 phi=0.5 tou
200,0,300,100,True,1.76001,False,0.344893,0.317644,kenya pen=0.5 phi=0.5 tou
200,20,300,100,True,1.64651,False,0.314469,0.270259,kenya pen=0.5 phi=0.5 tou
200,40,300,100,True,1.55004,False,0.287203,0.22384,kenya pen=0.5 phi=0.5 tou
200,60,300,100,True,1.4664,False,0.260036,0.177513,kenya pen=0.5 phi=0.5 tou
200,80,300,100,True,1.4036,False,0.232898,0.133662,kenya pen=0.5 phi=0.5 tou
200,100,300,100,True,1.36983,False,0.205765,0.0966044,kenya pen=0.5 phi=0.5 tou
200,120,300,100,True,1.35471,False,0.178547,0.0669888,kenya pen=0.5 phi=0.5 tou
200,140,300,100,True,1.3528,False,0.15062,0.0455511,kenya pen=0.5 phi=0.5 tou
200,160,300,100,True,1.3578,False,0.121461,0.0298678,kenya pen=0.5 phi=0.5 tou
200,180,300,100,True,1.36632,False,0.0912826,0.0182584,kenya pen=0.5 phi=0.5 tou
200,200,300,100,True,1.37734,False,0.0607121,0.0102851,kenya pen=0.5 phi=0.5 tou
200,220,300,100,True,1.39024,True,0.034717,0.00559209,kenya pen=0.5 phi=0.5 tou
200,240,300,100,True,1.40446,True,0.0201397,0.00341637,kenya pen=0.5 phi=0.5 tou
200,260,300,100,True,1.41927,True,0.0138026,0.00242797,kenya pen=0.5 phi=0.5 tou
200,280,300,100,True,1.43432,True,0.0109583,0.00189255,kenya pen=0.5 phi=0.5 tou
200,300,300,100,True,1.44943,True,0.00910711,0.00149426,kenya pen=0.5 phi=0.5 tou
200,320,300,100,True,1.4646,True,0.00748928,0.00118069,kenya pen=0.5 phi=0.5 tou
200,340,300,100,True,1.47979,True,0.00617156,0.000919936,kenya pen=0.5 phi=0.5 tou
200,360,300,100,True,1.49501,True,0.00511895,0.00071468,kenya pen=0.5 phi=0.5 tou
200,380,300,100,True,1.51025,True,0.00409523,0.000540281,kenya pen=0.5 phi=0.5 tou
200,400,300,100,True,1.5255,True,0.00319409,0.000397778,kenya pen=0.5 phi=0.5 tou
200,420,300,100,True,1.54078,True,0.00249753,0.000293441,kenya pen=0.5 phi=0.5 tou
200,440,300,100,True,1.55607,True,0.00191284,0.000207028,kenya pen=0.5 phi=0.5 tou
200,460,300,100,True,1.57136,True,0.00144714,0.000144592,kenya pen=0.5 phi=0.5 tou
200,480,300,100,True,1.58667,True,0.00105563,9.33116e-05,kenya pen=0.5 phi=0.5 tou
200,500,300,100,True,1.60198,True,0.000747712,5.73011e-05,kenya pen=0.5 phi=0.5 tou
200,520,300,100,True,1.6173,True,0.000468206,3.5781e-05,kenya pen=0.5 phi=0.5 tou
200,540,300,100,True,1.63263,True,0.000188699,1.44207e-05,kenya pen=0.5 phi=0.5 tou
200,560,300,100,True,1.64795,True,4.53872e-05,3.46856e-06,kenya pen=0.5 phi=0.5 tou
200,580,300,100,True,1.66328,True,5.01115e-19,3.65481e-19,kenya pen=0.5 phi=0.5 tou
200,600,300,100,True,1.67862,True,5.01115e-19,3.65481e-19,kenya pen=0.5 phi=0.5 tou
200,620,300,100,True,1.69395,True,5.01115e-19,3.65481e-19,kenya pen=0.5 phi=0.5 tou
200,640,300,100,True,1.70928,True,5.01115e-19,3.65481e-19,kenya pen=0.5 phi=0.5 tou
200,660,300,100,True,1.72461,True,5.01115e-19,3.65481e-19,kenya pen=0.5 phi=0.5 tou
200,680,300,100,True,1.73995,True,5.01115e-19,3.65481e-19,kenya pen=0.5 phi=0.5 tou
200,700,300,100,True,1.75528,True,5.01115e-19,3.65481e-19,kenya pen=0.5 phi=0.5 tou
200,720,300,100,True,1.77061,True,5.01115e-19,3.65481e-19,kenya pen=0.5 phi=0.5 tou
200,740,300,100,True,1.78595,True,5.01115e-19,3.65481e-19,kenya pen=0.5 phi=0.5 tou
200,760,300,100,True,1.80128,True,5.01115e-19,3.65481e-19,kenya pen=0.5 phi=0.5 tou
200,780,300,100,True,1.81661,True,5.01115e-19,3.65481e-19,kenya pen=0.5 phi=0.5 tou
200,800,300,100,True,1.83194,True,5.01115e-19,3.65481e-19,kenya pen=0.5 phi=0.5 tou
200,820,300,100,True,1.84728,True,5.01115e-19,3.65481e-19,kenya pen=0.5 phi=0.5 tou
200,840,300,100,True,1.86261,True,5.01115e-19,3.65481e-19,kenya pen=0.5 phi=0.5 tou
200,860,300,100,True,1.87794,True,5.01115e-19,3.65481e-19,kenya pen=0.5 phi=0.5 tou
200,880,300,100,True,1.89327,True,5.01115e-19,3.65481e-19,kenya pen=0.5 phi=0.5 tou
200,900,300,100,True,1.90861,True,5.01115e-19,3.65481e-19,kenya pen=0.5 phi=0.5 tou
200,920,300,100,True,1.92394,True,5.01115e-19,3.65481e-19,kenya pen=0.5 phi=0.5 tou
200,940,300,100,True,1.93927,True,5.01115e-19,3.65481e-19,kenya pen=0.5 phi=0.5 tou
200,960,300,100,True,1.95461,True,5.01115e-19,3.65481e-19,kenya pen=0.5 phi=0.5 tou
200,980,300,100,True,1.96994,True,5.01115e-19,3.65481e-19,kenya pen=0.5 phi=0.5 tou
200,1000,300,100,True,1.98527,True,5.01115e-19,3.65481e-19,kenya pen=0.5 phi=0.5 tou
200,1020,300,100,True,2.0006,True,5.01115e-19,3.65481e-19,kenya pen=0.5 phi=0.5 tou
200,1040,300,100,True,2.01594,True,5.01115e-19,3.65481e-19,kenya pen=0.5 phi=0.5 tou
200,1060,300,100,True,2.03127,True,5.01115e-19,3.65481e-19,kenya pen=0.5 phi=0.5 tou
200,1080,300,100,True,2.0466,True,5.01115e-19,3.65481e-19,kenya pen=0.5 phi=0.5 tou
200,1100,300,100,True,2.06193,True,5.01115e-19,3.65481e-19,kenya pen=0.5 phi=0.5 tou
200,1120,300,100,True,2.07727,True,5.01115e-19,3.65481e-19,kenya pen=0.5 phi=0.5 tou
200,1140,300,100,True,2.0926,True,5.01115e-19,3.65481e-19,kenya pen=0.5 phi=0.5 tou
200,1160,300,100,True,2.10793,True,5.01115e-19,3.65481e-19,kenya pen=0.5 phi=0.5 tou
200,1180,300,100,True,2.12327,True,5.01115e-19,3.65481e-19,kenya pen=0.5 phi=0.5 tou
200,1200,300,100,True,2.1386,True,5.01115e-19,3.65481e-19,kenya pen=0.5 phi=0.5 tou
200,1220,300,100,True,2.15393,True,5.01115e-19,3.65481e-19,kenya pen=0.5 phi=0.5 tou
200,1240,300,100,True,2.16926,True,5.01115e-19,3.65481e-19,kenya pen=0.5 phi=0.5 tou
200,1260,300,100,True,2.1846,True,5.01115e-19,3.65481e-19,kenya pen=0.5 phi=0.5 tou
200,1280,300,100,True,2.19993,True,5.01115e-19,3.65481e-19,kenya pen=0.5 phi=0.5 tou
200,1300,300,100,True,2.21526,True,5.01115e-19,3.65481e-19,kenya pen=0.5 phi=0.5 tou
200,1320,300,100,True,2.23059,True,5.01115e-19,3.65481e-19,kenya pen=0.5 phi=0.5 tou
200,1340,300,100,True,2.24593,True,5.01115e-19,3.65481e-19,kenya pen=0.5 phi=0.5 tou
200,1360,300,100,True,2.26126,True,5.01115e-19,3.65481e-19,kenya pen=0.5 phi=0.5 tou
200,1380,300,100,True,2.27659,True,5.01115e-19,3.65481e-19,kenya pen=0.5 phi=0.5 tou
200,1400,300,100,True,2.29193,True,5.01115e-19,3.65481e-19,kenya pen=0.5 phi=0.5 tou
205,0,300,100,True,1.77549,False,0.342589,0.316294,kenya pen=0.5 phi=0.5 tou
205,20,300,100,True,1.66108,False,0.312491,0.269002,kenya pen=0.5 phi=0.5 tou
205,40,300,100,True,1.5637,False,0.285197,0.222574,kenya pen=0.5 phi=0.5 tou
205,60,300,100,True,1.47927,False,0.258014,0.176241,kenya pen=0.5 phi=0.5 tou
205,80,300,100,True,1.41603,False,0.230877,0.132423,kenya pen=0.5 phi=0.5 tou
205,100,300,100,True,1.38208,False,0.203729,0.0954439,kenya pen=0.5 phi=0.5 tou
205,120,300,100,True,1.36692,False,0.176469,0.0659482,kenya pen=0.5 phi=0.5 tou
205,140,300,100,True,1.36507,False,0.148479,0.0446582,kenya pen=0.5 phi=0.5 tou
205,160,300,100,True,1.3701,False,0.119245,0.02909,kenya pen=0.5 phi=0.5 tou
205,180,300,100,True,1.37866,False,0.0889876,0.0175926,kenya pen=0.5 phi=0.5 tou
205,200,300,100,True,1.38971,False,0.0583158,0.00973643,kenya pen=0.5 phi=0.5 tou
205,220,300,100,True,1.40266,True,0.0324999,0.00514908,kenya pen=0.5 phi=0.5 tou
205,240,300,100,True,1.41691,True,0.0184862,0.00305811,kenya pen=0.5 phi=0.5 tou
205,260,300,100,True,1.43176,True,0.0124249,0.00214044,kenya pen=0.5 phi=0.5 tou
205,280,300,100,True,1.44682,True,0.00973519,0.00164096,kenya pen=0.5 phi=0.5 tou
205,300,300,100,True,1.46196,True,0.00796516,0.00129106,kenya pen=0.5 phi=0.5 tou
205,320,300,100,True,1.47714,True,0.00650392,0.00101025,kenya pen=0.5 phi=0.5 tou
205,340,300,100,True,1.49235,True,0.00538126,0.000780359,kenya pen=0.5 phi=0.5 tou
205,360,300,100,True,1.50758,True,0.00435763,0.000594987,kenya pen=0.5 phi=0.5 tou
205,380,300,100,True,1.52283,True,0.00344201,0.000442612,kenya pen=0.5 phi=0.5 tou
205,400,300,100,True,1.5381,True,0.00267128,0.000325746,kenya pen=0.5 phi=0.5 tou
205,420,300,100,True,1.55338,True,0.00202803,0.000232848,kenya pen=0.5 phi=0.5 tou
205,440,300,100,True,1.56868,True,0.00153979,0.000160295,kenya pen=0.5 phi=0.5 tou
205,460,300,100,True,1.58398,True,0.0011672,0.00010824,kenya pen=0.5 phi=0.5 tou
205,480,300,100,True,1.59929,True,0.000807649,6.58998e-05,kenya pen=0.5 phi=0.5 tou
205,500,300,100,True,1.61461,True,0.000528153,4.03622e-05,kenya pen=0.5 phi=0.5 tou
205,520,300,100,True,1.62993,True,0.000248646,1.90019e-05,kenya pen=0.5 phi=0.5 tou
205,540,300,100,True,1.64526,True,3.20911e-05,2.45245e-06,kenya pen=0.5 phi=0.5 tou
205,560,300,100,True,1.66059,True,6.06853e-19,3.65407e-19,kenya pen=0.5 phi=0.5 tou
205,580,300,100,True,1.67592,True,6.06853e-19,3.65407e-19,kenya pen=0.5 phi=0.5 tou
205,600,300,100,True,1.69125,True,6.06853e-19,3.65407e-19,kenya pen=0.5 phi=0.5 tou
205,620,300,100,True,1.70659,True,6.06853e-19,3.65407e-19,kenya pen=0.5 phi=0.5 tou
205,640,300,100,True,1.72192,True,6.06853e-19,3.65407e-19,kenya pen=0.5 phi=0.5 tou
205,660,300,100,True,1.73725,True,6.06853e-19,3.65407e-19,kenya pen=0.5 phi=0.5 tou
205,680,300,100,True,1.75259,True,6.06853e-19,3.65407e-19,kenya pen=0.5 phi=0.5 tou
205,700,300,100,True,1.76792,True,6.06853e-19,3.65407e-19,kenya pen=0.5 phi=0.5 tou
205,720,300,100,True,1.78325,True,6.06853e-19,3.65407e-19,kenya pen=0.5 phi=0.5 tou
205,740,300,100,True,1.79858,True,6.06853e-19,3.65407e-19,kenya pen=0.5 phi=0.5 tou
205,760,300,100,True,1.81392,True,6.06853e-19,3.65407e-19,kenya pen=0.5 phi=0.5 tou
205,780,300,100,True,1.82925,True,6.06853e-19,3.65407e-19,kenya pen=0.5 phi=0.5 tou
205,800,300,100,True,1.84458,True,6.06853e-19,3.65407e-19,kenya pen=0.5 phi=0.5 tou
205,820,300,100,True,1.85991,True,6.06853e-19,3.65407e-19,kenya pen=0.5 phi=0.5 tou
205,840,300,100,True,1.87525,True,6.06853e-19,3.65407e-19,kenya pen=0.5 phi=0.5 tou
205,860,300,100,True,1.89058,True,6.06853e-19,3.65407e-19,kenya pen=0.5 phi=0.5 tou
205,880,300,100,True,1.90591,True,6.06853e-19,3.65407e-19,kenya pen=0.5 phi=0.5 tou
205,900,300,100,True,1.92125,True,6.06853e-19,3.65407e-19,kenya pen=0.5 phi=0.5 tou
205,920,300,100,True,1.93658,True,6.06853e-19,3.65407e-19,kenya pen=0.5 phi=0.5 tou
205,940,300,100,True,1.95191,True,6.06853e-19,3.65407e-19,kenya pen=0.5 phi=0.5 tou
205,960,300,100,True,1.96724,True,6.06853e-19,3.65407e-19,kenya pen=0.5 phi=0.5 tou
205,980,300,100,True,1.98258,True,6.06853e-19,3.65407e-19,kenya pen=0.5 phi=0.5 tou
205,1000,300,100,True,1.99791,True,6.06853e-19,3.65407e-19,kenya pen=0.5 phi=0.5 tou
205,1020,300,100,True,2.01324,True,6.06853e-19,3.65407e-19,kenya pen=0.5 phi=0.5 tou
205,1040,300,100,True,2.02857,True,6.06853e-19,3.65407e-19,kenya pen=0.5 phi=0.5 tou
205,1060,300,100,True,2.04391,True,6.06853e-19,3.65407e-19,kenya pen=0.5 phi=0.5 tou
205,1080,300,100,True,2.05924,True,6.06853e-19,3.65407e-19,kenya pen=0.5 phi=0.5 tou
205,1100,300,100,True,2.07457,True,6.06853e-19,3.65407e-19,kenya pen=0.5 phi=0.5 tou
205,1120,300,100,True,2.08991,True,6.06853e-19,3.65407e-19,kenya pen=0.5 phi=0.5 tou
205,1140,300,100,True,2.10524,True,6.06853e-19,3.65407e-19,kenya pen=0.5 phi=0.5 tou
205,1160,300,100,True,2.12057,True,6.06853e-19,3.65407e-19,kenya pen=0.5 phi=0.5 tou
205,1180,300,100,True,2.1359,True,6.06853e-19,3.65407e-19,kenya pen=0.5 phi=0.5 tou
205,1200,300,100,True,2.15124,True,6.06853e-19,3.65407e-19,kenya pen=0.5 phi=0.5 tou
205,1220,300,100,True,2.16657,True,6.06853e-19,3.65407e-19,kenya pen=0.5 phi=0.5 tou
205,1240,300,100,True,2.1819,True,6.06853e-19,3.65407e-19,kenya pen=0.5 phi=0.5 tou
205,1260,300,100,True,2.19723,True,6.06853e-19,3.65407e-19,kenya pen=0.5 phi=0.5 tou
205,1280,300,100,True,2.21257,True,6.06853e-19,3.65407e-19,kenya pen=0.5 phi=0.5 tou
205,1300,300,100,True,2.2279,True,6.06853e-19,3.65407e-19,kenya pen=0.5 phi=0.5 tou
205,1320,300,100,True,2.24323,True,6.06853e-19,3.65407e-19,kenya pen=0.5 phi=0.5 tou
205,1340,300,100,True,2.25857,True,6.06853e-19,3.65407e-19,kenya pen=0.5 phi=0.5 tou
205,1360,300,100,True,2.2739,True,6.06853e-19,3.65407e-19,kenya pen=0.5 phi=0.5 tou
205,1380,300,100,True,2.28923,True,6.06853e-19,3.65407e-19,kenya pen=0.5 phi=0.5 tou
205,1400,300,100,True,2.30456,True,6.06853e-19,3.65407e-19,kenya pen=0.5 phi=0.5 tou
210,0,300,100,True,1.79106,False,0.340498,0.315021,kenya pen=0.5 phi=0.5 tou
210,20,300,100,True,1.67572,False,0.310644,0.267811,kenya pen=0.5 phi=0.5 tou
210,40,300,100,True,1.57743,False,0.283319,0.221375,kenya pen=0.5 phi=0.5 tou
210,60,300,100,True,1.4922,False,0.25612,0.175034,kenya pen=0.5 phi=0.5 tou
210,80,300,100,True,1.4285,False,0.228984,0.13125,kenya pen=0.5 phi=0.5 tou
210,100,300,100,True,1.39437,False,0.201837,0.0943449,kenya pen=0.5 phi=0.5 tou
210,120,300,100,True,1.37918,False,0.174533,0.064969,kenya pen=0.5 phi=0.5 tou
210,140,300,100,True,1.37738,False,0.14649,0.0438238,kenya pen=0.5 phi=0.5 tou
210,160,300,100,True,1.38243,False,0.117183,0.0283664,kenya pen=0.5 phi=0.5 tou
210,180,300,100,True,1.39102,False,0.0868394,0.016974,kenya pen=0.5 phi=0.5 tou
210,200,300,100,True,1.40211,False,0.0561442,0.00923953,kenya pen=0.5 phi=0.5 tou
210,220,300,100,True,1.4151,True,0.0305,0.00476352,kenya pen=0.5 phi=0.5 tou
210,240,300,100,True,1.42939,True,0.0169097,0.00274717,kenya pen=0.5 phi=0.5 tou
210,260,300,100,True,1.44427,True,0.0111942,0.0018884,kenya pen=0.5 phi=0.5 tou
210,280,300,100,True,1.45935,True,0.0086304,0.00142931,kenya pen=0.5 phi=0.5 tou
210,300,300,100,True,1.47451,True,0.006968,0.00111717,kenya pen=0.5 phi=0.5 tou
210,320,300,100,True,1.4897,True,0.00567476,0.00085755,kenya pen=0.5 phi=0.5 tou
210,340,300,100,True,1.50493,True,0.00465465,0.00066025,kenya pen=0.5 phi=0.5 tou
210,360,300,100,True,1.52017,True,0.00372391,0.000498753,kenya pen=0.5 phi=0.5 tou
210,380,300,100,True,1.53543,True,0.00288767,0.000365031,kenya pen=0.5 phi=0.5 tou
210,400,300,100,True,1.55071,True,0.00222151,0.000266308,kenya pen=0.5 phi=0.5 tou
210,420,300,100,True,1.566,True,0.00167619,0.000182224,kenya pen=0.5 phi=0.5 tou
210,440,300,100,True,1.5813,True,0.00130362,0.000125131,kenya pen=0.5 phi=0.5 tou
210,460,300,100,True,1.59661,True,0.000931009,8.12796e-05,kenya pen=0.5 phi=0.5 tou
210,480,300,100,True,1.61192,True,0.000612765,4.79559e-05,kenya pen=0.5 phi=0.5 tou
210,500,300,100,True,1.62724,True,0.000333261,2.54683e-05,kenya pen=0.5 phi=0.5 tou
210,520,300,100,True,1.64256,True,7.06005e-05,5.3954e-06,kenya pen=0.5 phi=0.5 tou
210,540,300,100,True,1.65789,True,5.15167e-19,3.73968e-19,kenya pen=0.5 phi=0.5 tou
210,560,300,100,True,1.67323,True,5.15167e-19,3.73968e-19,kenya pen=0.5 phi=0.5 tou
210,580,300,100,True,1.68856,True,5.15167e-19,3.73968e-19,kenya pen=0.5 phi=0.5 tou
210,600,300,100,True,1.70389,True,5.15167e-19,3.73968e-19,kenya pen=0.5 phi=0.5 tou
210,620,300,100,True,1.71922,True,5.15167e-19,3.73968e-19,kenya pen=0.5 phi=0.5 tou
210,640,300,100,True,1.73456,True,5.15167e-19,3.73968e-19,kenya pen=0.5 phi=0.5 tou
210,660,300,100,True,1.74989,True,5.15167e-19,3.73968e-19,kenya pen=0.5 phi=0.5 tou
210,680,300,100,True,1.76522,True,5.15167e-19,3.73968e-19,kenya pen=0.5 phi=0.5 tou
210,700,300,100,True,1.78056,True,5.15167e-19,3.73968e-19,kenya pen=0.5 phi=0.5 tou
210,720,300,100,True,1.79589,True,5.15167e-19,3.73968e-19,kenya pen=0.5 phi=0.5 tou
210,740,300,100,True,1.81122,True,5.15167e-19,3.73968e-19,kenya pen=0.5 phi=0.5 tou
210,760,300,100,True,1.82655,True,5.15167e-19,3.73968e-19,kenya pen=0.5 phi=0.5 tou
210,780,300,100,True,1.84189,True,5.15167e-19,3.73968e-19,kenya pen=0.5 phi=0.5 tou
210,800,300,100,True,1.85722,True,5.15167e-19,3.73968e-19,kenya pen=0.5 phi=0.5 tou
210,820,300,100,True,1.87255,True,5.15167e-19,3.73968e-19,kenya pen=0.5 phi=0.5 tou
210,840,300,100,True,1.88788,True,5.15167e-19,3.73968e-19,kenya pen=0.5 phi=0.5 tou
210,860,300,100,True,1.90322,True,5.15167e-19,3.73968e-19,kenya pen=0.5 phi=0.5 tou
210,880,300,100,True,1.91855,True,5.15167e-19,3.73968e-19,kenya pen=0.5 phi=0.5 tou
210,900,300,100,True,1.93388,True,5.15167e-19,3.73968e-19,kenya pen=0.5 phi=0.5 tou
210,920,300,100,True,1.94922,True,5.15167e-19,3.73968e-19,kenya pen=0.5 phi=0.5 tou
210,940,300,100,True,1.96455,True,5.15167e-19,3.73968e-19,kenya pen=0.5 phi=0.5 tou
210,960,300,100,True,1.97988,True,5.15167e-19,3.73968e-19,kenya pen=0.5 phi=0.5 tou
210,980,300,100,True,1.99521,True,5.15167e-19,3.73968e-19,kenya pen=0.5 phi=0.5 tou
210,1000,300,100,True,2.01055,True,5.15167e-19,3.73968e-19,kenya pen=0.5 phi=0.5 tou
210,1020,300,100,True,2.02588,True,5.15167e-19,3.73968e-19,kenya pen=0.5 phi=0.5 tou
210,1040,300,100,True,2.04121,True,5.15167e-19,3.73968e-19,kenya pen=0.5 phi=0.5 tou
210,1060,300,100,True,2.05654,True,5.15167e-19,3.73968e-19,kenya pen=0.5 phi=0.5 tou
210,1080,300,100,True,2.07188,True,5.15167e-19,3.73968e-19,kenya pen=0.5 phi=0.5 tou
210,1100,300,100,True,2.08721,True,5.15167e-19,3.73968e-19,kenya pen=0.5 phi=0.5 tou
210,1120,300,100,True,2.10254,True,5.15167e-19,3.73968e-19,kenya pen=0.5 phi=0.5 tou
210,1140,300,100,True,2.11788,True,5.15167e-19,3.73968e-19,kenya pen=0.5 phi=0.5 tou
210,1160,300,100,True,2.13321,True,5.15167e-19,3.73968e-19,kenya pen=0.5 phi=0.5 tou
210,1180,300,100,True,2.14854,True,5.15167e-19,3.73968e-19,kenya pen=0.5 phi=0.5 tou
210,1200,300,100,True,2.16387,True,5.15167e-19,3.73968e-19,kenya pen=0.5 phi=0.5 tou
210,1220,300,100,True,2.17921,True,5.15167e-19,3.73968e-19,kenya pen=0.5 phi=0.5 tou
210,1240,300,100,True,2.19454,True,5.15167e-19,3.73968e-19,kenya pen=0.5 phi=0.5 tou
210,1260,300,100,True,2.20987,True,5.15167e-19,3.73968e-19,kenya pen=0.5 phi=0.5 tou
210,1280,300,100,True,2.2252,True,5.15167e-19,3.73968e-19,kenya pen=0.5 phi=0.5 tou
210,1300,300,100,True,2.24054,True,5.15167e-19,3.73968e-19,kenya pen=0.5 phi=0.5 tou
210,1320,300,100,True,2.25587,True,5.15167e-19,3.73968e-19,kenya pen=0.5 phi=0.5 tou
210,1340,300,100,True,2.2712,True,5.15167e-19,3.73968e-19,kenya pen=0.5 phi=0.5 tou
210,1360,300,100,True,2.28654,True,5.15167e-19,3.73968e-19,kenya pen=0.5 phi=0.5 tou
210,1380,300,100,True,2.30187,True,5.15167e-19,3.73968e-19,kenya pen=0.5 phi=0.5 tou
210,1400,300,100,True,2.3172,True,5.15167e-19,3.73968e-19,kenya pen=0.5 phi=0.5 tou
215,0,300,100,True,1.80672,False,0.338551,0.313816,kenya pen=0.5 phi=0.5 tou
215,20,300,100,True,1.69042,False,0.308918,0.266675,kenya pen=0.5 phi=0.5 tou
215,40,300,100,True,1.59122,False,0.281558,0.220235,kenya pen=0.5 phi=0.5 tou
215,60,300,100,True,1.50518,False,0.254357,0.173888,kenya pen=0.5 phi=0.5 tou
215,80,300,100,True,1.44101,False,0.227208,0.130137,kenya pen=0.5 phi=0.5 tou
215,100,300,100,True,1.4067,False,0.200063,0.0933022,kenya pen=0.5 phi=0.5 tou
215,120,300,100,True,1.39146,False,0.172737,0.0640426,kenya pen=0.5 phi=0.5 tou
215,140,300,100,True,1.38971,False,0.144619,0.0430398,kenya pen=0.5 phi=0.5 tou
215,160,300,100,True,1.39479,False,0.115251,0.027689,kenya pen=0.5 phi=0.5 tou
215,180,300,100,True,1.4034,False,0.0848223,0.0164008,kenya pen=0.5 phi=0.5 tou
215,200,300,100,True,1.41453,False,0.0541556,0.00878472,kenya pen=0.5 phi=0.5 tou
215,220,300,100,True,1.42757,True,0.0287819,0.00441967,kenya pen=0.5 phi=0.5 tou
215,240,300,100,True,1.44188,True,0.015386,0.00246965,kenya pen=0.5 phi=0.5 tou
215,260,300,100,True,1.45678,True,0.00999473,0.00166104,kenya pen=0.5 phi=0.5 tou
215,280,300,100,True,1.47189,True,0.00759159,0.00124754,kenya pen=0.5 phi=0.5 tou
215,300,300,100,True,1.48707,True,0.00608152,0.000959123,kenya pen=0.5 phi=0.5 tou
215,320,300,100,True,1.50228,True,0.00497624,0.000736496,kenya pen=0.5 phi=0.5 tou
215,340,300,100,True,1.51751,True,0.00404558,0.000565597,kenya pen=0.5 phi=0.5 tou
215,360,300,100,True,1.53276,True,0.00316019,0.00041556,kenya pen=0.5 phi=0.5 tou
215,380,300,100,True,1.54803,True,0.00242576,0.000302673,kenya pen=0.5 phi=0.5 tou
215,400,300,100,True,1.56332,True,0.00182556,0.000212032,kenya pen=0.5 phi=0.5 tou
215,420,300,100,True,1.57861,True,0.00144054,0.000145315,kenya pen=0.5 phi=0.5 tou
215,440,300,100,True,1.59392,True,0.00106794,9.92805e-05,kenya pen=0.5 phi=0.5 tou
215,460,300,100,True,1.60923,True,0.000697849,5.85417e-05,kenya pen=0.5 phi=0.5 tou
215,480,300,100,True,1.62455,True,0.000418355,3.19713e-05,kenya pen=0.5 phi=0.5 tou
215,500,300,100,True,1.63987,True,0.000138848,1.0611e-05,kenya pen=0.5 phi=0.5 tou
215,520,300,100,True,1.6552,True,1.14398e-05,8.74249e-07,kenya pen=0.5 phi=0.5 tou
215,540,300,100,True,1.67053,True,5.9245e-19,3.69593e-19,kenya pen=0.5 phi=0.5 tou
215,560,300,100,True,1.68586,True,5.9245e-19,3.69593e-19,kenya pen=0.5 phi=0.5 tou
215,580,300,100,True,1.7012,True,5.9245e-19,3.69593e-19,kenya pen=0.5 phi=0.5 tou
215,600,300,100,True,1.71653,True,5.9245e-19,3.69593e-19,kenya pen=0.5 phi=0.5 tou
215,620,300,100,True,1.73186,True,5.9245e-19,3.69593e-19,kenya pen=0.5 phi=0.5 tou
215,640,300,100,True,1.7472,True,5.9245e-19,3.69593e-19,kenya pen=0.5 phi=0.5 tou
215,660,300,100,True,1.76253,True,5.9245e-19,3.69593e-19,kenya pen=0.5 phi=0.5 tou
215,680,300,100,True,1.77786,True,5.9245e-19,3.69593e-19,kenya pen=0.5 phi=0.5 tou
215,700,300,100,True,1.79319,True,5.9245e-19,3.69593e-19,kenya pen=0.5 phi=0.5 tou
215,720,300,100,True,1.80853,True,5.9245e-19,3.69593e-19,kenya pen=0.5 phi=0.5 tou
215,740,300,100,True,1.82386,True,5.9245e-19,3.69593e-19,kenya pen=0.5 phi=0.5 tou
215,760,300,100,True,1.83919,True,5.9245e-19,3.69593e-19,kenya pen=0.5 phi=0.5 tou
215,780,300,100,True,1.85452,True,5.9245e-19,3.69593e-19,kenya pen=0.5 phi=0.5 tou
215,800,300,100,True,1.86986,True,5.9245e-19,3.69593e-19,kenya pen=0.5 phi=0.5 tou
215,820,300,100,True,1.88519,True,5.9245e-19,3.69593e-19,kenya pen=0.5 phi=0.5 tou
215,840,300,100,True,1.90052,True,5.9245e-19,3.69593e-19,kenya pen=0.5 phi=0.5 tou
215,860,300,100,True,1.91586,True,5.9245e-19,3.69593e-19,kenya pen=0.5 phi=0.5 tou
215,880,300,100,True,1.93119,True,5.9245e-19,3.69593e-19,kenya pen=0.5 phi=0.5 tou
215,900,300,100,True,1.94652,True,5.9245e-19,3.69593e-19,kenya pen=0.5 phi=0.5 tou
215,920,300,100,True,1.96185,True,5.9245e-19,3.69593e-19,kenya pen=0.5 phi=0.5 tou
215,940,300,100,True,1.97719,True,5.9245e-19,3.69593e-19,kenya pen=0.5 phi=0.5 tou
215,960,300,100,True,1.99252,True,5.9245e-19,3.69593e-19,kenya pen=0.5 phi=0.5 tou
215,980,300,100,True,2.00785,True,5.9245e-19,3.69593e-19,kenya pen=0.5 phi=0.5 tou
215,1000,300,100,True,2.02318,True,5.9245e-19,3.69593e-19,kenya pen=0.5 phi=0.5 tou
215,1020,300,100,True,2.03852,True,5.9245e-19,3.69593e-19,kenya pen=0.5 phi=0.5 tou
215,1040,300,100,True,2.05385,True,5.9245e-19,3.69593e-19,kenya pen=0.5 phi=0.5 tou
215,1060,300,100,True,2.06918,True,5.9245e-19,3.69593e-19,kenya pen=0.5 phi=0.5 tou
215,1080,300,100,True,2.08452,True,5.9245e-19,3.69593e-19,kenya pen=0.5 phi=0.5 tou
215,1100,300,100,True,2.09985,True,5.9245e-19,3.69593e-19,kenya pen=0.5 phi=0.5 tou
215,1120,300,100,True,2.11518,True,5.9245e-19,3.69593e-19,kenya pen=0.5 phi=0.5 tou
215,1140,300,100,True,2.13051,True,5.9245e-19,3.69593e-19,kenya pen=0.5 phi=0.5 tou
215,1160,300,100,True,2.14585,True,5.9245e-19,3.69593e-19,kenya pen=0.5 phi=0.5 tou
215,1180,300,100,True,2.16118,True,5.9245e-19,3.69593e-19,kenya pen=0.5 phi=0.5 tou
215,1200,300,100,True,2.17651,True,5.9245e-19,3.69593e-19,kenya pen=0.5 phi=0.5 tou
215,1220,300,100,True,2.19184,True,5.9245e-19,3.69593e-19,kenya pen=0.5 phi=0.5 tou
215,1240,300,100,True,2.20718,True,5.9245e-19,3.69593e-19,kenya pen=0.5 phi=0.5 tou
215,1260,300,100,True,2.22251,True,5.9245e-19,3.69593e-19,kenya pen=0.5 phi=0.5 tou
215,1280,300,100,True,2.23784,True,5.9245e-19,3.69593e-19,kenya pen=0.5 phi=0.5 tou
215,1300,300,100,True,2.25318,True,5.9245e-19,3.69593e-19,kenya pen=0.5 phi=0.5 tou
215,1320,300,100,True,2.26851,True,5.9245e-19,3.69593e-19,kenya pen=0.5 phi=0.5 tou
215,1340,300,100,True,2.28384,True,5.9245e-19,3.69593e-19,kenya pen=0.5 phi=0.5 tou
215,1360,300,100,True,2.29917,True,5.9245e-19,3.69593e-19,kenya pen=0.5 phi=0.5 tou
215,1380,300,100,True,2.31451,True,5.9245e-19,3.69593e-19,kenya pen=0.5 phi=0.5 tou
215,1400,300,100,True,2.32984,True,5.9245e-19,3.69593e-19,kenya pen=0.5 phi=0.5 tou
220,0,300,100,True,1.82245,False,0.336712,0.312671,kenya pen=0.5 phi=0.5 tou
220,20,300,100,True,1.70519,False,0.307279,0.265596,kenya pen=0.5 phi=0.5 tou
220,40,300,100,True,1.60506,False,0.279896,0.21915,kenya pen=0.5 phi=0.5 tou
220,60,300,100,True,1.51821,False,0.252695,0.172797,kenya pen=0.5 phi=0.5 tou
220,80,300,100,True,1.45357,False,0.225531,0.129077,kenya pen=0.5 phi=0.5 tou
220,100,300,100,True,1.41906,False,0.198388,0.0923105,kenya pen=0.5 phi=0.5 tou
220,120,300,100,True,1.40377,False,0.171056,0.0631645,kenya pen=0.5 phi=0.5 tou
220,140,300,100,True,1.40206,False,0.142859,0.042299,kenya pen=0.5 phi=0.5 tou
220,160,300,100,True,1.40716,False,0.113444,0.0270536,kenya pen=0.5 phi=0.5 tou
220,180,300,100,True,1.41579,False,0.0829271,0.0158678,kenya pen=0.5 phi=0.5 tou
220,200,300,100,True,1.42697,False,0.0523168,0.00836317,kenya pen=0.5 phi=0.5 tou
220,220,300,100,True,1.44005,True,0.0272378,0.00411712,kenya pen=0.5 phi=0.5 tou
220,240,300,100,True,1.4544,True,0.0140951,0.00223693,kenya pen=0.5 phi=0.5 tou
220,260,300,100,True,1.46932,True,0.0088967,0.00146599,kenya pen=0.5 phi=0.5 tou
220,280,300,100,True,1.48444,True,0.00667243,0.0010829,kenya pen=0.5 phi=0.5 tou
220,300,300,100,True,1.49963,True,0.00532261,0.000822338,kenya pen=0.5 phi=0.5 tou
220,320,300,100,True,1.51486,True,0.0043681,0.000636287,kenya pen=0.5 phi=0.5 tou
220,340,300,100,True,1.5301,True,0.00344013,0.000472872,kenya pen=0.5 phi=0.5 tou
220,360,300,100,True,1.54536,True,0.00263071,0.000343108,kenya pen=0.5 phi=0.5 tou
220,380,300,100,True,1.56064,True,0.00204362,0.000248365,kenya pen=0.5 phi=0.5 tou
220,400,300,100,True,1.57593,True,0.00157808,0.000170751,kenya pen=0.5 phi=0.5 tou
220,420,300,100,True,1.59124,True,0.00120549,0.000118188,kenya pen=0.5 phi=0.5 tou
220,440,300,100,True,1.60655,True,0.000832875,7.52587e-05,kenya pen=0.5 phi=0.5 tou
220,460,300,100,True,1.62186,True,0.000504036,4.06957e-05,kenya pen=0.5 phi=0.5 tou
220,480,300,100,True,1.63718,True,0.000231901,1.77222e-05,kenya pen=0.5 phi=0.5 tou
220,500,300,100,True,1.65251,True,6.46434e-05,4.94014e-06,kenya pen=0.5 phi=0.5 tou
220,520,300,100,True,1.66784,True,5.06736e-19,3.60671e-19,kenya pen=0.5 phi=0.5 tou
220,540,300,100,True,1.68317,True,5.06736e-19,3.60671e-19,kenya pen=0.5 phi=0.5 tou
220,560,300,100,True,1.6985,True,5.06736e-19,3.60671e-19,kenya pen=0.5 phi=0.5 tou
220,580,300,100,True,1.71384,True,5.06736e-19,3.60671e-19,kenya pen=0.5 phi=0.5 tou
220,600,300,100,True,1.72917,True,5.06736e-19,3.60671e-19,kenya pen=0.5 phi=0.5 tou
220,620,300,100,True,1.7445,True,5.06736e-19,3.60671e-19,kenya pen=0.5 phi=0.5 tou
220,640,300,100,True,1.75983,True,5.06736e-19,3.60671e-19,kenya pen=0.5 phi=0.5 tou
220,660,300,100,True,1.77517,True,5.06736e-19,3.60671e-19,kenya pen=0.5 phi=0.5 tou
220,680,300,100,True,1.7905,True,5.06736e-19,3.60671e-19,kenya pen=0.5 phi=0.5 tou
220,700,300,100,True,1.80583,True,5.06736e-19,3.60671e-19,kenya pen=0.5 phi=0.5 tou
220,720,300,100,True,1.82116,True,5.06736e-19,3.60671e-19,kenya pen=0.5 phi=0.5 tou
220,740,300,100,True,1.8365,True,5.06736e-19,3.60671e-19,kenya pen=0.5 phi=0.5 tou
220,760,300,100,True,1.85183,True,5.06736e-19,3.60671e-19,kenya pen=0.5 phi=0.5 tou
220,780,300,100,True,1.86716,True,5.06736e-19,3.60671e-19,kenya pen=0.5 phi=0.5 tou
220,800,300,100,True,1.8825,True,5.06736e-19,3.60671e-19,kenya pen=0.5 phi=0.5 tou
220,820,300,100,True,1.89783,True,5.06736e-19,3.60671e-19,kenya pen=0.5 phi=0.5 tou
220,840,300,100,True,1.91316,True,5.06736e-19,3.60671e-19,kenya pen=0.5 phi=0.5 tou
220,860,300,100,True,1.92849,True,5.06736e-19,3.60671e-19,kenya pen=0.5 phi=0.5 tou
220,880,300,100,True,1.94383,True,5.06736e-19,3.60671e-19,kenya pen=0.5 phi=0.5 tou
220,900,300,100,True,1.95916,True,5.06736e-19,3.60671e-19,kenya pen=0.5 phi=0.5 tou
220,920,300,100,True,1.97449,True,5.06736e-19,3.60671e-19,kenya pen=0.5 phi=0.5 tou
220,940,300,100,True,1.98982,True,5.06736e-19,3.60671e-19,kenya pen=0.5 phi=0.5 tou
220,960,300,100,True,2.00516,True,5.06736e-19,3.60671e-19,kenya pen=0.5 phi=0.5 tou
220,980,300,100,True,2.02049,True,5.06736e-19,3.60671e-19,kenya pen=0.5 phi=0.5 tou
220,1000,300,100,True,2.03582,True,5.06736e-19,3.60671e-19,kenya pen=0.5 phi=0.5 tou
220,1020,300,100,True,2.05116,True,5.06736e-19,3.60671e-19,kenya pen=0.5 phi=0.5 tou
220,1040,300,100,True,2.06649,True,5.06736e-19,3.60671e-19,kenya pen=0.5 phi=0.5 tou
220,1060,300,100,True,2.08182,True,5.06736e-19,3.60671e-19,kenya pen=0.5 phi=0.5 tou
220,1080,300,100,True,2.09715,True,5.06736e-19,3.60671e-19,kenya pen=0.5 phi=0.5 tou
220,1100,300,100,True,2.11249,True,5.06736e-19,3.60671e-19,kenya pen=0.5 phi=0.5 tou
220,1120,300,100,True,2.12782,True,5.06736e-19,3.60671e-19,kenya pen=0.5 phi=0.5 tou
220,1140,300,100,True,2.14315,True,5.06736e-19,3.60671e-19,kenya pen=0.5 phi=0.5 tou
220,1160,300,100,True,2.15848,True,5.06736e-19,3.60671e-19,kenya pen=0.5 phi=0.5 tou
220,1180,300,100,True,2.17382,True,5.06736e-19,3.60671e-19,kenya pen=0.5 phi=0.5 tou
220,1200,300,100,True,2.18915,True,5.06736e-19,3.60671e-19,kenya pen=0.5 phi=0.5 tou
220,1220,300,100,True,2.20448,True,5.06736e-19,3.60671e-19,kenya pen=0.5 phi=0.5 tou
220,1240,300,100,True,2.21982,True,5.06736e-19,3.60671e-19,kenya pen=0.5 phi=0.5 tou
220,1260,300,100,True,2.23515,True,5.06736e-19,3.60671e-19,kenya pen=0.5 phi=0.5 tou
220,1280,300,100,True,2.25048,True,5.06736e-19,3.60671e-19,kenya pen=0.5 phi=0.5 tou
220,1300,300,100,True,2.26581,True,5.06736e-19,3.60671e-19,kenya pen=0.5 phi=0.5 tou
220,1320,300,100,True,2.28115,True,5.06736e-19,3.60671e-19,kenya pen=0.5 phi=0.5 tou
220,1340,300,100,True,2.29648,True,5.06736e-19,3.60671e-19,kenya pen=0.5 phi=0.5 tou
220,1360,300,100,True,2.31181,True,5.06736e-19,3.60671e-19,kenya pen=0.5 phi=0.5 tou
220,1380,300,100,True,2.32714,True,5.06736e-19,3.60671e-19,kenya pen=0.5 phi=0.5 tou
220,1400,300,100,True,2.34248,True,5.06736e-19,3.60671e-19,kenya pen=0.5 phi=0.5 tou
225,0,300,100,True,1.83826,False,0.334971,0.311582,kenya pen=0.5 phi=0.5 tou
225,20,300,100,True,1.72001,False,0.305732,0.264564,kenya pen=0.5 phi=0.5 tou
225,40,300,100,True,1.61896,False,0.278352,0.218116,kenya pen=0.5 phi=0.5 tou
225,60,300,100,True,1.53128,False,0.251152,0.171758,kenya pen=0.5 phi=0.5 tou
225,80,300,100,True,1.46616,False,0.223972,0.128067,kenya pen=0.5 phi=0.5 tou
225,100,300,100,True,1.43145,False,0.19683,0.0913672,kenya pen=0.5 phi=0.5 tou
225,120,300,100,True,1.41611,False,0.169494,0.0623302,kenya pen=0.5 phi=0.5 tou
225,140,300,100,True,1.41444,False,0.141252,0.0415978,kenya pen=0.5 phi=0.5 tou
225,160,300,100,True,1.41955,False,0.111752,0.0264543,kenya pen=0.5 phi=0.5 tou
225,180,300,100,True,1.42821,False,0.0811705,0.0153747,kenya pen=0.5 phi=0.5 tou
225,200,300,100,True,1.43942,False,0.0505901,0.00797526,kenya pen=0.5 phi=0.5 tou
225,220,300,100,True,1.45255,True,0.0258415,0.00384144,kenya pen=0.5 phi=0.5 tou
225,240,300,100,True,1.46693,True,0.0130431,0.00203209,kenya pen=0.5 phi=0.5 tou
225,260,300,100,True,1.48187,True,0.00796308,0.00130119,kenya pen=0.5 phi=0.5 tou
225,280,300,100,True,1.49701,True,0.00593215,0.000946913,kenya pen=0.5 phi=0.5 tou
225,300,300,100,True,1.51221,True,0.00469989,0.000719141,kenya pen=0.5 phi=0.5 tou
225,320,300,100,True,1.52745,True,0.00376155,0.000546165,kenya pen=0.5 phi=0.5 tou
225,340,300,100,True,1.5427,True,0.00288312,0.000398022,kenya pen=0.5 phi=0.5 tou
225,360,300,100,True,1.55797,True,0.00227009,0.00029232,kenya pen=0.5 phi=0.5 tou
225,380,300,100,True,1.57326,True,0.00171819,0.000203798,kenya pen=0.5 phi=0.5 tou
225,400,300,100,True,1.58856,True,0.00134362,0.000141152,kenya pen=0.5 phi=0.5 tou
225,420,300,100,True,1.60386,True,0.000971019,9.41256e-05,kenya pen=0.5 phi=0.5 tou
225,440,300,100,True,1.61917,True,0.000598401,5.19952e-05,kenya pen=0.5 phi=0.5 tou
225,460,300,100,True,1.63449,True,0.000331116,2.53044e-05,kenya pen=0.5 phi=0.5 tou
225,480,300,100,True,1.64982,True,0.000144773,1.10637e-05,kenya pen=0.5 phi=0.5 tou
225,500,300,100,True,1.66514,True,2.5169e-05,1.92345e-06,kenya pen=0.5 phi=0.5 tou
225,520,300,100,True,1.68047,True,5.88235e-19,3.68897e-19,kenya pen=0.5 phi=0.5 tou
225,540,300,100,True,1.69581,True,5.88235e-19,3.68897e-19,kenya pen=0.5 phi=0.5 tou
225,560,300,100,True,1.71114,True,5.88235e-19,3.68897e-19,kenya pen=0.5 phi=0.5 tou
225,580,300,100,True,1.72647,True,5.88235e-19,3.68897e-19,kenya pen=0.5 phi=0.5 tou
225,600,300,100,True,1.74181,True,5.88235e-19,3.68897e-19,kenya pen=0.5 phi=0.5 tou
225,620,300,100,True,1.75714,True,5.88235e-19,3.68897e-19,kenya pen=0.5 phi=0.5 tou
225,640,300,100,True,1.77247,True,5.88235e-19,3.68897e-19,kenya pen=0.5 phi=0.5 tou
225,660,300,100,True,1.7878,True,5.88235e-19,3.68897e-19,kenya pen=0.5 phi=0.5 tou
225,680,300,100,True,1.80314,True,5.88235e-19,3.68897e-19,kenya pen=0.5 phi=0.5 tou
225,700,300,100,True,1.81847,True,5.88235e-19,3.68897e-19,kenya pen=0.5 phi=0.5 tou
225,720,300,100,True,1.8338,True,5.88235e-19,3.68897e-19,kenya pen=0.5 phi=0.5 tou
225,740,300,100,True,1.84913,True,5.88235e-19,3.68897e-19,kenya pen=0.5 phi=0.5 tou
225,760,300,100,True,1.86447,True,5.88235e-19,3.68897e-19,kenya pen=0.5 phi=0.5 tou
225,780,300,100,True,1.8798,True,5.88235e-19,3.68897e-19,kenya pen=0.5 phi=0.5 tou
225,800,300,100,True,1.89513,True,5.88235e-19,3.68897e-19,kenya pen=0.5 phi=0.5 tou
225,820,300,100,True,1.91047,True,5.88235e-19,3.68897e-19,kenya pen=0.5 phi=0.5 tou
225,840,300,100,True,1.9258,True,5.88235e-19,3.68897e-19,kenya pen=0.5 phi=0.5 tou
225,860,300,100,True,1.94113,True,5.88235e-19,3.68897e-19,kenya pen=0.5 phi=0.5 tou
225,880,300,100,True,1.95646,True,5.88235e-19,3.68897e-19,kenya pen=0.5 phi=0.5 tou
225,900,300,100,True,1.9718,True,5.88235e-19,3.68897e-19,kenya pen=0.5 phi=0.5 tou
225,920,300,100,True,1.98713,True,5.88235e-19,3.68897e-19,kenya pen=0.5 phi=0.5 tou
225,940,300,100,True,2.00246,True,5.88235e-19,3.68897e-19,kenya pen=0.5 phi=0.5 tou
225,960,300,100,True,2.0178,True,5.88235e-19,3.68897e-19,kenya pen=0.5 phi=0.5 tou
225,980,300,100,True,2.03313,True,5.88235e-19,3.68897e-19,kenya pen=0.5 phi=0.5 tou
225,1000,300,100,True,2.04846,True,5.88235e-19,3.68897e-19,kenya pen=0.5 phi=0.5 tou
225,1020,300,100,True,2.06379,True,5.88235e-19,3.68897e-19,kenya pen=0.5 phi=0.5 tou
225,1040,300,100,True,2.07913,True,5.88235e-19,3.68897e-19,kenya pen=0.5 phi=0.5 tou
225,1060,300,100,True,2.09446,True,5.88235e-19,3.68897e-19,kenya pen=0.5 phi=0.5 tou
225,1080,300,100,True,2.10979,True,5.88235e-19,3.68897e-19,kenya pen=0.5 phi=0.5 tou
225,1100,300,100,True,2.12512,True,5.88235e-19,3.68897e-19,kenya pen=0.5 phi=0.5 tou
225,1120,300,100,True,2.14046,True,5.88235e-19,3.68897e-19,kenya pen=0.5 phi=0.5 tou
225,1140,300,100,True,2.15579,True,5.88235e-19,3.68897e-19,kenya pen=0.5 phi=0.5 tou
225,1160,300,100,True,2.17112,True,5.88235e-19,3.68897e-19,kenya pen=0.5 phi=0.5 tou
225,1180,300,100,True,2.18646,True,5.88235e-19,3.68897e-19,kenya pen=0.5 phi=0.5 tou
225,1200,300,100,True,2.20179,True,5.88235e-19,3.68897e-19,kenya pen=0.5 phi=0.5 tou
225,1220,300,100,True,2.21712,True,5.88235e-19,3.68897e-19,kenya pen=0.5 phi=0.5 tou
225,1240,300,100,True,2.23245,True,5.88235e-19,3.68897e-19,kenya pen=0.5 phi=0.5 tou
225,1260,300,100,True,2.24779,True,5.88235e-19,3.68897e-19,kenya pen=0.5 phi=0.5 tou
225,1280,300,100,True,2.26312,True,5.88235e-19,3.68897e-19,kenya pen=0.5 phi=0.5 tou
225,1300,300,100,True,2.27845,True,5.88235e-19,3.68897e-19,kenya pen=0.5 phi=0.5 tou
225,1320,300,100,True,2.29378,True,5.88235e-19,3.68897e-19,kenya pen=0.5 phi=0.5 tou
225,1340,300,100,True,2.30912,True,5.88235e-19,3.68897e-19,kenya pen=0.5 phi=0.5 tou
225,1360,300,100,True,2.32445,True,5.88235e-19,3.68897e-19,kenya pen=0.5 phi=0.5 tou
225,1380,300,100,True,2.33978,True,5.88235e-19,3.68897e-19,kenya pen=0.5 phi=0.5 tou
225,1400,300,100,True,2.35512,True,5.88235e-19,3.68897e-19,kenya pen=0.5 phi=0.5 tou
230,0,300,100,True,1.85414,False,0.333362,0.310544,kenya pen=0.5 phi=0.5 tou
230,20,300,100,True,1.73489,False,0.304281,0.263578,kenya pen=0.5 phi=0.5 tou
230,40,300,100,True,1.6329,False,0.276901,0.217129,kenya pen=0.5 phi=0.5 tou
230,60,300,100,True,1.5444,False,0.249697,0.170765,kenya pen=0.5 phi=0.5 tou
230,80,300,100,True,1.47879,False,0.2225,0.127104,kenya pen=0.5 phi=0.5 tou
230,100,300,100,True,1.44387,False,0.19536,0.0904689,kenya pen=0.5 phi=0.5 tou
230,120,300,100,True,1.42847,False,0.168019,0.0615335,kenya pen=0.5 phi=0.5 tou
230,140,300,100,True,1.42683,False,0.139751,0.0409333,kenya pen=0.5 phi=0.5 tou
230,160,300,100,True,1.43196,False,0.110154,0.0258912,kenya pen=0.5 phi=0.5 tou
230,180,300,100,True,1.44065,False,0.0795053,0.0149123,kenya pen=0.5 phi=0.5 tou
230,200,300,100,True,1.45189,True,0.0489663,0.00762153,kenya pen=0.5 phi=0.5 tou
230,220,300,100,True,1.46506,True,0.0245704,0.00358999,kenya pen=0.5 phi=0.5 tou
230,240,300,100,True,1.47947,True,0.0121335,0.00185344,kenya pen=0.5 phi=0.5 tou
230,260,300,100,True,1.49443,True,0.00724396,0.00115951,kenya pen=0.5 phi=0.5 tou
230,280,300,100,True,1.50958,True,0.00527612,0.000829148,kenya pen=0.5 phi=0.5 tou
230,300,300,100,True,1.5248,True,0.00409058,0.000623004,kenya pen=0.5 phi=0.5 tou
230,320,300,100,True,1.54004,True,0.00318032,0.000459114,kenya pen=0.5 phi=0.5 tou
230,340,300,100,True,1.55531,True,0.00249984,0.000340329,kenya pen=0.5 phi=0.5 tou
230,360,300,100,True,1.57059,True,0.00194114,0.000244837,kenya pen=0.5 phi=0.5 tou
230,380,300,100,True,1.58588,True,0.00148499,0.000169198,kenya pen=0.5 phi=0.5 tou
230,400,300,100,True,1.60118,True,0.00111241,0.00011455,kenya pen=0.5 phi=0.5 tou
230,420,300,100,True,1.61649,True,0.000739796,7.05436e-05,kenya pen=0.5 phi=0.5 tou
230,440,300,100,True,1.6318,True,0.000433519,3.63798e-05,kenya pen=0.5 phi=0.5 tou
230,460,300,100,True,1.64712,True,0.000247181,1.88899e-05,kenya pen=0.5 phi=0.5 tou
230,480,300,100,True,1.66245,True,7.89006e-05,6.0297e-06,kenya pen=0.5 phi=0.5 tou
230,500,300,100,True,1.67778,True,5.56619e-19,3.56206e-19,kenya pen=0.5 phi=0.5 tou
230,520,300,100,True,1.69311,True,5.56619e-19,3.56206e-19,kenya pen=0.5 phi=0.5 tou
230,540,300,100,True,1.70845,True,5.56619e-19,3.56206e-19,kenya pen=0.5 phi=0.5 tou
230,560,300,100,True,1.72378,True,5.56619e-19,3.56206e-19,kenya pen=0.5 phi=0.5 tou
230,580,300,100,True,1.73911,True,5.56619e-19,3.56206e-19,kenya pen=0.5 phi=0.5 tou
230,600,300,100,True,1.75444,True,5.56619e-19,3.56206e-19,kenya pen=0.5 phi=0.5 tou
230,620,300,100,True,1.76978,True,5.56619e-19,3.56206e-19,kenya pen=0.5 phi=0.5 tou
230,640,300,100,True,1.78511,True,5.56619e-19,3.56206e-19,kenya pen=0.5 phi=0.5 tou
230,660,300,100,True,1.80044,True,5.56619e-19,3.56206e-19,kenya pen=0.5 phi=0.5 tou
230,680,300,100,True,1.81577,True,5.56619e-19,3.56206e-19,kenya pen=0.5 phi=0.5 tou
230,700,300,100,True,1.83111,True,5.56619e-19,3.56206e-19,kenya pen=0.5 phi=0.5 tou
230,720,300,100,True,1.84644,True,5.56619e-19,3.56206e-19,kenya pen=0.5 phi=0.5 tou
230,740,300,100,True,1.86177,True,5.56619e-19,3.56206e-19,kenya pen=0.5 phi=0.5 tou
230,760,300,100,True,1.87711,True,5.56619e-19,3.56206e-19,kenya pen=0.5 phi=0.5 tou
230,780,300,100,True,1.89244,True,5.56619e-19,3.56206e-19,kenya pen=0.5 phi=0.5 tou
230,800,300,100,True,1.90777,True,5.56619e-19,3.56206e-19,kenya pen=0.5 phi=0.5 tou
230,820,300,100,True,1.9231,True,5.56619e-19,3.56206e-19,kenya pen=0.5 phi=0.5 tou
230,840,300,100,True,1.93844,True,5.56619e-19,3.56206e-19,kenya pen=0.5 phi=0.5 tou
230,860,300,100,True,1.95377,True,5.56619e-19,3.56206e-19,kenya pen=0.5 phi=0.5 tou
230,880,300,100,True,1.9691,True,5.56619e-19,3.56206e-19,kenya pen=0.5 phi=0.5 tou
230,900,300,100,True,1.98443,True,5.56619e-19,3.56206e-19,kenya pen=0.5 phi=0.5 tou
230,920,300,100,True,1.99977,True,5.56619e-19,3.56206e-19,kenya pen=0.5 phi=0.5 tou
230,940,300,100,True,2.0151,True,5.56619e-19,3.56206e-19,kenya pen=0.5 phi=0.5 tou
230,960,300,100,True,2.03043,True,5.56619e-19,3.56206e-19,kenya pen=0.5 phi=0.5 tou
230,980,300,100,True,2.04577,True,5.56619e-19,3.56206e-19,kenya pen=0.5 phi=0.5 tou
230,1000,300,100,True,2.0611,True,5.56619e-19,3.56206e-19,kenya pen=0.5 phi=0.5 tou
230,1020,300,100,True,2.07643,True,5.56619e-19,3.56206e-19,kenya pen=0.5 phi=0.5 tou
230,1040,300,100,True,2.09176,True,5.56619e-19,3.56206e-19,kenya pen=0.5 phi=0.5 tou
230,1060,300,100,True,2.1071,True,5.56619e-19,3.56206e-19,kenya pen=0.5 phi=0.5 tou
230,1080,300,100,True,2.12243,True,5.56619e-19,3.56206e-19,kenya pen=0.5 phi=0.5 tou
230,1100,300,100,True,2.13776,True,5.56619e-19,3.56206e-19,kenya pen=0.5 phi=0.5 tou
230,1120,300,100,True,2.15309,True,5.56619e-19,3.56206e-19,kenya pen=0.5 phi=0.5 tou
230,1140,300,100,True,2.16843,True,5.56619e-19,3.56206e-19,kenya pen=0.5 phi=0.5 tou
230,1160,300,100,True,2.18376,True,5.56619e-19,3.56206e-19,kenya pen=0.5 phi=0.5 tou
230,1180,300,100,True,2.19909,True,5.56619e-19,3.56206e-19,kenya pen=0.5 phi=0.5 tou
230,1200,300,100,True,2.21443,True,5.56619e-19,3.56206e-19,kenya pen=0.5 phi=0.5 tou
230,1220,300,100,True,2.22976,True,5.56619e-19,3.56206e-19,kenya pen=0.5 phi=0.5 tou
230,1240,300,100,True,2.24509,True,5.56619e-19,3.56206e-19,kenya pen=0.5 phi=0.5 tou
230,1260,300,100,True,2.26042,True,5.56619e-19,3.56206e-19,kenya pen=0.5 phi=0.5 tou
230,1280,300,100,True,2.27576,True,5.56619e-19,3.56206e-19,kenya pen=0.5 phi=0.5 tou
230,1300,300,100,True,2.29109,True,5.56619e-19,3.56206e-19,kenya pen=0.5 phi=0.5 tou
230,1320,300,100,True,2.30642,True,5.56619e-19,3.56206e-19,kenya pen=0.5 phi=0.5 tou
230,1340,300,100,True,2.32175,True,5.56619e-19,3.56206e-19,kenya pen=0.5 phi=0.5 tou
230,1360,300,100,True,2.33709,True,5.56619e-19,3.56206e-19,kenya pen=0.5 phi=0.5 tou
230,1380,300,100,True,2.35242,True,5.56619e-19,3.56206e-19,kenya pen=0.5 phi=0.5 tou
230,1400,300,100,True,2.36775,True,5.56619e-19,3.56206e-19,kenya pen=0.5 phi=0.5 tou
235,0,300,100,True,1.87008,False,0.331852,0.309555,kenya pen=0.5 phi=0.5 tou
235,20,300,100,True,1.74982,False,0.302907,0.262636,kenya pen=0.5 phi=0.5 tou
235,40,300,100,True,1.64689,False,0.275519,0.216186,kenya pen=0.5 phi=0.5 tou
235,60,300,100,True,1.55756,False,0.248308,0.169816,kenya pen=0.5 phi=0.5 tou
235,80,300,100,True,1.49145,False,0.221104,0.126183,kenya pen=0.5 phi=0.5 tou
235,100,300,100,True,1.45632,False,0.193951,0.0896093,kenya pen=0.5 phi=0.5 tou
235,120,300,100,True,1.44085,False,0.166606,0.0607744,kenya pen=0.5 phi=0.5 tou
235,140,300,100,True,1.43924,False,0.138314,0.0403001,kenya pen=0.5 phi=0.5 tou
235,160,300,100,True,1.44439,False,0.108664,0.0253593,kenya pen=0.5 phi=0.5 tou
235,180,300,100,True,1.45309,False,0.0779307,0.0144787,kenya pen=0.5 phi=0.5 tou
235,200,300,100,True,1.46438,True,0.0474257,0.0072927,kenya pen=0.5 phi=0.5 tou
235,220,300,100,True,1.47759,True,0.0233775,0.00336297,kenya pen=0.5 phi=0.5 tou
235,240,300,100,True,1.49203,True,0.0113083,0.0016988,kenya pen=0.5 phi=0.5 tou
235,260,300,100,True,1.507,True,0.006629,0.00103846,kenya pen=0.5 phi=0.5 tou
235,280,300,100,True,1.52217,True,0.00474851,0.000732355,kenya pen=0.5 phi=0.5 tou
235,300,300,100,True,1.53739,True,0.00359021,0.00053943,kenya pen=0.5 phi=0.5 tou
235,320,300,100,True,1.55265,True,0.00278278,0.000398027,kenya pen=0.5 phi=0.5 tou
235,340,300,100,True,1.56792,True,0.00220127,0.000292613,kenya pen=0.5 phi=0.5 tou
235,360,300,100,True,1.5832,True,0.00165665,0.000203318,kenya pen=0.5 phi=0.5 tou
235,380,300,100,True,1.5985,True,0.0012841,0.000140455,kenya pen=0.5 phi=0.5 tou
235,400,300,100,True,1.6138,True,0.000911499,9.20095e-05,kenya pen=0.5 phi=0.5 tou
235,420,300,100,True,1.62912,True,0.000561662,5.10337e-05,kenya pen=0.5 phi=0.5 tou
235,440,300,100,True,1.64443,True,0.000356439,2.74876e-05,kenya pen=0.5 phi=0.5 tou
235,460,300,100,True,1.65976,True,0.000170095,1.29989e-05,kenya pen=0.5 phi=0.5 tou
235,480,300,100,True,1.67509,True,3.94867e-05,3.01763e-06,kenya pen=0.5 phi=0.5 tou
235,500,300,100,True,1.69042,True,5.63645e-19,3.53885e-19,kenya pen=0.5 phi=0.5 tou
235,520,300,100,True,1.70575,True,5.63645e-19,3.53885e-19,kenya pen=0.5 phi=0.5 tou
235,540,300,100,True,1.72108,True,5.63645e-19,3.53885e-19,kenya pen=0.5 phi=0.5 tou
235,560,300,100,True,1.73642,True,5.63645e-19,3.53885e-19,kenya pen=0.5 phi=0.5 tou
235,580,300,100,True,1.75175,True,5.63645e-19,3.53885e-19,kenya pen=0.5 phi=0.5 tou
235,600,300,100,True,1.76708,True,5.63645e-19,3.53885e-19,kenya pen=0.5 phi=0.5 tou
235,620,300,100,True,1.78241,True,5.63645e-19,3.53885e-19,kenya pen=0.5 phi=0.5 tou
235,640,300,100,True,1.79775,True,5.63645e-19,3.53885e-19,kenya pen=0.5 phi=0.5 tou
235,660,300,100,True,1.81308,True,5.63645e-19,3.53885e-19,kenya pen=0.5 phi=0.5 tou
235,680,300,100,True,1.82841,True,5.63645e-19,3.53885e-19,kenya pen=0.5 phi=0.5 tou
235,700,300,100,True,1.84375,True,5.63645e-19,3.53885e-19,kenya pen=0.5 phi=0.5 tou
235,720,300,100,True,1.85908,True,5.63645e-19,3.53885e-19,kenya pen=0.5 phi=0.5 tou
235,740,300,100,True,1.87441,True,5.63645e-19,3.53885e-19,kenya pen=0.5 phi=0.5 tou
235,760,300,100,True,1.88974,True,5.63645e-19,3.53885e-19,kenya pen=0.5 phi=0.5 tou
235,780,300,100,True,1.90508,True,5.63645e-19,3.53885e-19,kenya pen=0.5 phi=0.5 tou
235,800,300,100,True,1.92041,True,5.63645e-19,3.53885e-19,kenya pen=0.5 phi=0.5 tou
235,820,300,100,True,1.93574,True,5.63645e-19,3.53885e-19,kenya pen=0.5 phi=0.5 tou
235,840,300,100,True,1.95107,True,5.63645e-19,3.53885e-19,kenya pen=0.5 phi=0.5 tou
235,860,300,100,True,1.96641,True,5.63645e-19,3.53885e-19,kenya pen=0.5 phi=0.5 tou
235,880,300,100,True,1.98174,True,5.63645e-19,3.53885e-19,kenya pen=0.5 phi=0.5 tou
235,900,300,100,True,1.99707,True,5.63645e-19,3.53885e-19,kenya pen=0.5 phi=0.5 tou
235,920,300,100,True,2.01241,True,5.63645e-19,3.53885e-19,kenya pen=0.5 phi=0.5 tou
235,940,300,100,True,2.02774,True,5.63645e-19,3.53885e-19,kenya pen=0.5 phi=0.5 tou
235,960,300,100,True,2.04307,True,5.63645e-19,3.53885e-19,kenya pen=0.5 phi=0.5 tou
235,980,300,100,True,2.0584,True,5.63645e-19,3.53885e-19,kenya pen=0.5 phi=0.5 tou
235,1000,300,100,True,2.07374,True,5.63645e-19,3.53885e-19,kenya pen=0.5 phi=0.5 tou
235,1020,300,100,True,2.08907,True,5.63645e-19,3.53885e-19,kenya pen=0.5 phi=0.5 tou
235,1040,300,100,True,2.1044,True,5.63645e-19,3.53885e-19,kenya pen=0.5 phi=0.5 tou
235,1060,300,100,True,2.11973,True,5.63645e-19,3.53885e-19,kenya pen=0.5 phi=0.5 tou
235,1080,300,100,True,2.13507,True,5.63645e-19,3.53885e-19,kenya pen=0.5 phi=0.5 tou
235,1100,300,100,True,2.1504,True,5.63645e-19,3.53885e-19,kenya pen=0.5 phi=0.5 tou
235,1120,300,100,True,2.16573,True,5.63645e-19,3.53885e-19,kenya pen=0.5 phi=0.5 tou
235,1140,300,100,True,2.18107,True,5.63645e-19,3.53885e-19,kenya pen=0.5 phi=0.5 tou
235,1160,300,100,True,2.1964,True,5.63645e-19,3.53885e-19,kenya pen=0.5 phi=0.5 tou
235,1180,300,100,True,2.21173,True,5.63645e-19,3.53885e-19,kenya pen=0.5 phi=0.5 tou
235,1200,300,100,True,2.22706,True,5.63645e-19,3.53885e-19,kenya pen=0.5 phi=0.5 tou
235,1220,300,100,True,2.2424,True,5.63645e-19,3.53885e-19,kenya pen=0.5 phi=0.5 tou
235,1240,300,100,True,2.25773,True,5.63645e-19,3.53885e-19,kenya pen=0.5 phi=0.5 tou
235,1260,300,100,True,2.27306,True,5.63645e-19,3.53885e-19,kenya pen=0.5 phi=0.5 tou
235,1280,300,100,True,2.28839,True,5.63645e-19,3.53885e-19,kenya pen=0.5 phi=0.5 tou
235,1300,300,100,True,2.30373,True,5.63645e-19,3.53885e-19,kenya pen=0.5 phi=0.5 tou
235,1320,300,100,True,2.31906,True,5.63645e-19,3.53885e-19,kenya pen=0.5 phi=0.5 tou
235,1340,300,100,True,2.33439,True,5.63645e-19,3.53885e-19,kenya pen=0.5 phi=0.5 tou
235,1360,300,100,True,2.34973,True,5.63645e-19,3.53885e-19,kenya pen=0.5 phi=0.5 tou
235,1380,300,100,True,2.36506,True,5.63645e-19,3.53885e-19,kenya pen=0.5 phi=0.5 tou
235,1400,300,100,True,2.38039,True,5.63645e-19,3.53885e-19,kenya pen=0.5 phi=0.5 tou
240,0,300,100,True,1.88608,False,0.330405,0.308609,kenya pen=0.5 phi=0.5 tou
240,20,300,100,True,1.76479,False,0.301595,0.26173,kenya pen=0.5 phi=0.5 tou
240,40,300,100,True,1.66091,False,0.274192,0.215279,kenya pen=0.5 phi=0.5 tou
240,60,300,100,True,1.57075,False,0.246975,0.168904,kenya pen=0.5 phi=0.5 tou
240,80,300,100,True,1.50413,False,0.219771,0.125298,kenya pen=0.5 phi=0.5 tou
240,100,300,100,True,1.46878,False,0.192597,0.0887839,kenya pen=0.5 phi=0.5 tou
240,120,300,100,True,1.45325,False,0.165248,0.0600477,kenya pen=0.5 phi=0.5 tou
240,140,300,100,True,1.45166,False,0.136933,0.0396921,kenya pen=0.5 phi=0.5 tou
240,160,300,100,True,1.45682,False,0.107256,0.0248515,kenya pen=0.5 phi=0.5 tou
240,180,300,100,True,1.46555,False,0.07642,0.0140685,kenya pen=0.5 phi=0.5 tou
240,200,300,100,True,1.47687,True,0.0459634,0.00698346,kenya pen=0.5 phi=0.5 tou
240,220,300,100,True,1.49012,True,0.0222338,0.00315697,kenya pen=0.5 phi=0.5 tou
240,240,300,100,True,1.50459,True,0.0105441,0.00155646,kenya pen=0.5 phi=0.5 tou
240,260,300,100,True,1.51959,True,0.00607548,0.000932023,kenya pen=0.5 phi=0.5 tou
240,280,300,100,True,1.53476,True,0.00427105,0.000646192,kenya pen=0.5 phi=0.5 tou
240,300,300,100,True,1.54999,True,0.00315493,0.0004668,kenya pen=0.5 phi=0.5 tou
240,320,300,100,True,1.56526,True,0.00248374,0.000347203,kenya pen=0.5 phi=0.5 tou
240,340,300,100,True,1.58053,True,0.00192505,0.000249588,kenya pen=0.5 phi=0.5 tou
240,360,300,100,True,1.59582,True,0.00147795,0.000175084,kenya pen=0.5 phi=0.5 tou
240,380,300,100,True,1.61112,True,0.00110538,0.000118238,kenya pen=0.5 phi=0.5 tou
240,400,300,100,True,1.62643,True,0.000732775,7.24576e-05,kenya pen=0.5 phi=0.5 tou
240,420,300,100,True,1.64175,True,0.000465738,3.99611e-05,kenya pen=0.5 phi=0.5 tou
240,440,300,100,True,1.65707,True,0.000279402,2.13523e-05,kenya pen=0.5 phi=0.5 tou
240,460,300,100,True,1.67239,True,9.32726e-05,7.12804e-06,kenya pen=0.5 phi=0.5 tou
240,480,300,100,True,1.68772,True,9.78348e-08,7.47669e-09,kenya pen=0.5 phi=0.5 tou
240,500,300,100,True,1.70306,True,5.36244e-19,3.60161e-19,kenya pen=0.5 phi=0.5 tou
240,520,300,100,True,1.71839,True,5.36244e-19,3.60161e-19,kenya pen=0.5 phi=0.5 tou
240,540,300,100,True,1.73372,True,5.36244e-19,3.60161e-19,kenya pen=0.5 phi=0.5 tou
240,560,300,100,True,1.74905,True,5.36244e-19,3.60161e-19,kenya pen=0.5 phi=0.5 tou
240,580,300,100,True,1.76439,True,5.36244e-19,3.60161e-19,kenya pen=0.5 phi=0.5 tou
240,600,300,100,True,1.77972,True,5.36244e-19,3.60161e-19,kenya pen=0.5 phi=0.5 tou
240,620,300,100,True,1.79505,True,5.36244e-19,3.60161e-19,kenya pen=0.5 phi=0.5 tou
240,640,300,100,True,1.81039,True,5.36244e-19,3.60161e-19,kenya pen=0.5 phi=0.5 tou
240,660,300,100,True,1.82572,True,5.36244e-19,3.60161e-19,kenya pen=0.5 phi=0.5 tou
240,680,300,100,True,1.84105,True,5.36244e-19,3.60161e-19,kenya pen=0.5 phi=0.5 tou
240,700,300,100,True,1.85638,True,5.36244e-19,3.60161e-19,kenya pen=0.5 phi=0.5 tou
240,720,300,100,True,1.87172,True,5.36244e-19,3.60161e-19,kenya pen=0.5 phi=0.5 tou
240,740,300,100,True,1.88705,True,5.36244e-19,3.60161e-19,kenya pen=0.5 phi=0.5 tou
240,760,300,100,True,1.90238,True,5.36244e-19,3.60161e-19,kenya pen=0.5 phi=0.5 tou
240,780,300,100,True,1.91771,True,5.36244e-19,3.60161e-19,kenya pen=0.5 phi=0.5 tou
240,800,300,100,True,1.93305,True,5.36244e-19,3.60161e-19,kenya pen=0.5 phi=0.5 tou
240,820,300,100,True,1.94838,True,5.36244e-19,3.60161e-19,kenya pen=0.5 phi=0.5 tou
240,840,300,100,True,1.96371,True,5.36244e-19,3.60161e-19,kenya pen=0.5 phi=0.5 tou
240,860,300,100,True,1.97905,True,5.36244e-19,3.60161e-19,kenya pen=0.5 phi=0.5 tou
240,880,300,100,True,1.99438,True,5.36244e-19,3.60161e-19,kenya pen=0.5 phi=0.5 tou
240,900,300,100,True,2.00971,True,5.36244e-19,3.60161e-19,kenya pen=0.5 phi=0.5 tou
240,920,300,100,True,2.02504,True,5.36244e-19,3.60161e-19,kenya pen=0.5 phi=0.5 tou
240,940,300,100,True,2.04038,True,5.36244e-19,3.60161e-19,kenya pen=0.5 phi=0.5 tou
240,960,300,100,True,2.05571,True,5.36244e-19,3.60161e-19,kenya pen=0.5 phi=0.5 tou
240,980,300,100,True,2.07104,True,5.36244e-19,3.60161e-19,kenya pen=0.5 phi=0.5 tou
240,1000,300,100,True,2.08637,True,5.36244e-19,3.60161e-19,kenya pen=0.5 phi=0.5 tou
240,1020,300,100,True,2.10171,True,5.36244e-19,3.60161e-19,kenya pen=0.5 phi=0.5 tou
240,1040,300,100,True,2.11704,True,5.36244e-19,3.60161e-19,kenya pen=0.5 phi=0.5 tou
240,1060,300,100,True,2.13237,True,5.36244e-19,3.60161e-19,kenya pen=0.5 phi=0.5 tou
240,1080,300,100,True,2.14771,True,5.36244e-19,3.60161e-19,kenya pen=0.5 phi=0.5 tou
240,1100,300,100,True,2.16304,True,5.36244e-19,3.60161e-19,kenya pen=0.5 phi=0.5 tou
240,1120,300,100,True,2.17837,True,5.36244e-19,3.60161e-19,kenya pen=0.5 phi=0.5 tou
240,1140,300,100,True,2.1937,True,5.36244e-19,3.60161e-19,kenya pen=0.5 phi=0.5 tou
240,1160,300,100,True,2.20904,True,5.36244e-19,3.60161e-19,kenya pen=0.5 phi=0.5 tou
240,1180,300,100,True,2.22437,True,5.36244e-19,3.60161e-19,kenya pen=0.5 phi=0.5 tou
240,1200,300,100,True,2.2397,True,5.36244e-19,3.60161e-19,kenya pen=0.5 phi=0.5 tou
240,1220,300,100,True,2.25503,True,5.36244e-19,3.60161e-19,kenya pen=0.5 phi=0.5 tou
240,1240,300,100,True,2.27037,True,5.36244e-19,3.60161e-19,kenya pen=0.5 phi=0.5 tou
240,1260,300,100,True,2.2857,True,5.36244e-19,3.60161e-19,kenya pen=0.5 phi=0.5 tou
240,1280,300,100,True,2.30103,True,5.36244e-19,3.60161e-19,kenya pen=0.5 phi=0.5 tou
240,1300,300,100,True,2.31637,True,5.36244e-19,3.60161e-19,kenya pen=0.5 phi=0.5 tou
240,1320,300,100,True,2.3317,True,5.36244e-19,3.60161e-19,kenya pen=0.5 phi=0.5 tou
240,1340,300,100,True,2.34703,True,5.36244e-19,3.60161e-19,kenya pen=0.5 phi=0.5 tou
240,1360,300,100,True,2.36236,True,5.36244e-19,3.60161e-19,kenya pen=0.5 phi=0.5 tou
240,1380,300,100,True,2.3777,True,5.36244e-19,3.60161e-19,kenya pen=0.5 phi=0.5 tou
240,1400,300,100,True,2.39303,True,5.36244e-19,3.60161e-19,kenya pen=0.5 phi=0.5 tou
245,0,300,100,True,1.90213,False,0.329032,0.307702,kenya pen=0.5 phi=0.5 tou
245,20,300,100,True,1.7798,False,0.300354,0.260862,kenya pen=0.5 phi=0.5 tou
245,40,300,100,True,1.67497,False,0.272944,0.214409,kenya pen=0.5 phi=0.5 tou
245,60,300,100,True,1.58398,False,0.245718,0.168031,kenya pen=0.5 phi=0.5 tou
245,80,300,100,True,1.51684,False,0.218516,0.12445,kenya pen=0.5 phi=0.5 tou
245,100,300,100,True,1.48127,False,0.191319,0.0879955,kenya pen=0.5 phi=0.5 tou
245,120,300,100,True,1.46567,False,0.163965,0.0593559,kenya pen=0.5 phi=0.5 tou
245,140,300,100,True,1.4641,False,0.13563,0.0391111,kenya pen=0.5 phi=0.5 tou
245,160,300,100,True,1.46927,False,0.105926,0.0243665,kenya pen=0.5 phi=0.5 tou
245,180,300,100,True,1.47802,False,0.0750259,0.0136845,kenya pen=0.5 phi=0.5 tou
245,200,300,100,True,1.48937,True,0.0445933,0.00669748,kenya pen=0.5 phi=0.5 tou
245,220,300,100,True,1.50266,True,0.021179,0.00296754,kenya pen=0.5 phi=0.5 tou
245,240,300,100,True,1.51716,True,0.00983125,0.00142393,kenya pen=0.5 phi=0.5 tou
245,260,300,100,True,1.53217,True,0.00557368,0.000836205,kenya pen=0.5 phi=0.5 tou
245,280,300,100,True,1.54735,True,0.00382909,0.000566184,kenya pen=0.5 phi=0.5 tou
245,300,300,100,True,1.5626,True,0.00279594,0.000407555,kenya pen=0.5 phi=0.5 tou
245,320,300,100,True,1.57787,True,0.00220846,0.000299269,kenya pen=0.5 phi=0.5 tou
245,340,300,100,True,1.59315,True,0.0016726,0.000211101,kenya pen=0.5 phi=0.5 tou
245,360,300,100,True,1.60845,True,0.00130005,0.000147013,kenya pen=0.5 phi=0.5 tou
245,380,300,100,True,1.62375,True,0.000927463,9.61812e-05,kenya pen=0.5 phi=0.5 tou
245,400,300,100,True,1.63906,True,0.000605537,5.6939e-05,kenya pen=0.5 phi=0.5 tou
245,420,300,100,True,1.65438,True,0.000389078,3.11999e-05,kenya pen=0.5 phi=0.5 tou
245,440,300,100,True,1.6697,True,0.000202737,1.54935e-05,kenya pen=0.5 phi=0.5 tou
245,460,300,100,True,1.68503,True,5.42345e-05,4.14468e-06,kenya pen=0.5 phi=0.5 tou
245,480,300,100,True,1.70036,True,4.84884e-19,3.64411e-19,kenya pen=0.5 phi=0.5 tou
245,500,300,100,True,1.71569,True,4.84884e-19,3.64411e-19,kenya pen=0.5 phi=0.5 tou
245,520,300,100,True,1.73103,True,4.84884e-19,3.64411e-19,kenya pen=0.5 phi=0.5 tou
245,540,300,100,True,1.74636,True,4.84884e-19,3.64411e-19,kenya pen=0.5 phi=0.5 tou
245,560,300,100,True,1.76169,True,4.84884e-19,3.64411e-19,kenya pen=0.5 phi=0.5 tou
245,580,300,100,True,1.77702,True,4.84884e-19,3.64411e-19,kenya pen=0.5 phi=0.5 tou
245,600,300,100,True,1.79236,True,4.84884e-19,3.64411e-19,kenya pen=0.5 phi=0.5 tou
245,620,300,100,True,1.80769,True,4.84884e-19,3.64411e-19,kenya pen=0.5 phi=0.5 tou
245,640,300,100,True,1.82302,True,4.84884e-19,3.64411e-19,kenya pen=0.5 phi=0.5 tou
245,660,300,100,True,1.83836,True,4.84884e-19,3.64411e-19,kenya pen=0.5 phi=0.5 tou
245,680,300,100,True,1.85369,True,4.84884e-19,3.64411e-19,kenya pen=0.5 phi=0.5 tou
245,700,300,100,True,1.86902,True,4.84884e-19,3.64411e-19,kenya pen=0.5 phi=0.5 tou
245,720,300,100,True,1.88435,True,4.84884e-19,3.64411e-19,kenya pen=0.5 phi=0.5 tou
245,740,300,100,True,1.89969,True,4.84884e-19,3.64411e-19,kenya pen=0.5 phi=0.5 tou
245,760,300,100,True,1.91502,True,4.84884e-19,3.64411e-19,kenya pen=0.5 phi=0.5 tou
245,780,300,100,True,1.93035,True,4.84884e-19,3.64411e-19,kenya pen=0.5 phi=0.5 tou
245,800,300,100,True,1.94568,True,4.84884e-19,3.64411e-19,kenya pen=0.5 phi=0.5 tou
245,820,300,100,True,1.96102,True,4.84884e-19,3.64411e-19,kenya pen=0.5 phi=0.5 tou
245,840,300,100,True,1.97635,True,4.84884e-19,3.64411e-19,kenya pen=0.5 phi=0.5 tou
245,860,300,100,True,1.99168,True,4.84884e-19,3.64411e-19,kenya pen=0.5 phi=0.5 tou
245,880,300,100,True,2.00702,True,4.84884e-19,3.64411e-19,kenya pen=0.5 phi=0.5 tou
245,900,300,100,True,2.02235,True,4.84884e-19,3.64411e-19,kenya pen=0.5 phi=0.5 tou
245,920,300,100,True,2.03768,True,4.84884e-19,3.64411e-19,kenya pen=0.5 phi=0.5 tou
245,940,300,100,True,2.05301,True,4.84884e-19,3.64411e-19,kenya pen=0.5 phi=0.5 tou
245,960,300,100,True,2.06835,True,4.84884e-19,3.64411e-19,kenya pen=0.5 phi=0.5 tou
245,980,300,100,True,2.08368,True,4.84884e-19,3.64411e-19,kenya pen=0.5 phi=0.5 tou
245,1000,300,100,True,2.09901,True,4.84884e-19,3.64411e-19,kenya pen=0.5 phi=0.5 tou
245,1020,300,100,True,2.11434,True,4.84884e-19,3.64411e-19,kenya pen=0.5 phi=0.5 tou
245,1040,300,100,True,2.12968,True,4.84884e-19,3.64411e-19,kenya pen=0.5 phi=0.5 tou
245,1060,300,100,True,2.14501,True,4.84884e-19,3.64411e-19,kenya pen=0.5 phi=0.5 tou
245,1080,300,100,True,2.16034,True,4.84884e-19,3.64411e-19,kenya pen=0.5 phi=0.5 tou
245,1100,300,100,True,2.17568,True,4.84884e-19,3.64411e-19,kenya pen=0.5 phi=0.5 tou
245,1120,300,100,True,2.19101,True,4.84884e-19,3.64411e-19,kenya pen=0.5 phi=0.5 tou
245,1140,300,100,True,2.20634,True,4.84884e-19,3.64411e-19,kenya pen=0.5 phi=0.5 tou
245,1160,300,100,True,2.22167,True,4.84884e-19,3.64411e-19,kenya pen=0.5 phi=0.5 tou
245,1180,300,100,True,2.23701,True,4.84884e-19,3.64411e-19,kenya pen=0.5 phi=0.5 tou
245,1200,300,100,True,2.25234,True,4.84884e-19,3.64411e-19,kenya pen=0.5 phi=0.5 tou
245,1220,300,100,True,2.26767,True,4.84884e-19,3.64411e-19,kenya pen=0.5 phi=0.5 tou
245,1240,300,100,True,2.28301,True,4.84884e-19,3.64411e-19,kenya pen=0.5 phi=0.5 tou
245,1260,300,100,True,2.29834,True,4.84884e-19,3.64411e-19,kenya pen=0.5 phi=0.5 tou
245,1280,300,100,True,2.31367,True,4.84884e-19,3.64411e-19,kenya pen=0.5 phi=0.5 tou
245,1300,300,100,True,2.329,True,4.84884e-19,3.64411e-19,kenya pen=0.5 phi=0.5 tou
245,1320,300,100,True,2.34434,True,4.84884e-19,3.64411e-19,kenya pen=0.5 phi=0.5 tou
245,1340,300,100,True,2.35967,True,4.84884e-19,3.64411e-19,kenya pen=0.5 phi=0.5 tou
245,1360,300,100,True,2.375,True,4.84884e-19,3.64411e-19,kenya pen=0.5 phi=0.5 tou
245,1380,300,100,True,2.39033,True,4.84884e-19,3.64411e-19,kenya pen=0.5 phi=0.5 tou
245,1400,300,100,True,2.40567,True,4.84884e-19,3.64411e-19,kenya pen=0.5 phi=0.5 tou
250,0,300,100,True,1.91824,False,0.327701,0.306833,kenya pen=0.5 phi=0.5 tou
250,20,300,100,True,1.79486,False,0.299159,0.260028,kenya pen=0.5 phi=0.5 tou
250,40,300,100,True,1.68907,False,0.271759,0.213577,kenya pen=0.5 phi=0.5 tou
250,60,300,100,True,1.59724,False,0.244505,0.167193,kenya pen=0.5 phi=0.5 tou
250,80,300,100,True,1.52958,False,0.217304,0.123637,kenya pen=0.5 phi=0.5 tou
250,100,300,100,True,1.49378,False,0.190093,0.0872398,kenya pen=0.5 phi=0.5 tou
250,120,300,100,True,1.47812,False,0.162727,0.0586958,kenya pen=0.5 phi=0.5 tou
250,140,300,100,True,1.47655,False,0.134371,0.0385559,kenya pen=0.5 phi=0.5 tou
250,160,300,100,True,1.48172,False,0.104642,0.0239015,kenya pen=0.5 phi=0.5 tou
250,180,300,100,True,1.4905,False,0.0737127,0.013317,kenya pen=0.5 phi=0.5 tou
250,200,300,100,True,1.50188,True,0.0432917,0.00642959,kenya pen=0.5 phi=0.5 tou
250,220,300,100,True,1.51521,True,0.0201688,0.00279034,kenya pen=0.5 phi=0.5 tou
250,240,300,100,True,1.52974,True,0.00914698,0.00131181,kenya pen=0.5 phi=0.5 tou
250,260,300,100,True,1.54476,True,0.00510467,0.000754258,kenya pen=0.5 phi=0.5 tou
250,280,300,100,True,1.55996,True,0.0034269,0.000501576,kenya pen=0.5 phi=0.5 tou
250,300,300,100,True,1.57521,True,0.00249234,0.000356626,kenya pen=0.5 phi=0.5 tou
250,320,300,100,True,1.59048,True,0.00193366,0.000256872,kenya pen=0.5 phi=0.5 tou
250,340,300,100,True,1.60577,True,0.00149516,0.000183306,kenya pen=0.5 phi=0.5 tou
250,360,300,100,True,1.62107,True,0.0011226,0.000124251,kenya pen=0.5 phi=0.5 tou
250,380,300,100,True,1.63638,True,0.000768041,7.8059e-05,kenya pen=0.5 phi=0.5 tou
250,400,300,100,True,1.65169,True,0.000498821,4.40587e-05,kenya pen=0.5 phi=0.5 tou
250,420,300,100,True,1.66701,True,0.000312487,2.38807e-05,kenya pen=0.5 phi=0.5 tou
250,440,300,100,True,1.68234,True,0.000126143,9.64007e-06,kenya pen=0.5 phi=0.5 tou
250,460,300,100,True,1.69767,True,1.52464e-05,1.16515e-06,kenya pen=0.5 phi=0.5 tou
250,480,300,100,True,1.713,True,5.38001e-19,3.60966e-19,kenya pen=0.5 phi=0.5 tou
250,500,300,100,True,1.72833,True,5.38001e-19,3.60966e-19,kenya pen=0.5 phi=0.5 tou
250,520,300,100,True,1.74366,True,5.38001e-19,3.60966e-19,kenya pen=0.5 phi=0.5 tou
250,540,300,100,True,1.759,True,5.38001e-19,3.60966e-19,kenya pen=0.5 phi=0.5 tou
250,560,300,100,True,1.77433,True,5.38001e-19,3.60966e-19,kenya pen=0.5 phi=0.5 tou
250,580,300,100,True,1.78966,True,5.38001e-19,3.60966e-19,kenya pen=0.5 phi=0.5 tou
250,600,300,100,True,1.805,True,5.38001e-19,3.60966e-19,kenya pen=0.5 phi=0.5 tou
250,620,300,100,True,1.82033,True,5.38001e-19,3.60966e-19,kenya pen=0.5 phi=0.5 tou
250,640,300,100,True,1.83566,True,5.38001e-19,3.60966e-19,kenya pen=0.5 phi=0.5 tou
250,660,300,100,True,1.85099,True,5.38001e-19,3.60966e-19,kenya pen=0.5 phi=0.5 tou
250,680,300,100,True,1.86633,True,5.38001e-19,3.60966e-19,kenya pen=0.5 phi=0.5 tou
250,700,300,100,True,1.88166,True,5.38001e-19,3.60966e-19,kenya pen=0.5 phi=0.5 tou
250,720,300,100,True,1.89699,True,5.38001e-19,3.60966e-19,kenya pen=0.5 phi=0.5 tou
250,740,300,100,True,1.91232,True,5.38001e-19,3.60966e-19,kenya pen=0.5 phi=0.5 tou
250,760,300,100,True,1.92766,True,5.38001e-19,3.60966e-19,kenya pen=0.5 phi=0.5 tou
250,780,300,100,True,1.94299,True,5.38001e-19,3.60966e-19,kenya pen=0.5 phi=0.5 tou
250,800,300,100,True,1.95832,True,5.38001e-19,3.60966e-19,kenya pen=0.5 phi=0.5 tou
250,820,300,100,True,1.97366,True,5.38001e-19,3.60966e-19,kenya pen=0.5 phi=0.5 tou
250,840,300,100,True,1.98899,True,5.38001e-19,3.60966e-19,kenya pen=0.5 phi=0.5 tou
250,860,300,100,True,2.00432,True,5.38001e-19,3.60966e-19,kenya pen=0.5 phi=0.5 tou
250,880,300,100,True,2.01965,True,5.38001e-19,3.60966e-19,kenya pen=0.5 phi=0.5 tou
250,900,300,100,True,2.03499,True,5.38001e-19,3.60966e-19,kenya pen=0.5 phi=0.5 tou
250,920,300,100,True,2.05032,True,5.38001e-19,3.60966e-19,kenya pen=0.5 phi=0.5 tou
250,940,300,100,True,2.06565,True,5.38001e-19,3.60966e-19,kenya pen=0.5 phi=0.5 tou
250,960,300,100,True,2.08098,True,5.38001e-19,3.60966e-19,kenya pen=0.5 phi=0.5 tou
250,980,300,100,True,2.09632,True,5.38001e-19,3.60966e-19,kenya pen=0.5 phi=0.5 tou
250,1000,300,100,True,2.11165,True,5.38001e-19,3.60966e-19,kenya pen=0.5 phi=0.5 tou
250,1020,300,100,True,2.12698,True,5.38001e-19,3.60966e-19,kenya pen=0.5 phi=0.5 tou
250,1040,300,100,True,2.14232,True,5.38001e-19,3.60966e-19,kenya pen=0.5 phi=0.5 tou
250,1060,300,100,True,2.15765,True,5.38001e-19,3.60966e-19,kenya pen=0.5 phi=0.5 tou
250,1080,300,100,True,2.17298,True,5.38001e-19,3.60966e-19,kenya pen=0.5 phi=0.5 tou
250,1100,300,100,True,2.18831,True,5.38001e-19,3.60966e-19,kenya pen=0.5 phi=0.5 tou
250,1120,300,100,True,2.20365,True,5.38001e-19,3.60966e-19,kenya pen=0.5 phi=0.5 tou
250,1140,300,100,True,2.21898,True,5.38001e-19,3.60966e-19,kenya pen=0.5 phi=0.5 tou
250,1160,300,100,True,2.23431,True,5.38001e-19,3.60966e-19,kenya pen=0.5 phi=0.5 tou
250,1180,300,100,True,2.24964,True,5.38001e-19,3.60966e-19,kenya pen=0.5 phi=0.5 tou
250,1200,300,100,True,2.26498,True,5.38001e-19,3.60966e-19,kenya pen=0.5 phi=0.5 tou
250,1220,300,100,True,2.28031,True,5.38001e-19,3.60966e-19,kenya pen=0.5 phi=0.5 tou
250,1240,300,100,True,2.29564,True,5.38001e-19,3.60966e-19,kenya pen=0.5 phi=0.5 tou
250,1260,300,100,True,2.31098,True,5.38001e-19,3.60966e-19,kenya pen=0.5 phi=0.5 tou
250,1280,300,100,True,2.32631,True,5.38001e-19,3.60966e-19,kenya pen=0.5 phi=0.5 tou
250,1300,300,100,True,2.34164,True,5.38001e-19,3.60966e-19,kenya pen=0.5 phi=0.5 tou
250,1320,300,100,True,2.35697,True,5.38001e-19,3.60966e-19,kenya pen=0.5 phi=0.5 tou
250,1340,300,100,True,2.37231,True,5.38001e-19,3.60966e-19,kenya pen=0.5 phi=0.5 tou
250,1360,300,100,True,2.38764,True,5.38001e-19,3.60966e-19,kenya pen=0.5 phi=0.5 tou
250,1380,300,100,True,2.40297,True,5.38001e-19,3.60966e-19,kenya pen=0.5 phi=0.5 tou
250,1400,300,100,True,2.4183,True,5.38001e-19,3.60966e-19,kenya pen=0.5 phi=0.5 tou
255,0,300,100,True,1.93439,False,0.326433,0.306,kenya pen=0.5 phi=0.5 tou
255,20,300,100,True,1.80995,False,0.298003,0.259225,kenya pen=0.5 phi=0.5 tou
255,40,300,100,True,1.70321,False,0.270603,0.212773,kenya pen=0.5 phi=0.5 tou
255,60,300,100,True,1.61053,False,0.243321,0.166386,kenya pen=0.5 phi=0.5 tou
255,80,300,100,True,1.54234,False,0.216121,0.122854,kenya pen=0.5 phi=0.5 tou
255,100,300,100,True,1.50631,False,0.188911,0.086512,kenya pen=0.5 phi=0.5 tou
255,120,300,100,True,1.49057,False,0.161517,0.0580622,kenya pen=0.5 phi=0.5 tou
255,140,300,100,True,1.48901,False,0.133142,0.0380223,kenya pen=0.5 phi=0.5 tou
255,160,300,100,True,1.49419,False,0.103389,0.0234558,kenya pen=0.5 phi=0.5 tou
255,180,300,100,True,1.50299,False,0.072434,0.012965,kenya pen=0.5 phi=0.5 tou
255,200,300,100,True,1.5144,True,0.0420585,0.00618077,kenya pen=0.5 phi=0.5 tou
255,220,300,100,True,1.52777,True,0.0192013,0.00262747,kenya pen=0.5 phi=0.5 tou
255,240,300,100,True,1.54232,True,0.00849372,0.00120658,kenya pen=0.5 phi=0.5 tou
255,260,300,100,True,1.55736,True,0.00464083,0.000676278,kenya pen=0.5 phi=0.5 tou
255,280,300,100,True,1.57256,True,0.00305344,0.000441562,kenya pen=0.5 phi=0.5 tou
255,300,300,100,True,1.58782,True,0.00221768,0.000308403,kenya pen=0.5 phi=0.5 tou
255,320,300,100,True,1.6031,True,0.00169035,0.000221388,kenya pen=0.5 phi=0.5 tou
255,340,300,100,True,1.6184,True,0.00131781,0.000155541,kenya pen=0.5 phi=0.5 tou
255,360,300,100,True,1.6337,True,0.000945223,0.000102496,kenya pen=0.5 phi=0.5 tou
255,380,300,100,True,1.64901,True,0.000651131,6.35875e-05,kenya pen=0.5 phi=0.5 tou
255,400,300,100,True,1.66433,True,0.00042227,3.55613e-05,kenya pen=0.5 phi=0.5 tou
255,420,300,100,True,1.67965,True,0.000235932,1.80303e-05,kenya pen=0.5 phi=0.5 tou
255,440,300,100,True,1.69497,True,6.94529e-05,5.30769e-06,kenya pen=0.5 phi=0.5 tou
255,460,300,100,True,1.7103,True,5.00588e-19,3.47679e-19,kenya pen=0.5 phi=0.5 tou
255,480,300,100,True,1.72564,True,5.00588e-19,3.47679e-19,kenya pen=0.5 phi=0.5 tou
255,500,300,100,True,1.74097,True,5.00588e-19,3.47679e-19,kenya pen=0.5 phi=0.5 tou
255,520,300,100,True,1.7563,True,5.00588e-19,3.47679e-19,kenya pen=0.5 phi=0.5 tou
255,540,300,100,True,1.77164,True,5.00588e-19,3.47679e-19,kenya pen=0.5 phi=0.5 tou
255,560,300,100,True,1.78697,True,5.00588e-19,3.47679e-19,kenya pen=0.5 phi=0.5 tou
255,580,300,100,True,1.8023,True,5.00588e-19,3.47679e-19,kenya pen=0.5 phi=0.5 tou
255,600,300,100,True,1.81763,True,5.00588e-19,3.47679e-19,kenya pen=0.5 phi=0.5 tou
255,620,300,100,True,1.83297,True,5.00588e-19,3.47679e-19,kenya pen=0.5 phi=0.5 tou
255,640,300,100,True,1.8483,True,5.00588e-19,3.47679e-19,kenya pen=0.5 phi=0.5 tou
255,660,300,100,True,1.86363,True,5.00588e-19,3.47679e-19,kenya pen=0.5 phi=0.5 tou
255,680,300,100,True,1.87896,True,5.00588e-19,3.47679e-19,kenya pen=0.5 phi=0.5 tou
255,700,300,100,True,1.8943,True,5.00588e-19,3.47679e-19,kenya pen=0.5 phi=0.5 tou
255,720,300,100,True,1.90963,True,5.00588e-19,3.47679e-19,kenya pen=0.5 phi=0.5 tou
255,740,300,100,True,1.92496,True,5.00588e-19,3.47679e-19,kenya pen=0.5 phi=0.5 tou
255,760,300,100,True,1.9403,True,5.00588e-19,3.47679e-19,kenya pen=0.5 phi=0.5 tou
255,780,300,100,True,1.95563,True,5.00588e-19,3.47679e-19,kenya pen=0.5 phi=0.5 tou
255,800,300,100,True,1.97096,True,5.00588e-19,3.47679e-19,kenya pen=0.5 phi=0.5 tou
255,820,300,100,True,1.98629,True,5.00588e-19,3.47679e-19,kenya pen=0.5 phi=0.5 tou
255,840,300,100,True,2.00163,True,5.00588e-19,3.47679e-19,kenya pen=0.5 phi=0.5 tou
255,860,300,100,True,2.01696,True,5.00588e-19,3.47679e-19,kenya pen=0.5 phi=0.5 tou
255,880,300,100,True,2.03229,True,5.00588e-19,3.47679e-19,kenya pen=0.5 phi=0.5 tou
255,900,300,100,True,2.04762,True,5.00588e-19,3.47679e-19,kenya pen=0.5 phi=0.5 tou
255,920,300,100,True,2.06296,True,5.00588e-19,3.47679e-19,kenya pen=0.5 phi=0.5 tou
255,940,300,100,True,2.07829,True,5.00588e-19,3.47679e-19,kenya pen=0.5 phi=0.5 tou
255,960,300,100,True,2.09362,True,5.00588e-19,3.47679e-19,kenya pen=0.5 phi=0.5 tou
255,980,300,100,True,2.10896,True,5.00588e-19,3.47679e-19,kenya pen=0.5 phi=0.5 tou
255,1000,300,100,True,2.12429,True,5.00588e-19,3.47679e-19,kenya pen=0.5 phi=0.5 tou
255,1020,300,100,True,2.13962,True,5.00588e-19,3.47679e-19,kenya pen=0.5 phi=0.5 tou
255,1040,300,100,True,2.15495,True,5.00588e-19,3.47679e-19,kenya pen=0.5 phi=0.5 tou
255,1060,300,100,True,2.17029,True,5.00588e-19,3.47679e-19,kenya pen=0.5 phi=0.5 tou
255,1080,300,100,True,2.18562,True,5.00588e-19,3.47679e-19,kenya pen=0.5 phi=0.5 tou
255,1100,300,100,True,2.20095,True,5.00588e-19,3.47679e-19,kenya pen=0.5 phi=0.5 tou
255,1120,300,100,True,2.21628,True,5.00588e-19,3.47679e-19,kenya pen=0.5 phi=0.5 tou
255,1140,300,100,True,2.23162,True,5.00588e-19,3.47679e-19,kenya pen=0.5 phi=0.5 tou
255,1160,300,100,True,2.24695,True,5.00588e-19,3.47679e-19,kenya pen=0.5 phi=0.5 tou
255,1180,300,100,True,2.26228,True,5.00588e-19,3.47679e-19,kenya pen=0.5 phi=0.5 tou
255,1200,300,100,True,2.27762,True,5.00588e-19,3.47679e-19,kenya pen=0.5 phi=0.5 tou
255,1220,300,100,True,2.29295,True,5.00588e-19,3.47679e-19,kenya pen=0.5 phi=0.5 tou
255,1240,300,100,True,2.30828,True,5.00588e-19,3.47679e-19,kenya pen=0.5 phi=0.5 tou
255,1260,300,100,True,2.32361,True,5.00588e-19,3.47679e-19,kenya pen=0.5 phi=0.5 tou
255,1280,300,100,True,2.33895,True,5.00588e-19,3.47679e-19,kenya pen=0.5 phi=0.5 tou
255,1300,300,100,True,2.35428,True,5.00588e-19,3.47679e-19,kenya pen=0.5 phi=0.5 tou
255,1320,300,100,True,2.36961,True,5.00588e-19,3.47679e-19,kenya pen=0.5 phi=0.5 tou
255,1340,300,100,True,2.38494,True,5.00588e-19,3.47679e-19,kenya pen=0.5 phi=0.5 tou
255,1360,300,100,True,2.40028,True,5.00588e-19,3.47679e-19,kenya pen=0.5 phi=0.5 tou
255,1380,300,100,True,2.41561,True,5.00588e-19,3.47679e-19,kenya pen=0.5 phi=0.5 tou
255,1400,300,100,True,2.43094,True,5.00588e-19,3.47679e-19,kenya pen=0.5 phi=0.5 tou
260,0,300,100,True,1.95059,False,0.325221,0.305198,kenya pen=0.5 phi=0.5 tou
260,20,300,100,True,1.82508,False,0.296886,0.25845,kenya pen=0.5 phi=0.5 tou
260,40,300,100,True,1.71737,False,0.269475,0.211999,kenya pen=0.5 phi=0.5 tou
260,60,300,100,True,1.62384,False,0.242166,0.165609,kenya pen=0.5 phi=0.5 tou
260,80,300,100,True,1.55513,False,0.214966,0.1221,kenya pen=0.5 phi=0.5 tou
260,100,300,100,True,1.51885,False,0.187756,0.0858103,kenya pen=0.5 phi=0.5 tou
260,120,300,100,True,1.50305,False,0.160334,0.0574564,kenya pen=0.5 phi=0.5 tou
260,140,300,100,True,1.50148,False,0.131941,0.0375096,kenya pen=0.5 phi=0.5 tou
260,160,300,100,True,1.50666,False,0.102164,0.0230287,kenya pen=0.5 phi=0.5 tou
260,180,300,100,True,1.51548,False,0.0711869,0.0126292,kenya pen=0.5 phi=0.5 tou
260,200,300,100,True,1.52693,True,0.0408916,0.00594324,kenya pen=0.5 phi=0.5 tou
260,220,300,100,True,1.54033,True,0.0183169,0.00247721,kenya pen=0.5 phi=0.5 tou
260,240,300,100,True,1.55491,True,0.00788444,0.00110856,kenya pen=0.5 phi=0.5 tou
260,260,300,100,True,1.56996,True,0.00423061,0.000609383,kenya pen=0.5 phi=0.5 tou
260,280,300,100,True,1.58517,True,0.00274334,0.000389291,kenya pen=0.5 phi=0.5 tou
260,300,300,100,True,1.60043,True,0.00196625,0.000268308,kenya pen=0.5 phi=0.5 tou
260,320,300,100,True,1.61572,True,0.00151499,0.000192005,kenya pen=0.5 phi=0.5 tou
260,340,300,100,True,1.63102,True,0.00114243,0.000130731,kenya pen=0.5 phi=0.5 tou
260,360,300,100,True,1.64633,True,0.00081567,8.48677e-05,kenya pen=0.5 phi=0.5 tou
260,380,300,100,True,1.66164,True,0.000536199,4.92694e-05,kenya pen=0.5 phi=0.5 tou
260,400,300,100,True,1.67696,True,0.000347683,2.72151e-05,kenya pen=0.5 phi=0.5 tou
260,420,300,100,True,1.69228,True,0.00016134,1.23299e-05,kenya pen=0.5 phi=0.5 tou
260,440,300,100,True,1.70761,True,3.24312e-05,2.47844e-06,kenya pen=0.5 phi=0.5 tou
260,460,300,100,True,1.72294,True,4.9971e-19,3.53823e-19,kenya pen=0.5 phi=0.5 tou
260,480,300,100,True,1.73827,True,4.9971e-19,3.53823e-19,kenya pen=0.5 phi=0.5 tou
260,500,300,100,True,1.75361,True,4.9971e-19,3.53823e-19,kenya pen=0.5 phi=0.5 tou
260,520,300,100,True,1.76894,True,4.9971e-19,3.53823e-19,kenya pen=0.5 phi=0.5 tou
260,540,300,100,True,1.78427,True,4.9971e-19,3.53823e-19,kenya pen=0.5 phi=0.5 tou
260,560,300,100,True,1.79961,True,4.9971e-19,3.53823e-19,kenya pen=0.5 phi=0.5 tou
260,580,300,100,True,1.81494,True,4.9971e-19,3.53823e-19,kenya pen=0.5 phi=0.5 tou
260,600,300,100,True,1.83027,True,4.9971e-19,3.53823e-19,kenya pen=0.5 phi=0.5 tou
260,620,300,100,True,1.8456,True,4.9971e-19,3.53823e-19,kenya pen=0.5 phi=0.5 tou
260,640,300,100,True,1.86094,True,4.9971e-19,3.53823e-19,kenya pen=0.5 phi=0.5 tou
260,660,300,100,True,1.87627,True,4.9971e-19,3.53823e-19,kenya pen=0.5 phi=0.5 tou
260,680,300,100,True,1.8916,True,4.9971e-19,3.53823e-19,kenya pen=0.5 phi=0.5 tou
260,700,300,100,True,1.90693,True,4.9971e-19,3.53823e-19,kenya pen=0.5 phi=0.5 tou
260,720,300,100,True,1.92227,True,4.9971e-19,3.53823e-19,kenya pen=0.5 phi=0.5 tou
260,740,300,100,True,1.9376,True,4.9971e-19,3.53823e-19,kenya pen=0.5 phi=0.5 tou
260,760,300,100,True,1.95293,True,4.9971e-19,3.53823e-19,kenya pen=0.5 phi=0.5 tou
260,780,300,100,True,1.96827,True,4.9971e-19,3.53823e-19,kenya pen=0.5 phi=0.5 tou
260,800,300,100,True,1.9836,True,4.9971e-19,3.53823e-19,kenya pen=0.5 phi=0.5 tou
260,820,300,100,True,1.99893,True,4.9971e-19,3.53823e-19,kenya pen=0.5 phi=0.5 tou
260,840,300,100,True,2.01426,True,4.9971e-19,3.53823e-19,kenya pen=0.5 phi=0.5 tou
260,860,300,100,True,2.0296,True,4.9971e-19,3.53823e-19,kenya pen=0.5 phi=0.5 tou
260,880,300,100,True,2.04493,True,4.9971e-19,3.53823e-19,kenya pen=0.5 phi=0.5 tou
260,900,300,100,True,2.06026,True,4.9971e-19,3.53823e-19,kenya pen=0.5 phi=0.5 tou
260,920,300,100,True,2.0756,True,4.9971e-19,3.53823e-19,kenya pen=0.5 phi=0.5 tou
260,940,300,100,True,2.09093,True,4.9971e-19,3.53823e-19,kenya pen=0.5 phi=0.5 tou
260,960,300,100,True,2.10626,True,4.9971e-19,3.53823e-19,kenya pen=0.5 phi=0.5 tou
260,980,300,100,True,2.12159,True,4.9971e-19,3.53823e-19,kenya pen=0.5 phi=0.5 tou
260,1000,300,100,True,2.13693,True,4.9971e-19,3.53823e-19,kenya pen=0.5 phi=0.5 tou
260,1020,300,100,True,2.15226,True,4.9971e-19,3.53823e-19,kenya pen=0.5 phi=0.5 tou
260,1040,300,100,True,2.16759,True,4.9971e-19,3.53823e-19,kenya pen=0.5 phi=0.5 tou
260,1060,300,100,True,2.18292,True,4.9971e-19,3.53823e-19,kenya pen=0.5 phi=0.5 tou
260,1080,300,100,True,2.19826,True,4.9971e-19,3.53823e-19,kenya pen=0.5 phi=0.5 tou
260,1100,300,100,True,2.21359,True,4.9971e-19,3.53823e-19,kenya pen=0.5 phi=0.5 tou
260,1120,300,100,True,2.22892,True,4.9971e-19,3.53823e-19,kenya pen=0.5 phi=0.5 tou
260,1140,300,100,True,2.24426,True,4.9971e-19,3.53823e-19,kenya pen=0.5 phi=0.5 tou
260,1160,300,100,True,2.25959,True,4.9971e-19,3.53823e-19,kenya pen=0.5 phi=0.5 tou
260,1180,300,100,True,2.27492,True,4.9971e-19,3.53823e-19,kenya pen=0.5 phi=0.5 tou
260,1200,300,100,True,2.29025,True,4.9971e-19,3.53823e-19,kenya pen=0.5 phi=0.5 tou
260,1220,300,100,True,2.30559,True,4.9971e-19,3.53823e-19,kenya pen=0.5 phi=0.5 tou
260,1240,300,100,True,2.32092,True,4.9971e-19,3.53823e-19,kenya pen=0.5 phi=0.5 tou
260,1260,300,100,True,2.33625,True,4.9971e-19,3.53823e-19,kenya pen=0.5 phi=0.5 tou
260,1280,300,100,True,2.35158,True,4.9971e-19,3.53823e-19,kenya pen=0.5 phi=0.5 tou
260,1300,300,100,True,2.36692,True,4.9971e-19,3.53823e-19,kenya pen=0.5 phi=0.5 tou
260,1320,300,100,True,2.38225,True,4.9971e-19,3.53823e-19,kenya pen=0.5 phi=0.5 tou
260,1340,300,100,True,2.39758,True,4.9971e-19,3.53823e-19,kenya pen=0.5 phi=0.5 tou
260,1360,300,100,True,2.41292,True,4.9971e-19,3.53823e-19,kenya pen=0.5 phi=0.5 tou
260,1380,300,100,True,2.42825,True,4.9971e-19,3.53823e-19,kenya pen=0.5 phi=0.5 tou
260,1400,300,100,True,2.44358,True,4.9971e-19,3.53823e-19,kenya pen=0.5 phi=0.5 tou
265,0,300,100,True,1.96683,False,0.324067,0.30443,kenya pen=0.5 phi=0.5 tou
265,20,300,100,True,1.84025,False,0.29582,0.257707,kenya pen=0.5 phi=0.5 tou
265,40,300,100,True,1.73157,False,0.268392,0.211255,kenya pen=0.5 phi=0.5 tou
265,60,300,100,True,1.63719,False,0.241065,0.164864,kenya pen=0.5 phi=0.5 tou
265,80,300,100,True,1.56793,False,0.213856,0.121377,kenya pen=0.5 phi=0.5 tou
265,100,300,100,True,1.5314,False,0.186647,0.0851366,kenya pen=0.5 phi=0.5 tou
265,120,300,100,True,1.51554,False,0.159197,0.0568755,kenya pen=0.5 phi=0.5 tou
265,140,300,100,True,1.51397,False,0.130785,0.0370216,kenya pen=0.5 phi=0.5 tou
265,160,300,100,True,1.51914,False,0.100986,0.0226192,kenya pen=0.5 phi=0.5 tou
265,180,300,100,True,1.52798,False,0.0699887,0.0123095,kenya pen=0.5 phi=0.5 tou
265,200,300,100,True,1.53946,True,0.0397738,0.00571823,kenya pen=0.5 phi=0.5 tou
265,220,300,100,True,1.5529,True,0.0175085,0.00234056,kenya pen=0.5 phi=0.5 tou
265,240,300,100,True,1.5675,True,0.0073433,0.00102088,kenya pen=0.5 phi=0.5 tou
265,260,300,100,True,1.58257,True,0.00391097,0.000554329,kenya pen=0.5 phi=0.5 tou
265,280,300,100,True,1.59778,True,0.00248743,0.000346062,kenya pen=0.5 phi=0.5 tou
265,300,300,100,True,1.61305,True,0.00174597,0.000234788,kenya pen=0.5 phi=0.5 tou
265,320,300,100,True,1.62834,True,0.0013423,0.000164799,kenya pen=0.5 phi=0.5 tou
265,340,300,100,True,1.64365,True,0.000982851,0.000110342,kenya pen=0.5 phi=0.5 tou
265,360,300,100,True,1.65896,True,0.00070339,7.07547e-05,kenya pen=0.5 phi=0.5 tou
265,380,300,100,True,1.67427,True,0.000462061,4.04318e-05,kenya pen=0.5 phi=0.5 tou
265,400,300,100,True,1.68959,True,0.000275726,2.10714e-05,kenya pen=0.5 phi=0.5 tou
265,420,300,100,True,1.70492,True,9.12004e-05,6.96967e-06,kenya pen=0.5 phi=0.5 tou
265,440,300,100,True,1.72025,True,4.9971e-19,3.55135e-19,kenya pen=0.5 phi=0.5 tou
265,460,300,100,True,1.73558,True,4.9971e-19,3.55135e-19,kenya pen=0.5 phi=0.5 tou
265,480,300,100,True,1.75091,True,4.9971e-19,3.55135e-19,kenya pen=0.5 phi=0.5 tou
265,500,300,100,True,1.76625,True,4.9971e-19,3.55135e-19,kenya pen=0.5 phi=0.5 tou
265,520,300,100,True,1.78158,True,4.9971e-19,3.55135e-19,kenya pen=0.5 phi=0.5 tou
265,540,300,100,True,1.79691,True,4.9971e-19,3.55135e-19,kenya pen=0.5 phi=0.5 tou
265,560,300,100,True,1.81224,True,4.9971e-19,3.55135e-19,kenya pen=0.5 phi=0.5 tou
265,580,300,100,True,1.82758,True,4.9971e-19,3.55135e-19,kenya pen=0.5 phi=0.5 tou
265,600,300,100,True,1.84291,True,4.9971e-19,3.55135e-19,kenya pen=0.5 phi=0.5 tou
265,620,300,100,True,1.85824,True,4.9971e-19,3.55135e-19,kenya pen=0.5 phi=0.5 tou
265,640,300,100,True,1.87357,True,4.9971e-19,3.55135e-19,kenya pen=0.5 phi=0.5 tou
265,660,300,100,True,1.88891,True,4.9971e-19,3.55135e-19,kenya pen=0.5 phi=0.5 tou
265,680,300,100,True,1.90424,True,4.9971e-19,3.55135e-19,kenya pen=0.5 phi=0.5 tou
265,700,300,100,True,1.91957,True,4.9971e-19,3.55135e-19,kenya pen=0.5 phi=0.5 tou
265,720,300,100,True,1.93491,True,4.9971e-19,3.55135e-19,kenya pen=0.5 phi=0.5 tou
265,740,300,100,True,1.95024,True,4.9971e-19,3.55135e-19,kenya pen=0.5 phi=0.5 tou
265,760,300,100,True,1.96557,True,4.9971e-19,3.55135e-19,kenya pen=0.5 phi=0.5 tou
265,780,300,100,True,1.9809,True,4.9971e-19,3.55135e-19,kenya pen=0.5 phi=0.5 tou
265,800,300,100,True,1.99624,True,4.9971e-19,3.55135e-19,kenya pen=0.5 phi=0.5 tou
265,820,300,100,True,2.01157,True,4.9971e-19,3.55135e-19,kenya pen=0.5 phi=0.5 tou
265,840,300,100,True,2.0269,True,4.9971e-19,3.55135e-19,kenya pen=0.5 phi=0.5 tou
265,860,300,100,True,2.04223,True,4.9971e-19,3.55135e-19,kenya pen=0.5 phi=0.5 tou
265,880,300,100,True,2.05757,True,4.9971e-19,3.55135e-19,kenya pen=0.5 phi=0.5 tou
265,900,300,100,True,2.0729,True,4.9971e-19,3.55135e-19,kenya pen=0.5 phi=0.5 tou
265,920,300,100,True,2.08823,True,4.9971e-19,3.55135e-19,kenya pen=0.5 phi=0.5 tou
265,940,300,100,True,2.10357,True,4.9971e-19,3.55135e-19,kenya pen=0.5 phi=0.5 tou
265,960,300,100,True,2.1189,True,4.9971e-19,3.55135e-19,kenya pen=0.5 phi=0.5 tou
265,980,300,100,True,2.13423,True,4.9971e-19,3.55135e-19,kenya pen=0.5 phi=0.5 tou
265,1000,300,100,True,2.14956,True,4.9971e-19,3.55135e-19,kenya pen=0.5 phi=0.5 tou
265,1020,300,100,True,2.1649,True,4.9971e-19,3.55135e-19,kenya pen=0.5 phi=0.5 tou
265,1040,300,100,True,2.18023,True,4.9971e-19,3.55135e-19,kenya pen=0.5 phi=0.5 tou
265,1060,300,100,True,2.19556,True,4.9971e-19,3.55135e-19,kenya pen=0.5 phi=0.5 tou
265,1080,300,100,True,2.21089,True,4.9971e-19,3.55135e-19,kenya pen=0.5 phi=0.5 tou
265,1100,300,100,True,2.22623,True,4.9971e-19,3.55135e-19,kenya pen=0.5 phi=0.5 tou
265,1120,300,100,True,2.24156,True,4.9971e-19,3.55135e-19,kenya pen=0.5 phi=0.5 tou
265,1140,300,100,True,2.25689,True,4.9971e-19,3.55135e-19,kenya pen=0.5 phi=0.5 tou
265,1160,300,100,True,2.27223,True,4.9971e-19,3.55135e-19,kenya pen=0.5 phi=0.5 tou
265,1180,300,100,True,2.28756,True,4.9971e-19,3.55135e-19,kenya pen=0.5 phi=0.5 tou
265,1200,300,100,True,2.30289,True,4.9971e-19,3.55135e-19,kenya pen=0.5 phi=0.5 tou
265,1220,300,100,True,2.31822,True,4.9971e-19,3.55135e-19,kenya pen=0.5 phi=0.5 tou
265,1240,300,100,True,2.33356,True,4.9971e-19,3.55135e-19,kenya pen=0.5 phi=0.5 tou
265,1260,300,100,True,2.34889,True,4.9971e-19,3.55135e-19,kenya pen=0.5 phi=0.5 tou
265,1280,300,100,True,2.36422,True,4.9971e-19,3.55135e-19,kenya pen=0.5 phi=0.5 tou
265,1300,300,100,True,2.37955,True,4.9971e-19,3.55135e-19,kenya pen=0.5 phi=0.5 tou
265,1320,300,100,True,2.39489,True,4.9971e-19,3.55135e-19,kenya pen=0.5 phi=0.5 tou
265,1340,300,100,True,2.41022,True,4.9971e-19,3.55135e-19,kenya pen=0.5 phi=0.5 tou
265,1360,300,100,True,2.42555,True,4.9971e-19,3.55135e-19,kenya pen=0.5 phi=0.5 tou
265,1380,300,100,True,2.44089,True,4.9971e-19,3.55135e-19,kenya pen=0.5 phi=0.5 tou
265,1400,300,100,True,2.45622,True,4.9971e-19,3.55135e-19,kenya pen=0.5 phi=0.5 tou
270,0,300,100,True,1.98312,False,0.322973,0.303691,kenya pen=0.5 phi=0.5 tou
270,20,300,100,True,1.85545,False,0.294792,0.256989,kenya pen=0.5 phi=0.5 tou
270,40,300,100,True,1.74579,False,0.267349,0.210537,kenya pen=0.5 phi=0.5 tou
270,60,300,100,True,1.65056,False,0.240004,0.164146,kenya pen=0.5 phi=0.5 tou
270,80,300,100,True,1.58076,False,0.212775,0.120679,kenya pen=0.5 phi=0.5 tou
270,100,300,100,True,1.54398,False,0.185567,0.0844868,kenya pen=0.5 phi=0.5 tou
270,120,300,100,True,1.52804,False,0.158111,0.0563182,kenya pen=0.5 phi=0.5 tou
270,140,300,100,True,1.52646,False,0.129659,0.036552,kenya pen=0.5 phi=0.5 tou
270,160,300,100,True,1.53163,False,0.0998393,0.0222254,kenya pen=0.5 phi=0.5 tou
270,180,300,100,True,1.54048,False,0.0688196,0.0120043,kenya pen=0.5 phi=0.5 tou
270,200,300,100,True,1.55199,True,0.0386925,0.00550571,kenya pen=0.5 phi=0.5 tou
270,220,300,100,True,1.56547,True,0.0167658,0.00221314,kenya pen=0.5 phi=0.5 tou
270,240,300,100,True,1.58009,True,0.00690283,0.000943714,kenya pen=0.5 phi=0.5 tou
270,260,300,100,True,1.59518,True,0.00362116,0.000501734,kenya pen=0.5 phi=0.5 tou
270,280,300,100,True,1.6104,True,0.00224813,0.000305367,kenya pen=0.5 phi=0.5 tou
270,300,300,100,True,1.62567,True,0.00157066,0.000204861,kenya pen=0.5 phi=0.5 tou
270,320,300,100,True,1.64097,True,0.00116983,0.000138164,kenya pen=0.5 phi=0.5 tou
270,340,300,100,True,1.65627,True,0.000870622,9.35745e-05,kenya pen=0.5 phi=0.5 tou
270,360,300,100,True,1.67159,True,0.000591154,5.6647e-05,kenya pen=0.5 phi=0.5 tou
270,380,300,100,True,1.68691,True,0.000390138,3.22914e-05,kenya pen=0.5 phi=0.5 tou
270,400,300,100,True,1.70223,True,0.000203798,1.55746e-05,kenya pen=0.5 phi=0.5 tou
270,420,300,100,True,1.71756,True,5.68107e-05,4.34156e-06,kenya pen=0.5 phi=0.5 tou
270,440,300,100,True,1.73289,True,5.01818e-19,3.54958e-19,kenya pen=0.5 phi=0.5 tou
270,460,300,100,True,1.74822,True,5.01818e-19,3.54958e-19,kenya pen=0.5 phi=0.5 tou
270,480,300,100,True,1.76355,True,5.01818e-19,3.54958e-19,kenya pen=0.5 phi=0.5 tou
270,500,300,100,True,1.77888,True,5.01818e-19,3.54958e-19,kenya pen=0.5 phi=0.5 tou
270,520,300,100,True,1.79422,True,5.01818e-19,3.54958e-19,kenya pen=0.5 phi=0.5 tou
270,540,300,100,True,1.80955,True,5.01818e-19,3.54958e-19,kenya pen=0.5 phi=0.5 tou
270,560,300,100,True,1.82488,True,5.01818e-19,3.54958e-19,kenya pen=0.5 phi=0.5 tou
270,580,300,100,True,1.84021,True,5.01818e-19,3.54958e-19,kenya pen=0.5 phi=0.5 tou
270,600,300,100,True,1.85555,True,5.01818e-19,3.54958e-19,kenya pen=0.5 phi=0.5 tou
270,620,300,100,True,1.87088,True,5.01818e-19,3.54958e-19,kenya pen=0.5 phi=0.5 tou
270,640,300,100,True,1.88621,True,5.01818e-19,3.54958e-19,kenya pen=0.5 phi=0.5 tou
270,660,300,100,True,1.90155,True,5.01818e-19,3.54958e-19,kenya pen=0.5 phi=0.5 tou
270,680,300,100,True,1.91688,True,5.01818e-19,3.54958e-19,kenya pen=0.5 phi=0.5 tou
270,700,300,100,True,1.93221,True,5.01818e-19,3.54958e-19,kenya pen=0.5 phi=0.5 tou
270,720,300,100,True,1.94754,True,5.01818e-19,3.54958e-19,kenya pen=0.5 phi=0.5 tou
270,740,300,100,True,1.96288,True,5.01818e-19,3.54958e-19,kenya pen=0.5 phi=0.5 tou
270,760,300,100,True,1.97821,True,5.01818e-19,3.54958e-19,kenya pen=0.5 phi=0.5 tou
270,780,300,100,True,1.99354,True,5.01818e-19,3.54958e-19,kenya pen=0.5 phi=0.5 tou
270,800,300,100,True,2.00887,True,5.01818e-19,3.54958e-19,kenya pen=0.5 phi=0.5 tou
270,820,300,100,True,2.02421,True,5.01818e-19,3.54958e-19,kenya pen=0.5 phi=0.5 tou
270,840,300,100,True,2.03954,True,5.01818e-19,3.54958e-19,kenya pen=0.5 phi=0.5 tou
270,860,300,100,True,2.05487,True,5.01818e-19,3.54958e-19,kenya pen=0.5 phi=0.5 tou
270,880,300,100,True,2.07021,True,5.01818e-19,3.54958e-19,kenya pen=0.5 phi=0.5 tou
270,900,300,100,True,2.08554,True,5.01818e-19,3.54958e-19,kenya pen=0.5 phi=0.5 tou
270,920,300,100,True,2.10087,True,5.01818e-19,3.54958e-19,kenya pen=0.5 phi=0.5 tou
270,940,300,100,True,2.1162,True,5.01818e-19,3.54958e-19,kenya pen=0.5 phi=0.5 tou
270,960,300,100,True,2.13154,True,5.01818e-19,3.54958e-19,kenya pen=0.5 phi=0.5 tou
270,980,300,100,True,2.14687,True,5.01818e-19,3.54958e-19,kenya pen=0.5 phi=0.5 tou
270,1000,300,100,True,2.1622,True,5.01818e-19,3.54958e-19,kenya pen=0.5 phi=0.5 tou
270,1020,300,100,True,2.17753,True,5.01818e-19,3.54958e-19,kenya pen=0.5 phi=0.5 tou
270,1040,300,100,True,2.19287,True,5.01818e-19,3.54958e-19,kenya pen=0.5 phi=0.5 tou
270,1060,300,100,True,2.2082,True,5.01818e-19,3.54958e-19,kenya pen=0.5 phi=0.5 tou
270,1080,300,100,True,2.22353,True,5.01818e-19,3.54958e-19,kenya pen=0.5 phi=0.5 tou
270,1100,300,100,True,2.23887,True,5.01818e-19,3.54958e-19,kenya pen=0.5 phi=0.5 tou
270,1120,300,100,True,2.2542,True,5.01818e-19,3.54958e-19,kenya pen=0.5 phi=0.5 tou
270,1140,300,100,True,2.26953,True,5.01818e-19,3.54958e-19,kenya pen=0.5 phi=0.5 tou
270,1160,300,100,True,2.28486,True,5.01818e-19,3.54958e-19,kenya pen=0.5 phi=0.5 tou
270,1180,300,100,True,2.3002,True,5.01818e-19,3.54958e-19,kenya pen=0.5 phi=0.5 tou
270,1200,300,100,True,2.31553,True,5.01818e-19,3.54958e-19,kenya pen=0.5 phi=0.5 tou
270,1220,300,100,True,2.33086,True,5.01818e-19,3.54958e-19,kenya pen=0.5 phi=0.5 tou
270,1240,300,100,True,2.34619,True,5.01818e-19,3.54958e-19,kenya pen=0.5 phi=0.5 tou
270,1260,300,100,True,2.36153,True,5.01818e-19,3.54958e-19,kenya pen=0.5 phi=0.5 tou
270,1280,300,100,True,2.37686,True,5.01818e-19,3.54958e-19,kenya pen=0.5 phi=0.5 tou
270,1300,300,100,True,2.39219,True,5.01818e-19,3.54958e-19,kenya pen=0.5 phi=0.5 tou
270,1320,300,100,True,2.40753,True,5.01818e-19,3.54958e-19,kenya pen=0.5 phi=0.5 tou
270,1340,300,100,True,2.42286,True,5.01818e-19,3.54958e-19,kenya pen=0.5 phi=0.5 tou
270,1360,300,100,True,2.43819,True,5.01818e-19,3.54958e-19,kenya pen=0.5 phi=0.5 tou
270,1380,300,100,True,2.45352,True,5.01818e-19,3.54958e-19,kenya pen=0.5 phi=0.5 tou
270,1400,300,100,True,2.46886,True,5.01818e-19,3.54958e-19,kenya pen=0.5 phi=0.5 tou
275,0,300,100,True,1.99943,False,0.321902,0.302978,kenya pen=0.5 phi=0.5 tou
275,20,300,100,True,1.87067,False,0.293793,0.256295,kenya pen=0.5 phi=0.5 tou
275,40,300,100,True,1.76004,False,0.266352,0.209845,kenya pen=0.5 phi=0.5 tou
275,60,300,100,True,1.66396,False,0.238991,0.163453,kenya pen=0.5 phi=0.5 tou
275,80,300,100,True,1.59361,False,0.211731,0.120008,kenya pen=0.5 phi=0.5 tou
275,100,300,100,True,1.55656,False,0.184524,0.0838602,kenya pen=0.5 phi=0.5 tou
275,120,300,100,True,1.54055,False,0.157062,0.0557817,kenya pen=0.5 phi=0.5 tou
275,140,300,100,True,1.53896,False,0.12857,0.0361027,kenya pen=0.5 phi=0.5 tou
275,160,300,100,True,1.54413,False,0.0987302,0.0218468,kenya pen=0.5 phi=0.5 tou
275,180,300,100,True,1.55299,False,0.0676867,0.0117114,kenya pen=0.5 phi=0.5 tou
275,200,300,100,True,1.56454,True,0.0376492,0.00530476,kenya pen=0.5 phi=0.5 tou
275,220,300,100,True,1.57805,True,0.0160691,0.00209351,kenya pen=0.5 phi=0.5 tou
275,240,300,100,True,1.5927,True,0.00651788,0.00087811,kenya pen=0.5 phi=0.5 tou
275,260,300,100,True,1.60779,True,0.00336735,0.000453915,kenya pen=0.5 phi=0.5 tou
275,280,300,100,True,1.62302,True,0.00204657,0.000272124,kenya pen=0.5 phi=0.5 tou
275,300,300,100,True,1.6383,True,0.00140555,0.000177536,kenya pen=0.5 phi=0.5 tou
275,320,300,100,True,1.6536,True,0.00103789,0.000119529,kenya pen=0.5 phi=0.5 tou
275,340,300,100,True,1.6689,True,0.000758431,7.81424e-05,kenya pen=0.5 phi=0.5 tou
275,360,300,100,True,1.68422,True,0.000504575,4.55145e-05,kenya pen=0.5 phi=0.5 tou
275,380,300,100,True,1.69954,True,0.000318243,2.43206e-05,kenya pen=0.5 phi=0.5 tou
275,400,300,100,True,1.71486,True,0.000131899,1.00799e-05,kenya pen=0.5 phi=0.5 tou
275,420,300,100,True,1.73019,True,2.24357e-05,1.71457e-06,kenya pen=0.5 phi=0.5 tou
275,440,300,100,True,1.74552,True,4.92684e-19,3.55054e-19,kenya pen=0.5 phi=0.5 tou
275,460,300,100,True,1.76086,True,4.92684e-19,3.55054e-19,kenya pen=0.5 phi=0.5 tou
275,480,300,100,True,1.77619,True,4.92684e-19,3.55054e-19,kenya pen=0.5 phi=0.5 tou
275,500,300,100,True,1.79152,True,4.92684e-19,3.55054e-19,kenya pen=0.5 phi=0.5 tou
275,520,300,100,True,1.80685,True,4.92684e-19,3.55054e-19,kenya pen=0.5 phi=0.5 tou
275,540,300,100,True,1.82219,True,4.92684e-19,3.55054e-19,kenya pen=0.5 phi=0.5 tou
275,560,300,100,True,1.83752,True,4.92684e-19,3.55054e-19,kenya pen=0.5 phi=0.5 tou
275,580,300,100,True,1.85285,True,4.92684e-19,3.55054e-19,kenya pen=0.5 phi=0.5 tou
275,600,300,100,True,1.86819,True,4.92684e-19,3.55054e-19,kenya pen=0.5 phi=0.5 tou
275,620,300,100,True,1.88352,True,4.92684e-19,3.55054e-19,kenya pen=0.5 phi=0.5 tou
275,640,300,100,True,1.89885,True,4.92684e-19,3.55054e-19,kenya pen=0.5 phi=0.5 tou
275,660,300,100,True,1.91418,True,4.92684e-19,3.55054e-19,kenya pen=0.5 phi=0.5 tou
275,680,300,100,True,1.92952,True,4.92684e-19,3.55054e-19,kenya pen=0.5 phi=0.5 tou
275,700,300,100,True,1.94485,True,4.92684e-19,3.55054e-19,kenya pen=0.5 phi=0.5 tou
275,720,300,100,True,1.96018,True,4.92684e-19,3.55054e-19,kenya pen=0.5 phi=0.5 tou
275,740,300,100,True,1.97551,True,4.92684e-19,3.55054e-19,kenya pen=0.5 phi=0.5 tou
275,760,300,100,True,1.99085,True,4.92684e-19,3.55054e-19,kenya pen=0.5 phi=0.5 tou
275,780,300,100,True,2.00618,True,4.92684e-19,3.55054e-19,kenya pen=0.5 phi=0.5 tou
275,800,300,100,True,2.02151,True,4.92684e-19,3.55054e-19,kenya pen=0.5 phi=0.5 tou
275,820,300,100,True,2.03685,True,4.92684e-19,3.55054e-19,kenya pen=0.5 phi=0.5 tou
275,840,300,100,True,2.05218,True,4.92684e-19,3.55054e-19,kenya pen=0.5 phi=0.5 tou
275,860,300,100,True,2.06751,True,4.92684e-19,3.55054e-19,kenya pen=0.5 phi=0.5 tou
275,880,300,100,True,2.08284,True,4.92684e-19,3.55054e-19,kenya pen=0.5 phi=0.5 tou
275,900,300,100,True,2.09818,True,4.92684e-19,3.55054e-19,kenya pen=0.5 phi=0.5 tou
275,920,300,100,True,2.11351,True,4.92684e-19,3.55054e-19,kenya pen=0.5 phi=0.5 tou
275,940,300,100,True,2.12884,True,4.92684e-19,3.55054e-19,kenya pen=0.5 phi=0.5 tou
275,960,300,100,True,2.14417,True,4.92684e-19,3.55054e-19,kenya pen=0.5 phi=0.5 tou
275,980,300,100,True,2.15951,True,4.92684e-19,3.55054e-19,kenya pen=0.5 phi=0.5 tou
275,1000,300,100,True,2.17484,True,4.92684e-19,3.55054e-19,kenya pen=0.5 phi=0.5 tou
275,1020,300,100,True,2.19017,True,4.92684e-19,3.55054e-19,kenya pen=0.5 phi=0.5 tou
275,1040,300,100,True,2.20551,True,4.92684e-19,3.55054e-19,kenya pen=0.5 phi=0.5 tou
275,1060,300,100,True,2.22084,True,4.92684e-19,3.55054e-19,kenya pen=0.5 phi=0.5 tou
275,1080,300,100,True,2.23617,True,4.92684e-19,3.55054e-19,kenya pen=0.5 phi=0.5 tou
275,1100,300,100,True,2.2515,True,4.92684e-19,3.55054e-19,kenya pen=0.5 phi=0.5 tou
275,1120,300,100,True,2.26684,True,4.92684e-19,3.55054e-19,kenya pen=0.5 phi=0.5 tou
275,1140,300,100,True,2.28217,True,4.92684e-19,3.55054e-19,kenya pen=0.5 phi=0.5 tou
275,1160,300,100,True,2.2975,True,4.92684e-19,3.55054e-19,kenya pen=0.5 phi=0.5 tou
275,1180,300,100,True,2.31283,True,4.92684e-19,3.55054e-19,kenya pen=0.5 phi=0.5 tou
275,1200,300,100,True,2.32817,True,4.92684e-19,3.55054e-19,kenya pen=0.5 phi=0.5 tou
275,1220,300,100,True,2.3435,True,4.92684e-19,3.55054e-19,kenya pen=0.5 phi=0.5 tou
275,1240,300,100,True,2.35883,True,4.92684e-19,3.55054e-19,kenya pen=0.5 phi=0.5 tou
275,1260,300,100,True,2.37417,True,4.92684e-19,3.55054e-19,kenya pen=0.5 phi=0.5 tou
275,1280,300,100,True,2.3895,True,4.92684e-19,3.55054e-19,kenya pen=0.5 phi=0.5 tou
275,1300,300,100,True,2.40483,True,4.92684e-19,3.55054e-19,kenya pen=0.5 phi=0.5 tou
275,1320,300,100,True,2.42016,True,4.92684e-19,3.55054e-19,kenya pen=0.5 phi=0.5 tou
275,1340,300,100,True,2.4355,True,4.92684e-19,3.55054e-19,kenya pen=0.5 phi=0.5 tou
275,1360,300,100,True,2.45083,True,4.92684e-19,3.55054e-19,kenya pen=0.5 phi=0.5 tou
275,1380,300,100,True,2.46616,True,4.92684e-19,3.55054e-19,kenya pen=0.5 phi=0.5 tou
275,1400,300,100,True,2.48149,True,4.92684e-19,3.55054e-19,kenya pen=0.5 phi=0.5 tou
280,0,300,100,True,2.01579,False,0.320872,0.302293,kenya pen=0.5 phi=0.5 tou
280,20,300,100,True,1.88593,False,0.292832,0.255628,kenya pen=0.5 phi=0.5 tou
280,40,300,100,True,1.77432,False,0.265391,0.209179,kenya pen=0.5 phi=0.5 tou
280,60,300,100,True,1.67738,False,0.238035,0.162788,kenya pen=0.5 phi=0.5 tou
280,80,300,100,True,1.60648,False,0.210722,0.119362,kenya pen=0.5 phi=0.5 tou
280,100,300,100,True,1.56917,False,0.183516,0.0832592,kenya pen=0.5 phi=0.5 tou
280,120,300,100,True,1.55308,False,0.156048,0.0552681,kenya pen=0.5 phi=0.5 tou
280,140,300,100,True,1.55148,False,0.127516,0.0356732,kenya pen=0.5 phi=0.5 tou
280,160,300,100,True,1.55663,False,0.0976574,0.0214851,kenya pen=0.5 phi=0.5 tou
280,180,300,100,True,1.56551,False,0.0665913,0.0114309,kenya pen=0.5 phi=0.5 tou
280,200,300,100,True,1.57708,True,0.0366379,0.00511193,kenya pen=0.5 phi=0.5 tou
280,220,300,100,True,1.59063,True,0.0154088,0.00198156,kenya pen=0.5 phi=0.5 tou
280,240,300,100,True,1.6053,True,0.00616302,0.000815783,kenya pen=0.5 phi=0.5 tou
280,260,300,100,True,1.6204,True,0.00315174,0.000412045,kenya pen=0.5 phi=0.5 tou
280,280,300,100,True,1.63564,True,0.00188508,0.000241978,kenya pen=0.5 phi=0.5 tou
280,300,300,100,True,1.65092,True,0.00127843,0.000154011,kenya pen=0.5 phi=0.5 tou
280,320,300,100,True,1.66622,True,0.000927997,0.000102946,kenya pen=0.5 phi=0.5 tou
280,340,300,100,True,1.68153,True,0.000648534,6.42172e-05,kenya pen=0.5 phi=0.5 tou
280,360,300,100,True,1.69685,True,0.000432712,3.73806e-05,kenya pen=0.5 phi=0.5 tou
280,380,300,100,True,1.71217,True,0.000246375,1.88284e-05,kenya pen=0.5 phi=0.5 tou
280,400,300,100,True,1.7275,True,8.12518e-05,6.20938e-06,kenya pen=0.5 phi=0.5 tou
280,420,300,100,True,1.74283,True,5.08141e-19,3.53746e-19,kenya pen=0.5 phi=0.5 tou
280,440,300,100,True,1.75816,True,5.08141e-19,3.53746e-19,kenya pen=0.5 phi=0.5 tou
280,460,300,100,True,1.77349,True,5.08141e-19,3.53746e-19,kenya pen=0.5 phi=0.5 tou
280,480,300,100,True,1.78883,True,5.08141e-19,3.53746e-19,kenya pen=0.5 phi=0.5 tou
280,500,300,100,True,1.80416,True,5.08141e-19,3.53746e-19,kenya pen=0.5 phi=0.5 tou
280,520,300,100,True,1.81949,True,5.08141e-19,3.53746e-19,kenya pen=0.5 phi=0.5 tou
280,540,300,100,True,1.83482,True,5.08141e-19,3.53746e-19,kenya pen=0.5 phi=0.5 tou
280,560,300,100,True,1.85016,True,5.08141e-19,3.53746e-19,kenya pen=0.5 phi=0.5 tou
280,580,300,100,True,1.86549,True,5.08141e-19,3.53746e-19,kenya pen=0.5 phi=0.5 tou
280,600,300,100,True,1.88082,True,5.08141e-19,3.53746e-19,kenya pen=0.5 phi=0.5 tou
280,620,300,100,True,1.89616,True,5.08141e-19,3.53746e-19,kenya pen=0.5 phi=0.5 tou
280,640,300,100,True,1.91149,True,5.08141e-19,3.53746e-19,kenya pen=0.5 phi=0.5 tou
280,660,300,100,True,1.92682,True,5.08141e-19,3.53746e-19,kenya pen=0.5 phi=0.5 tou
280,680,300,100,True,1.94215,True,5.08141e-19,3.53746e-19,kenya pen=0.5 phi=0.5 tou
280,700,300,100,True,1.95749,True,5.08141e-19,3.53746e-19,kenya pen=0.5 phi=0.5 tou
280,720,300,100,True,1.97282,True,5.08141e-19,3.53746e-19,kenya pen=0.5 phi=0.5 tou
280,740,300,100,True,1.98815,True,5.08141e-19,3.53746e-19,kenya pen=0.5 phi=0.5 tou
280,760,300,100,True,2.00348,True,5.08141e-19,3.53746e-19,kenya pen=0.5 phi=0.5 tou
280,780,300,100,True,2.01882,True,5.08141e-19,3.53746e-19,kenya pen=0.5 phi=0.5 tou
280,800,300,100,True,2.03415,True,5.08141e-19,3.53746e-19,kenya pen=0.5 phi=0.5 tou
280,820,300,100,True,2.04948,True,5.08141e-19,3.53746e-19,kenya pen=0.5 phi=0.5 tou
280,840,300,100,True,2.06482,True,5.08141e-19,3.53746e-19,kenya pen=0.5 phi=0.5 tou
280,860,300,100,True,2.08015,True,5.08141e-19,3.53746e-19,kenya pen=0.5 phi=0.5 tou
280,880,300,100,True,2.09548,True,5.08141e-19,3.53746e-19,kenya pen=0.5 phi=0.5 tou
280,900,300,100,True,2.11081,True,5.08141e-19,3.53746e-19,kenya pen=0.5 phi=0.5 tou
280,920,300,100,True,2.12615,True,5.08141e-19,3.53746e-19,kenya pen=0.5 phi=0.5 tou
280,940,300,100,True,2.14148,True,5.08141e-19,3.53746e-19,kenya pen=0.5 phi=0.5 tou
280,960,300,100,True,2.15681,True,5.08141e-19,3.53746e-19,kenya pen=0.5 phi=0.5 tou
280,980,300,100,True,2.17214,True,5.08141e-19,3.53746e-19,kenya pen=0.5 phi=0.5 tou
280,1000,300,100,True,2.18748,True,5.08141e-19,3.53746e-19,kenya pen=0.5 phi=0.5 tou
280,1020,300,100,True,2.20281,True,5.08141e-19,3.53746e-19,kenya pen=0.5 phi=0.5 tou
280,1040,300,100,True,2.21814,True,5.08141e-19,3.53746e-19,kenya pen=0.5 phi=0.5 tou
280,1060,300,100,True,2.23348,True,5.08141e-19,3.53746e-19,kenya pen=0.5 phi=0.5 tou
280,1080,300,100,True,2.24881,True,5.08141e-19,3.53746e-19,kenya pen=0.5 phi=0.5 tou
280,1100,300,100,True,2.26414,True,5.08141e-19,3.53746e-19,kenya pen=0.5 phi=0.5 tou
280,1120,300,100,True,2.27947,True,5.08141e-19,3.53746e-19,kenya pen=0.5 phi=0.5 tou
280,1140,300,100,True,2.29481,True,5.08141e-19,3.53746e-19,kenya pen=0.5 phi=0.5 tou
280,1160,300,100,True,2.31014,True,5.08141e-19,3.53746e-19,kenya pen=0.5 phi=0.5 tou
280,1180,300,100,True,2.32547,True,5.08141e-19,3.53746e-19,kenya pen=0.5 phi=0.5 tou
280,1200,300,100,True,2.34081,True,5.08141e-19,3.53746e-19,kenya pen=0.5 phi=0.5 tou
280,1220,300,100,True,2.35614,True,5.08141e-19,3.53746e-19,kenya pen=0.5 phi=0.5 tou
280,1240,300,100,True,2.37147,True,5.08141e-19,3.53746e-19,kenya pen=0.5 phi=0.5 tou
280,1260,300,100,True,2.3868,True,5.08141e-19,3.53746e-19,kenya pen=0.5 phi=0.5 tou
280,1280,300,100,True,2.40214,True,5.08141e-19,3.53746e-19,kenya pen=0.5 phi=0.5 tou
280,1300,300,100,True,2.41747,True,5.08141e-19,3.53746e-19,kenya pen=0.5 phi=0.5 tou
280,1320,300,100,True,2.4328,True,5.08141e-19,3.53746e-19,kenya pen=0.5 phi=0.5 tou
280,1340,300,100,True,2.44813,True,5.08141e-19,3.53746e-19,kenya pen=0.5 phi=0.5 tou
280,1360,300,100,True,2.46347,True,5.08141e-19,3.53746e-19,kenya pen=0.5 phi=0.5 tou
280,1380,300,100,True,2.4788,True,5.08141e-19,3.53746e-19,kenya pen=0.5 phi=0.5 tou
280,1400,300,100,True,2.49413,True,5.08141e-19,3.53746e-19,kenya pen=0.5 phi=0.5 tou
285,0,300,100,True,2.03219,False,0.319884,0.301631,kenya pen=0.5 phi=0.5 tou
285,20,300,100,True,1.90122,False,0.291904,0.254982,kenya pen=0.5 phi=0.5 tou
285,40,300,100,True,1.78863,False,0.264468,0.208534,kenya pen=0.5 phi=0.5 tou
285,60,300,100,True,1.69082,False,0.237115,0.162144,kenya pen=0.5 phi=0.5 tou
285,80,300,100,True,1.61937,False,0.20977,0.118739,kenya pen=0.5 phi=0.5 tou
285,100,300,100,True,1.58178,False,0.182545,0.0826782,kenya pen=0.5 phi=0.5 tou
285,120,300,100,True,1.56561,False,0.155072,0.0547722,kenya pen=0.5 phi=0.5 tou
285,140,300,100,True,1.564,False,0.12651,0.0352607,kenya pen=0.5 phi=0.5 tou
285,160,300,100,True,1.56914,False,0.0966222,0.021138,kenya pen=0.5 phi=0.5 tou
285,180,300,100,True,1.57803,False,0.0655344,0.0111621,kenya pen=0.5 phi=0.5 tou
285,200,300,100,True,1.58963,True,0.0356774,0.00492921,kenya pen=0.5 phi=0.5 tou
285,220,300,100,True,1.60321,True,0.0147832,0.00187781,kenya pen=0.5 phi=0.5 tou
285,240,300,100,True,1.61791,True,0.00582848,0.000755521,kenya pen=0.5 phi=0.5 tou
285,260,300,100,True,1.63302,True,0.00294348,0.000375201,kenya pen=0.5 phi=0.5 tou
285,280,300,100,True,1.64826,True,0.00173426,0.000212713,kenya pen=0.5 phi=0.5 tou
285,300,300,100,True,1.66355,True,0.00115354,0.000133359,kenya pen=0.5 phi=0.5 tou
285,320,300,100,True,1.67885,True,0.000820324,8.65344e-05,kenya pen=0.5 phi=0.5 tou
285,340,300,100,True,1.69416,True,0.000547204,5.0948e-05,kenya pen=0.5 phi=0.5 tou
285,360,300,100,True,1.70948,True,0.000360872,2.92493e-05,kenya pen=0.5 phi=0.5 tou
285,380,300,100,True,1.72481,True,0.000174531,1.3338e-05,kenya pen=0.5 phi=0.5 tou
285,400,300,100,True,1.74014,True,4.69053e-05,3.58457e-06,kenya pen=0.5 phi=0.5 tou
285,420,300,100,True,1.75547,True,5.08141e-19,3.55078e-19,kenya pen=0.5 phi=0.5 tou
285,440,300,100,True,1.7708,True,5.08141e-19,3.55078e-19,kenya pen=0.5 phi=0.5 tou
285,460,300,100,True,1.78613,True,5.08141e-19,3.55078e-19,kenya pen=0.5 phi=0.5 tou
285,480,300,100,True,1.80146,True,5.08141e-19,3.55078e-19,kenya pen=0.5 phi=0.5 tou
285,500,300,100,True,1.8168,True,5.08141e-19,3.55078e-19,kenya pen=0.5 phi=0.5 tou
285,520,300,100,True,1.83213,True,5.08141e-19,3.55078e-19,kenya pen=0.5 phi=0.5 tou
285,540,300,100,True,1.84746,True,5.08141e-19,3.55078e-19,kenya pen=0.5 phi=0.5 tou
285,560,300,100,True,1.8628,True,5.08141e-19,3.55078e-19,kenya pen=0.5 phi=0.5 tou
285,580,300,100,True,1.87813,True,5.08141e-19,3.55078e-19,kenya pen=0.5 phi=0.5 tou
285,600,300,100,True,1.89346,True,5.08141e-19,3.55078e-19,kenya pen=0.5 phi=0.5 tou
285,620,300,100,True,1.90879,True,5.08141e-19,3.55078e-19,kenya pen=0.5 phi=0.5 tou
285,640,300,100,True,1.92413,True,5.08141e-19,3.55078e-19,kenya pen=0.5 phi=0.5 tou
285,660,300,100,True,1.93946,True,5.08141e-19,3.55078e-19,kenya pen=0.5 phi=0.5 tou
285,680,300,100,True,1.95479,True,5.08141e-19,3.55078e-19,kenya pen=0.5 phi=0.5 tou
285,700,300,100,True,1.97012,True,5.08141e-19,3.55078e-19,kenya pen=0.5 phi=0.5 tou
285,720,300,100,True,1.98546,True,5.08141e-19,3.55078e-19,kenya pen=0.5 phi=0.5 tou
285,740,300,100,True,2.00079,True,5.08141e-19,3.55078e-19,kenya pen=0.5 phi=0.5 tou
285,760,300,100,True,2.01612,True,5.08141e-19,3.55078e-19,kenya pen=0.5 phi=0.5 tou
285,780,300,100,True,2.03146,True,5.08141e-19,3.55078e-19,kenya pen=0.5 phi=0.5 tou
285,800,300,100,True,2.04679,True,5.08141e-19,3.55078e-19,kenya pen=0.5 phi=0.5 tou
285,820,300,100,True,2.06212,True,5.08141e-19,3.55078e-19,kenya pen=0.5 phi=0.5 tou
285,840,300,100,True,2.07745,True,5.08141e-19,3.55078e-19,kenya pen=0.5 phi=0.5 tou
285,860,300,100,True,2.09279,True,5.08141e-19,3.55078e-19,kenya pen=0.5 phi=0.5 tou
285,880,300,100,True,2.10812,True,5.08141e-19,3.55078e-19,kenya pen=0.5 phi=0.5 tou
285,900,300,100,True,2.12345,True,5.08141e-19,3.55078e-19,kenya pen=0.5 phi=0.5 tou
285,920,300,100,True,2.13878,True,5.08141e-19,3.55078e-19,kenya pen=0.5 phi=0.5 tou
285,940,300,100,True,2.15412,True,5.08141e-19,3.55078e-19,kenya pen=0.5 phi=0.5 tou
285,960,300,100,True,2.16945,True,5.08141e-19,3.55078e-19,kenya pen=0.5 phi=0.5 tou
285,980,300,100,True,2.18478,True,5.08141e-19,3.55078e-19,kenya pen=0.5 phi=0.5 tou
285,1000,300,100,True,2.20012,True,5.08141e-19,3.55078e-19,kenya pen=0.5 phi=0.5 tou
285,1020,300,100,True,2.21545,True,5.08141e-19,3.55078e-19,kenya pen=0.5 phi=0.5 tou
285,1040,300,100,True,2.23078,True,5.08141e-19,3.55078e-19,kenya pen=0.5 phi=0.5 tou
285,1060,300,100,True,2.24611,True,5.08141e-19,3.55078e-19,kenya pen=0.5 phi=0.5 tou
285,1080,300,100,True,2.26145,True,5.08141e-19,3.55078e-19,kenya pen=0.5 phi=0.5 tou
285,1100,300,100,True,2.27678,True,5.08141e-19,3.55078e-19,kenya pen=0.5 phi=0.5 tou
285,1120,300,100,True,2.29211,True,5.08141e-19,3.55078e-19,kenya pen=0.5 phi=0.5 tou
285,1140,300,100,True,2.30744,True,5.08141e-19,3.55078e-19,kenya pen=0.5 phi=0.5 tou
285,1160,300,100,True,2.32278,True,5.08141e-19,3.55078e-19,kenya pen=0.5 phi=0.5 tou
285,1180,300,100,True,2.33811,True,5.08141e-19,3.55078e-19,kenya pen=0.5 phi=0.5 tou
285,1200,300,100,True,2.35344,True,5.08141e-19,3.55078e-19,kenya pen=0.5 phi=0.5 tou
285,1220,300,100,True,2.36878,True,5.08141e-19,3.55078e-19,kenya pen=0.5 phi=0.5 tou
285,1240,300,100,True,2.38411,True,5.08141e-19,3.55078e-19,kenya pen=0.5 phi=0.5 tou
285,1260,300,100,True,2.39944,True,5.08141e-19,3.55078e-19,kenya pen=0.5 phi=0.5 tou
285,1280,300,100,True,2.41477,True,5.08141e-19,3.55078e-19,kenya pen=0.5 phi=0.5 tou
285,1300,300,100,True,2.43011,True,5.08141e-19,3.55078e-19,kenya pen=0.5 phi=0.5 tou
285,1320,300,100,True,2.44544,True,5.08141e-19,3.55078e-19,kenya pen=0.5 phi=0.5 tou
285,1340,300,100,True,2.46077,True,5.08141e-19,3.55078e-19,kenya pen=0.5 phi=0.5 tou
285,1360,300,100,True,2.4761,True,5.08141e-19,3.55078e-19,kenya pen=0.5 phi=0.5 tou
285,1380,300,100,True,2.49144,True,5.08141e-19,3.55078e-19,kenya pen=0.5 phi=0.5 tou
285,1400,300,100,True,2.50677,True,5.08141e-19,3.55078e-19,kenya pen=0.5 phi=0.5 tou
290,0,300,100,True,2.04861,False,0.318947,0.300992,kenya pen=0.5 phi=0.5 tou
290,20,300,100,True,1.91653,False,0.291019,0.254357,kenya pen=0.5 phi=0.5 tou
290,40,300,100,True,1.80295,False,0.263586,0.207911,kenya pen=0.5 phi=0.5 tou
290,60,300,100,True,1.70428,False,0.236237,0.161522,kenya pen=0.5 phi=0.5 tou
290,80,300,100,True,1.63227,False,0.208889,0.118139,kenya pen=0.5 phi=0.5 tou
290,100,300,100,True,1.59441,False,0.181615,0.0821191,kenya pen=0.5 phi=0.5 tou
290,120,300,100,True,1.57816,False,0.154136,0.0542951,kenya pen=0.5 phi=0.5 tou
290,140,300,100,True,1.57653,False,0.125557,0.0348652,kenya pen=0.5 phi=0.5 tou
290,160,300,100,True,1.58166,False,0.0956285,0.0208053,kenya pen=0.5 phi=0.5 tou
290,180,300,100,True,1.59056,False,0.0645194,0.010906,kenya pen=0.5 phi=0.5 tou
290,200,300,100,True,1.60219,True,0.0347592,0.00475643,kenya pen=0.5 phi=0.5 tou
290,220,300,100,True,1.6158,True,0.0141815,0.00177944,kenya pen=0.5 phi=0.5 tou
290,240,300,100,True,1.63051,True,0.0055117,0.000699877,kenya pen=0.5 phi=0.5 tou
290,260,300,100,True,1.64564,True,0.00274009,0.000340938,kenya pen=0.5 phi=0.5 tou
290,280,300,100,True,1.66088,True,0.00159989,0.000188304,kenya pen=0.5 phi=0.5 tou
290,300,300,100,True,1.67617,True,0.0010288,0.000115646,kenya pen=0.5 phi=0.5 tou
290,320,300,100,True,1.69148,True,0.000712793,7.23195e-05,kenya pen=0.5 phi=0.5 tou
290,340,300,100,True,1.7068,True,0.000475388,4.24809e-05,kenya pen=0.5 phi=0.5 tou
290,360,300,100,True,1.72212,True,0.000289054,2.209e-05,kenya pen=0.5 phi=0.5 tou
290,380,300,100,True,1.73744,True,0.000105746,8.08124e-06,kenya pen=0.5 phi=0.5 tou
290,400,300,100,True,1.75277,True,1.25708e-05,9.60682e-07,kenya pen=0.5 phi=0.5 tou
290,420,300,100,True,1.7681,True,5.00413e-19,3.53401e-19,kenya pen=0.5 phi=0.5 tou
290,440,300,100,True,1.78344,True,5.00413e-19,3.53401e-19,kenya pen=0.5 phi=0.5 tou
290,460,300,100,True,1.79877,True,5.00413e-19,3.53401e-19,kenya pen=0.5 phi=0.5 tou
290,480,300,100,True,1.8141,True,5.00413e-19,3.53401e-19,kenya pen=0.5 phi=0.5 tou
290,500,300,100,True,1.82944,True,5.00413e-19,3.53401e-19,kenya pen=0.5 phi=0.5 tou
290,520,300,100,True,1.84477,True,5.00413e-19,3.53401e-19,kenya pen=0.5 phi=0.5 tou
290,540,300,100,True,1.8601,True,5.00413e-19,3.53401e-19,kenya pen=0.5 phi=0.5 tou
290,560,300,100,True,1.87543,True,5.00413e-19,3.53401e-19,kenya pen=0.5 phi=0.5 tou
290,580,300,100,True,1.89077,True,5.00413e-19,3.53401e-19,kenya pen=0.5 phi=0.5 tou
290,600,300,100,True,1.9061,True,5.00413e-19,3.53401e-19,kenya pen=0.5 phi=0.5 tou
290,620,300,100,True,1.92143,True,5.00413e-19,3.53401e-19,kenya pen=0.5 phi=0.5 tou
290,640,300,100,True,1.93676,True,5.00413e-19,3.53401e-19,kenya pen=0.5 phi=0.5 tou
290,660,300,100,True,1.9521,True,5.00413e-19,3.53401e-19,kenya pen=0.5 phi=0.5 tou
290,680,300,100,True,1.96743,True,5.00413e-19,3.53401e-19,kenya pen=0.5 phi=0.5 tou
290,700,300,100,True,1.98276,True,5.00413e-19,3.53401e-19,kenya pen=0.5 phi=0.5 tou
290,720,300,100,True,1.9981,True,5.00413e-19,3.53401e-19,kenya pen=0.5 phi=0.5 tou
290,740,300,100,True,2.01343,True,5.00413e-19,3.53401e-19,kenya pen=0.5 phi=0.5 tou
290,760,300,100,True,2.02876,True,5.00413e-19,3.53401e-19,kenya pen=0.5 phi=0.5 tou
290,780,300,100,True,2.04409,True,5.00413e-19,3.53401e-19,kenya pen=0.5 phi=0.5 tou
290,800,300,100,True,2.05943,True,5.00413e-19,3.53401e-19,kenya pen=0.5 phi=0.5 tou
290,820,300,100,True,2.07476,True,5.00413e-19,3.53401e-19,kenya pen=0.5 phi=0.5 tou
290,840,300,100,True,2.09009,True,5.00413e-19,3.53401e-19,kenya pen=0.5 phi=0.5 tou
290,860,300,100,True,2.10542,True,5.00413e-19,3.53401e-19,kenya pen=0.5 phi=0.5 tou
290,880,300,100,True,2.12076,True,5.00413e-19,3.53401e-19,kenya pen=0.5 phi=0.5 tou
290,900,300,100,True,2.13609,True,5.00413e-19,3.53401e-19,kenya pen=0.5 phi=0.5 tou
290,920,300,100,True,2.15142,True,5.00413e-19,3.53401e-19,kenya pen=0.5 phi=0.5 tou
290,940,300,100,True,2.16676,True,5.00413e-19,3.53401e-19,kenya pen=0.5 phi=0.5 tou
290,960,300,100,True,2.18209,True,5.00413e-19,3.53401e-19,kenya pen=0.5 phi=0.5 tou
290,980,300,100,True,2.19742,True,5.00413e-19,3.53401e-19,kenya pen=0.5 phi=0.5 tou
290,1000,300,100,True,2.21275,True,5.00413e-19,3.53401e-19,kenya pen=0.5 phi=0.5 tou
290,1020,300,100,True,2.22809,True,5.00413e-19,3.53401e-19,kenya pen=0.5 phi=0.5 tou
290,1040,300,100,True,2.24342,True,5.00413e-19,3.53401e-19,kenya pen=0.5 phi=0.5 tou
290,1060,300,100,True,2.25875,True,5.00413e-19,3.53401e-19,kenya pen=0.5 phi=0.5 tou
290,1080,300,100,True,2.27408,True,5.00413e-19,3.53401e-19,kenya pen=0.5 phi=0.5 tou
290,1100,300,100,True,2.28942,True,5.00413e-19,3.53401e-19,kenya pen=0.5 phi=0.5 tou
290,1120,300,100,True,2.30475,True,5.00413e-19,3.53401e-19,kenya pen=0.5 phi=0.5 tou
290,1140,300,100,True,2.32008,True,5.00413e-19,3.53401e-19,kenya pen=0.5 phi=0.5 tou
290,1160,300,100,True,2.33542,True,5.00413e-19,3.53401e-19,kenya pen=0.5 phi=0.5 tou
290,1180,300,100,True,2.35075,True,5.00413e-19,3.53401e-19,kenya pen=0.5 phi=0.5 tou
290,1200,300,100,True,2.36608,True,5.00413e-19,3.53401e-19,kenya pen=0.5 phi=0.5 tou
290,1220,300,100,True,2.38141,True,5.00413e-19,3.53401e-19,kenya pen=0.5 phi=0.5 tou
290,1240,300,100,True,2.39675,True,5.00413e-19,3.53401e-19,kenya pen=0.5 phi=0.5 tou
290,1260,300,100,True,2.41208,True,5.00413e-19,3.53401e-19,kenya pen=0.5 phi=0.5 tou
290,1280,300,100,True,2.42741,True,5.00413e-19,3.53401e-19,kenya pen=0.5 phi=0.5 tou
290,1300,300,100,True,2.44274,True,5.00413e-19,3.53401e-19,kenya pen=0.5 phi=0.5 tou
290,1320,300,100,True,2.45808,True,5.00413e-19,3.53401e-19,kenya pen=0.5 phi=0.5 tou
290,1340,300,100,True,2.47341,True,5.00413e-19,3.53401e-19,kenya pen=0.5 phi=0.5 tou
290,1360,300,100,True,2.48874,True,5.00413e-19,3.53401e-19,kenya pen=0.5 phi=0.5 tou
290,1380,300,100,True,2.50408,True,5.00413e-19,3.53401e-19,kenya pen=0.5 phi=0.5 tou
290,1400,300,100,True,2.51941,True,5.00413e-19,3.53401e-19,kenya pen=0.5 phi=0.5 tou
295,0,300,100,True,2.06507,False,0.318055,0.300377,kenya pen=0.5 phi=0.5 tou
295,20,300,100,True,1.93186,False,0.290156,0.253754,kenya pen=0.5 phi=0.5 tou
295,40,300,100,True,1.8173,False,0.262728,0.20731,kenya pen=0.5 phi=0.5 tou
295,60,300,100,True,1.71777,False,0.23538,0.160922,kenya pen=0.5 phi=0.5 tou
295,80,300,100,True,1.64519,False,0.208032,0.117559,kenya pen=0.5 phi=0.5 tou
295,100,300,100,True,1.60706,False,0.180706,0.0815807,kenya pen=0.5 phi=0.5 tou
295,120,300,100,True,1.59071,False,0.153221,0.0538361,kenya pen=0.5 phi=0.5 tou
295,140,300,100,True,1.58907,False,0.124625,0.0344857,kenya pen=0.5 phi=0.5 tou
295,160,300,100,True,1.59419,False,0.0946566,0.0204875,kenya pen=0.5 phi=0.5 tou
295,180,300,100,True,1.6031,False,0.0635283,0.0106595,kenya pen=0.5 phi=0.5 tou
295,200,300,100,True,1.61474,True,0.0338654,0.00458994,kenya pen=0.5 phi=0.5 tou
295,220,300,100,True,1.62839,True,0.0135961,0.00168437,kenya pen=0.5 phi=0.5 tou
295,240,300,100,True,1.64312,True,0.00522084,0.000647114,kenya pen=0.5 phi=0.5 tou
295,260,300,100,True,1.65826,True,0.00255082,0.000307938,kenya pen=0.5 phi=0.5 tou
295,280,300,100,True,1.67351,True,0.00146583,0.000164207,kenya pen=0.5 phi=0.5 tou
295,300,300,100,True,1.6888,True,0.000904356,9.7957e-05,kenya pen=0.5 phi=0.5 tou
295,320,300,100,True,1.70411,True,0.00060552,5.85994e-05,kenya pen=0.5 phi=0.5 tou
295,340,300,100,True,1.71943,True,0.000403597,3.43549e-05,kenya pen=0.5 phi=0.5 tou
295,360,300,100,True,1.73475,True,0.000217259,1.66032e-05,kenya pen=0.5 phi=0.5 tou
295,380,300,100,True,1.75008,True,7.14242e-05,5.45835e-06,kenya pen=0.5 phi=0.5 tou
295,400,300,100,True,1.76541,True,5.22544e-19,3.51348e-19,kenya pen=0.5 phi=0.5 tou
295,420,300,100,True,1.78074,True,5.22544e-19,3.51348e-19,kenya pen=0.5 phi=0.5 tou
295,440,300,100,True,1.79607,True,5.22544e-19,3.51348e-19,kenya pen=0.5 phi=0.5 tou
295,460,300,100,True,1.81141,True,5.22544e-19,3.51348e-19,kenya pen=0.5 phi=0.5 tou
295,480,300,100,True,1.82674,True,5.22544e-19,3.51348e-19,kenya pen=0.5 phi=0.5 tou
295,500,300,100,True,1.84207,True,5.22544e-19,3.51348e-19,kenya pen=0.5 phi=0.5 tou
295,520,300,100,True,1.85741,True,5.22544e-19,3.51348e-19,kenya pen=0.5 phi=0.5 tou
295,540,300,100,True,1.87274,True,5.22544e-19,3.51348e-19,kenya pen=0.5 phi=0.5 tou
295,560,300,100,True,1.88807,True,5.22544e-19,3.51348e-19,kenya pen=0.5 phi=0.5 tou
295,580,300,100,True,1.9034,True,5.22544e-19,3.51348e-19,kenya pen=0.5 phi=0.5 tou
295,600,300,100,True,1.91874,True,5.22544e-19,3.51348e-19,kenya pen=0.5 phi=0.5 tou
295,620,300,100,True,1.93407,True,5.22544e-19,3.51348e-19,kenya pen=0.5 phi=0.5 tou
295,640,300,100,True,1.9494,True,5.22544e-19,3.51348e-19,kenya pen=0.5 phi=0.5 tou
295,660,300,100,True,1.96474,True,5.22544e-19,3.51348e-19,kenya pen=0.5 phi=0.5 tou
295,680,300,100,True,1.98007,True,5.22544e-19,3.51348e-19,kenya pen=0.5 phi=0.5 tou
295,700,300,100,True,1.9954,True,5.22544e-19,3.51348e-19,kenya pen=0.5 phi=0.5 tou
295,720,300,100,True,2.01073,True,5.22544e-19,3.51348e-19,kenya pen=0.5 phi=0.5 tou
295,740,300,100,True,2.02607,True,5.22544e-19,3.51348e-19,kenya pen=0.5 phi=0.5 tou
295,760,300,100,True,2.0414,True,5.22544e-19,3.51348e-19,kenya pen=0.5 phi=0.5 tou
295,780,300,100,True,2.05673,True,5.22544e-19,3.51348e-19,kenya pen=0.5 phi=0.5 tou
295,800,300,100,True,2.07206,True,5.22544e-19,3.51348e-19,kenya pen=0.5 phi=0.5 tou
295,820,300,100,True,2.0874,True,5.22544e-19,3.51348e-19,kenya pen=0.5 phi=0.5 tou
295,840,300,100,True,2.10273,True,5.22544e-19,3.51348e-19,kenya pen=0.5 phi=0.5 tou
295,860,300,100,True,2.11806,True,5.22544e-19,3.51348e-19,kenya pen=0.5 phi=0.5 tou
295,880,300,100,True,2.1334,True,5.22544e-19,3.51348e-19,kenya pen=0.5 phi=0.5 tou
295,900,300,100,True,2.14873,True,5.22544e-19,3.51348e-19,kenya pen=0.5 phi=0.5 tou
295,920,300,100,True,2.16406,True,5.22544e-19,3.51348e-19,kenya pen=0.5 phi=0.5 tou
295,940,300,100,True,2.17939,True,5.22544e-19,3.51348e-19,kenya pen=0.5 phi=0.5 tou
295,960,300,100,True,2.19473,True,5.22544e-19,3.51348e-19,kenya pen=0.5 phi=0.5 tou
295,980,300,100,True,2.21006,True,5.22544e-19,3.51348e-19,kenya pen=0.5 phi=0.5 tou
295,1000,300,100,True,2.22539,True,5.22544e-19,3.51348e-19,kenya pen=0.5 phi=0.5 tou
295,1020,300,100,True,2.24072,True,5.22544e-19,3.51348e-19,kenya pen=0.5 phi=0.5 tou
295,1040,300,100,True,2.25606,True,5.22544e-19,3.51348e-19,kenya pen=0.5 phi=0.5 tou
295,1060,300,100,True,2.27139,True,5.22544e-19,3.51348e-19,kenya pen=0.5 phi=0.5 tou
295,1080,300,100,True,2.28672,True,5.22544e-19,3.51348e-19,kenya pen=0.5 phi=0.5 tou
295,1100,300,100,True,2.30206,True,5.22544e-19,3.51348e-19,kenya pen=0.5 phi=0.5 tou
295,1120,300,100,True,2.31739,True,5.22544e-19,3.51348e-19,kenya pen=0.5 phi=0.5 tou
295,1140,300,100,True,2.33272,True,5.22544e-19,3.51348e-19,kenya pen=0.5 phi=0.5 tou
295,1160,300,100,True,2.34805,True,5.22544e-19,3.51348e-19,kenya pen=0.5 phi=0.5 tou
295,1180,300,100,True,2.36339,True,5.22544e-19,3.51348e-19,kenya pen=0.5 phi=0.5 tou
295,1200,300,100,True,2.37872,True,5.22544e-19,3.51348e-19,kenya pen=0.5 phi=0.5 tou
295,1220,300,100,True,2.39405,True,5.22544e-19,3.51348e-19,kenya pen=0.5 phi=0.5 tou
295,1240,300,100,True,2.40938,True,5.22544e-19,3.51348e-19,kenya pen=0.5 phi=0.5 tou
295,1260,300,100,True,2.42472,True,5.22544e-19,3.51348e-19,kenya pen=0.5 phi=0.5 tou
295,1280,300,100,True,2.44005,True,5.22544e-19,3.51348e-19,kenya pen=0.5 phi=0.5 tou
295,1300,300,100,True,2.45538,True,5.22544e-19,3.51348e-19,kenya pen=0.5 phi=0.5 tou
295,1320,300,100,True,2.47072,True,5.22544e-19,3.51348e-19,kenya pen=0.5 phi=0.5 tou
295,1340,300,100,True,2.48605,True,5.22544e-19,3.51348e-19,kenya pen=0.5 phi=0.5 tou
295,1360,300,100,True,2.50138,True,5.22544e-19,3.51348e-19,kenya pen=0.5 phi=0.5 tou
295,1380,300,100,True,2.51671,True,5.22544e-19,3.51348e-19,kenya pen=0.5 phi=0.5 tou
295,1400,300,100,True,2.53205,True,5.22544e-19,3.51348e-19,kenya pen=0.5 phi=0.5 tou
300,0,300,100,True,2.08155,False,0.317184,0.299783,kenya pen=0.5 phi=0.5 tou
300,20,300,100,True,1.94722,False,0.289312,0.253171,kenya pen=0.5 phi=0.5 tou
300,40,300,100,True,1.83167,False,0.261883,0.206727,kenya pen=0.5 phi=0.5 tou
300,60,300,100,True,1.73127,False,0.234537,0.160339,kenya pen=0.5 phi=0.5 tou
300,80,300,100,True,1.65812,False,0.207189,0.116998,kenya pen=0.5 phi=0.5 tou
300,100,300,100,True,1.61971,False,0.179833,0.0810598,kenya pen=0.5 phi=0.5 tou
300,120,300,100,True,1.60328,False,0.152321,0.0533919,kenya pen=0.5 phi=0.5 tou
300,140,300,100,True,1.60162,False,0.123708,0.034119,kenya pen=0.5 phi=0.5 tou
300,160,300,100,True,1.60672,False,0.0936991,0.020182,kenya pen=0.5 phi=0.5 tou
300,180,300,100,True,1.61563,False,0.0625527,0.0104229,kenya pen=0.5 phi=0.5 tou
300,200,300,100,True,1.62731,True,0.0329858,0.00443321,kenya pen=0.5 phi=0.5 tou
300,220,300,100,True,1.64098,True,0.013033,0.00159454,kenya pen=0.5 phi=0.5 tou
300,240,300,100,True,1.65573,True,0.0049378,0.000600775,kenya pen=0.5 phi=0.5 tou
300,260,300,100,True,1.67088,True,0.00236898,0.000276474,kenya pen=0.5 phi=0.5 tou
300,280,300,100,True,1.68614,True,0.00133217,0.000145117,kenya pen=0.5 phi=0.5 tou
300,300,300,100,True,1.70143,True,0.000789477,8.13776e-05,kenya pen=0.5 phi=0.5 tou
300,320,300,100,True,1.71674,True,0.000518159,4.75916e-05,kenya pen=0.5 phi=0.5 tou
300,340,300,100,True,1.73206,True,0.000331827,2.62312e-05,kenya pen=0.5 phi=0.5 tou
300,360,300,100,True,1.74739,True,0.000145484,1.11181e-05,kenya pen=0.5 phi=0.5 tou
300,380,300,100,True,1.76272,True,3.71135e-05,2.83627e-06,kenya pen=0.5 phi=0.5 tou
300,400,300,100,True,1.77805,True,5.47837e-19,3.55006e-19,kenya pen=0.5 phi=0.5 tou
300,420,300,100,True,1.79338,True,5.47837e-19,3.55006e-19,kenya pen=0.5 phi=0.5 tou
300,440,300,100,True,1.80871,True,5.47837e-19,3.55006e-19,kenya pen=0.5 phi=0.5 tou
300,460,300,100,True,1.82405,True,5.47837e-19,3.55006e-19,kenya pen=0.5 phi=0.5 tou
300,480,300,100,True,1.83938,True,5.47837e-19,3.55006e-19,kenya pen=0.5 phi=0.5 tou
300,500,300,100,True,1.85471,True,5.47837e-19,3.55006e-19,kenya pen=0.5 phi=0.5 tou
300,520,300,100,True,1.87004,True,5.47837e-19,3.55006e-19,kenya pen=0.5 phi=0.5 tou
300,540,300,100,True,1.88538,True,5.47837e-19,3.55006e-19,kenya pen=0.5 phi=0.5 tou
300,560,300,100,True,1.90071,True,5.47837e-19,3.55006e-19,kenya pen=0.5 phi=0.5 tou
300,580,300,100,True,1.91604,True,5.47837e-19,3.55006e-19,kenya pen=0.5 phi=0.5 tou
300,600,300,100,True,1.93137,True,5.47837e-19,3.55006e-19,kenya pen=0.5 phi=0.5 tou
300,620,300,100,True,1.94671,True,5.47837e-19,3.55006e-19,kenya pen=0.5 phi=0.5 tou
300,640,300,100,True,1.96204,True,5.47837e-19,3.55006e-19,kenya pen=0.5 phi=0.5 tou
300,660,300,100,True,1.97737,True,5.47837e-19,3.55006e-19,kenya pen=0.5 phi=0.5 tou
300,680,300,100,True,1.99271,True,5.47837e-19,3.55006e-19,kenya pen=0.5 phi=0.5 tou
300,700,300,100,True,2.00804,True,5.47837e-19,3.55006e-19,kenya pen=0.5 phi=0.5 tou
300,720,300,100,True,2.02337,True,5.47837e-19,3.55006e-19,kenya pen=0.5 phi=0.5 tou
300,740,300,100,True,2.0387,True,5.47837e-19,3.55006e-19,kenya pen=0.5 phi=0.5 tou
300,760,300,100,True,2.05404,True,5.47837e-19,3.55006e-19,kenya pen=0.5 phi=0.5 tou
300,780,300,100,True,2.06937,True,5.47837e-19,3.55006e-19,kenya pen=0.5 phi=0.5 tou
300,800,300,100,True,2.0847,True,5.47837e-19,3.55006e-19,kenya pen=0.5 phi=0.5 tou
300,820,300,100,True,2.10003,True,5.47837e-19,3.55006e-19,kenya pen=0.5 phi=0.5 tou
300,840,300,100,True,2.11537,True,5.47837e-19,3.55006e-19,kenya pen=0.5 phi=0.5 tou
300,860,300,100,True,2.1307,True,5.47837e-19,3.55006e-19,kenya pen=0.5 phi=0.5 tou
300,880,300,100,True,2.14603,True,5.47837e-19,3.55006e-19,kenya pen=0.5 phi=0.5 tou
300,900,300,100,True,2.16137,True,5.47837e-19,3.55006e-19,kenya pen=0.5 phi=0.5 tou
300,920,300,100,True,2.1767,True,5.47837e-19,3.55006e-19,kenya pen=0.5 phi=0.5 tou
300,940,300,100,True,2.19203,True,5.47837e-19,3.55006e-19,kenya pen=0.5 phi=0.5 tou
300,960,300,100,True,2.20736,True,5.47837e-19,3.55006e-19,kenya pen=0.5 phi=0.5 tou
300,980,300,100,True,2.2227,True,5.47837e-19,3.55006e-19,kenya pen=0.5 phi=0.5 tou
300,1000,300,100,True,2.23803,True,5.47837e-19,3.55006e-19,kenya pen=0.5 phi=0.5 tou
300,1020,300,100,True,2.25336,True,5.47837e-19,3.55006e-19,kenya pen=0.5 phi=0.5 tou
300,1040,300,100,True,2.26869,True,5.47837e-19,3.55006e-19,kenya pen=0.5 phi=0.5 tou
300,1060,300,100,True,2.28403,True,5.47837e-19,3.55006e-19,kenya pen=0.5 phi=0.5 tou
300,1080,300,100,True,2.29936,True,5.47837e-19,3.55006e-19,kenya pen=0.5 phi=0.5 tou
300,1100,300,100,True,2.31469,True,5.47837e-19,3.55006e-19,kenya pen=0.5 phi=0.5 tou
300,1120,300,100,True,2.33003,True,5.47837e-19,3.55006e-19,kenya pen=0.5 phi=0.5 tou
300,1140,300,100,True,2.34536,True,5.47837e-19,3.55006e-19,kenya pen=0.5 phi=0.5 tou
300,1160,300,100,True,2.36069,True,5.47837e-19,3.55006e-19,kenya pen=0.5 phi=0.5 tou
300,1180,300,100,True,2.37602,True,5.47837e-19,3.55006e-19,kenya pen=0.5 phi=0.5 tou
300,1200,300,100,True,2.39136,True,5.47837e-19,3.55006e-19,kenya pen=0.5 phi=0.5 tou
300,1220,300,100,True,2.40669,True,5.47837e-19,3.55006e-19,kenya pen=0.5 phi=0.5 tou
300,1240,300,100,True,2.42202,True,5.47837e-19,3.55006e-19,kenya pen=0.5 phi=0.5 tou
300,1260,300,100,True,2.43735,True,5.47837e-19,3.55006e-19,kenya pen=0.5 phi=0.5 tou
300,1280,300,100,True,2.45269,True,5.47837e-19,3.55006e-19,kenya pen=0.5 phi=0.5 tou
300,1300,300,100,True,2.46802,True,5.47837e-19,3.55006e-19,kenya pen=0.5 phi=0.5 tou
300,1320,300,100,True,2.48335,True,5.47837e-19,3.55006e-19,kenya pen=0.5 phi=0.5 tou
300,1340,300,100,True,2.49869,True,5.47837e-19,3.55006e-19,kenya pen=0.5 phi=0.5 tou
300,1360,300,100,True,2.51402,True,5.47837e-19,3.55006e-19,kenya pen=0.5 phi=0.5 tou
300,1380,300,100,True,2.52935,True,5.47837e-19,3.55006e-19,kenya pen=0.5 phi=0.5 tou
300,1400,300,100,True,2.54468,True,5.47837e-19,3.55006e-19,kenya pen=0.5 phi=0.5 tou
305,0,300,100,True,2.09806,False,0.316327,0.299206,kenya pen=0.5 phi=0.5 tou
305,20,300,100,True,1.96261,False,0.288492,0.252605,kenya pen=0.5 phi=0.5 tou
305,40,300,100,True,1.84606,False,0.261067,0.206162,kenya pen=0.5 phi=0.5 tou
305,60,300,100,True,1.74479,False,0.23372,0.159776,kenya pen=0.5 phi=0.5 tou
305,80,300,100,True,1.67107,False,0.206373,0.116454,kenya pen=0.5 phi=0.5 tou
305,100,300,100,True,1.63238,False,0.179015,0.0805578,kenya pen=0.5 phi=0.5 tou
305,120,300,100,True,1.61585,False,0.151446,0.0529638,kenya pen=0.5 phi=0.5 tou
305,140,300,100,True,1.61417,False,0.122816,0.0337657,kenya pen=0.5 phi=0.5 tou
305,160,300,100,True,1.61925,False,0.092787,0.019889,kenya pen=0.5 phi=0.5 tou
305,180,300,100,True,1.62817,False,0.0616051,0.010195,kenya pen=0.5 phi=0.5 tou
305,200,300,100,True,1.63987,True,0.032142,0.00428429,kenya pen=0.5 phi=0.5 tou
305,220,300,100,True,1.65357,True,0.0124964,0.00151184,kenya pen=0.5 phi=0.5 tou
305,240,300,100,True,1.66835,True,0.00465978,0.000555776,kenya pen=0.5 phi=0.5 tou
305,260,300,100,True,1.6835,True,0.00219018,0.000247008,kenya pen=0.5 phi=0.5 tou
305,280,300,100,True,1.69876,True,0.00119859,0.000126522,kenya pen=0.5 phi=0.5 tou
305,300,300,100,True,1.71406,True,0.000679828,6.74785e-05,kenya pen=0.5 phi=0.5 tou
305,320,300,100,True,1.72938,True,0.000446408,3.947e-05,kenya pen=0.5 phi=0.5 tou
305,340,300,100,True,1.7447,True,0.000260073,1.98752e-05,kenya pen=0.5 phi=0.5 tou
305,360,300,100,True,1.76002,True,9.59874e-05,7.3355e-06,kenya pen=0.5 phi=0.5 tou
305,380,300,100,True,1.77535,True,2.81264e-06,2.14946e-07,kenya pen=0.5 phi=0.5 tou
305,400,300,100,True,1.79069,True,5.17977e-19,3.56555e-19,kenya pen=0.5 phi=0.5 tou
305,420,300,100,True,1.80602,True,5.17977e-19,3.56555e-19,kenya pen=0.5 phi=0.5 tou
305,440,300,100,True,1.82135,True,5.17977e-19,3.56555e-19,kenya pen=0.5 phi=0.5 tou
305,460,300,100,True,1.83668,True,5.17977e-19,3.56555e-19,kenya pen=0.5 phi=0.5 tou
305,480,300,100,True,1.85202,True,5.17977e-19,3.56555e-19,kenya pen=0.5 phi=0.5 tou
305,500,300,100,True,1.86735,True,5.17977e-19,3.56555e-19,kenya pen=0.5 phi=0.5 tou
305,520,300,100,True,1.88268,True,5.17977e-19,3.56555e-19,kenya pen=0.5 phi=0.5 tou
305,540,300,100,True,1.89801,True,5.17977e-19,3.56555e-19,kenya pen=0.5 phi=0.5 tou
305,560,300,100,True,1.91335,True,5.17977e-19,3.56555e-19,kenya pen=0.5 phi=0.5 tou
305,580,300,100,True,1.92868,True,5.17977e-19,3.56555e-19,kenya pen=0.5 phi=0.5 tou
305,600,300,100,True,1.94401,True,5.17977e-19,3.56555e-19,kenya pen=0.5 phi=0.5 tou
305,620,300,100,True,1.95935,True,5.17977e-19,3.56555e-19,kenya pen=0.5 phi=0.5 tou
305,640,300,100,True,1.97468,True,5.17977e-19,3.56555e-19,kenya pen=0.5 phi=0.5 tou
305,660,300,100,True,1.99001,True,5.17977e-19,3.56555e-19,kenya pen=0.5 phi=0.5 tou
305,680,300,100,True,2.00534,True,5.17977e-19,3.56555e-19,kenya pen=0.5 phi=0.5 tou
305,700,300,100,True,2.02068,True,5.17977e-19,3.56555e-19,kenya pen=0.5 phi=0.5 tou
305,720,300,100,True,2.03601,True,5.17977e-19,3.56555e-19,kenya pen=0.5 phi=0.5 tou
305,740,300,100,True,2.05134,True,5.17977e-19,3.56555e-19,kenya pen=0.5 phi=0.5 tou
305,760,300,100,True,2.06667,True,5.17977e-19,3.56555e-19,kenya pen=0.5 phi=0.5 tou
305,780,300,100,True,2.08201,True,5.17977e-19,3.56555e-19,kenya pen=0.5 phi=0.5 tou
305,800,300,100,True,2.09734,True,5.17977e-19,3.56555e-19,kenya pen=0.5 phi=0.5 tou
305,820,300,100,True,2.11267,True,5.17977e-19,3.56555e-19,kenya pen=0.5 phi=0.5 tou
305,840,300,100,True,2.12801,True,5.17977e-19,3.56555e-19,kenya pen=0.5 phi=0.5 tou
305,860,300,100,True,2.14334,True,5.17977e-19,3.56555e-19,kenya pen=0.5 phi=0.5 tou
305,880,300,100,True,2.15867,True,5.17977e-19,3.56555e-19,kenya pen=0.5 phi=0.5 tou
305,900,300,100,True,2.174,True,5.17977e-19,3.56555e-19,kenya pen=0.5 phi=0.5 tou
305,920,300,100,True,2.18934,True,5.17977e-19,3.56555e-19,kenya pen=0.5 phi=0.5 tou
305,940,300,100,True,2.20467,True,5.17977e-19,3.56555e-19,kenya pen=0.5 phi=0.5 tou
305,960,300,100,True,2.22,True,5.17977e-19,3.56555e-19,kenya pen=0.5 phi=0.5 tou
305,980,300,100,True,2.23533,True,5.17977e-19,3.56555e-19,kenya pen=0.5 phi=0.5 tou
305,1000,300,100,True,2.25067,True,5.17977e-19,3.56555e-19,kenya pen=0.5 phi=0.5 tou
305,1020,300,100,True,2.266,True,5.17977e-19,3.56555e-19,kenya pen=0.5 phi=0.5 tou
305,1040,300,100,True,2.28133,True,5.17977e-19,3.56555e-19,kenya pen=0.5 phi=0.5 tou
305,1060,300,100,True,2.29667,True,5.17977e-19,3.56555e-19,kenya pen=0.5 phi=0.5 tou
305,1080,300,100,True,2.312,True,5.17977e-19,3.56555e-19,kenya pen=0.5 phi=0.5 tou
305,1100,300,100,True,2.32733,True,5.17977e-19,3.56555e-19,kenya pen=0.5 phi=0.5 tou
305,1120,300,100,True,2.34266,True,5.17977e-19,3.56555e-19,kenya pen=0.5 phi=0.5 tou
305,1140,300,100,True,2.358,True,5.17977e-19,3.56555e-19,kenya pen=0.5 phi=0.5 tou
305,1160,300,100,True,2.37333,True,5.17977e-19,3.56555e-19,kenya pen=0.5 phi=0.5 tou
305,1180,300,100,True,2.38866,True,5.17977e-19,3.56555e-19,kenya pen=0.5 phi=0.5 tou
305,1200,300,100,True,2.40399,True,5.17977e-19,3.56555e-19,kenya pen=0.5 phi=0.5 tou
305,1220,300,100,True,2.41933,True,5.17977e-19,3.56555e-19,kenya pen=0.5 phi=0.5 tou
305,1240,300,100,True,2.43466,True,5.17977e-19,3.56555e-19,kenya pen=0.5 phi=0.5 tou
305,1260,300,100,True,2.44999,True,5.17977e-19,3.56555e-19,kenya pen=0.5 phi=0.5 tou
305,1280,300,100,True,2.46533,True,5.17977e-19,3.56555e-19,kenya pen=0.5 phi=0.5 tou
305,1300,300,100,True,2.48066,True,5.17977e-19,3.56555e-19,kenya pen=0.5 phi=0.5 tou
305,1320,300,100,True,2.49599,True,5.17977e-19,3.56555e-19,kenya pen=0.5 phi=0.5 tou
305,1340,300,100,True,2.51132,True,5.17977e-19,3.56555e-19,kenya pen=0.5 phi=0.5 tou
305,1360,300,100,True,2.52666,True,5.17977e-19,3.56555e-19,kenya pen=0.5 phi=0.5 tou
305,1380,300,100,True,2.54199,True,5.17977e-19,3.56555e-19,kenya pen=0.5 phi=0.5 tou
305,1400,300,100,True,2.55732,True,5.17977e-19,3.56555e-19,kenya pen=0.5 phi=0.5 tou
310,0,300,100,True,2.1146,False,0.31549,0.298648,kenya pen=0.5 phi=0.5 tou
310,20,300,100,True,1.97801,False,0.287687,0.252056,kenya pen=0.5 phi=0.5 tou
310,40,300,100,True,1.86046,False,0.260274,0.205615,kenya pen=0.5 phi=0.5 tou
310,60,300,100,True,1.75833,False,0.232928,0.15923,kenya pen=0.5 phi=0.5 tou
310,80,300,100,True,1.68403,False,0.20558,0.115927,kenya pen=0.5 phi=0.5 tou
310,100,300,100,True,1.64506,False,0.178223,0.0800708,kenya pen=0.5 phi=0.5 tou
310,120,300,100,True,1.62843,False,0.150592,0.0525491,kenya pen=0.5 phi=0.5 tou
310,140,300,100,True,1.62673,False,0.121945,0.0334242,kenya pen=0.5 phi=0.5 tou
310,160,300,100,True,1.6318,False,0.0918991,0.0196076,kenya pen=0.5 phi=0.5 tou
310,180,300,100,True,1.64072,False,0.0606787,0.00997685,kenya pen=0.5 phi=0.5 tou
310,200,300,100,True,1.65244,True,0.0313307,0.00414084,kenya pen=0.5 phi=0.5 tou
310,220,300,100,True,1.66617,True,0.0119874,0.00143447,kenya pen=0.5 phi=0.5 tou
310,240,300,100,True,1.68096,True,0.00438721,0.000511829,kenya pen=0.5 phi=0.5 tou
310,260,300,100,True,1.69612,True,0.00201434,0.000219253,kenya pen=0.5 phi=0.5 tou
310,280,300,100,True,1.71139,True,0.00106509,0.000108006,kenya pen=0.5 phi=0.5 tou
310,300,300,100,True,1.72669,True,0.00057022,5.3636e-05,kenya pen=0.5 phi=0.5 tou
310,320,300,100,True,1.74201,True,0.000374679,3.13508e-05,kenya pen=0.5 phi=0.5 tou
310,340,300,100,True,1.75733,True,0.000188339,1.43932e-05,kenya pen=0.5 phi=0.5 tou
310,360,300,100,True,1.77266,True,6.16971e-05,4.71499e-06,kenya pen=0.5 phi=0.5 tou
310,380,300,100,True,1.78799,True,5.47485e-19,3.54307e-19,kenya pen=0.5 phi=0.5 tou
310,400,300,100,True,1.80332,True,5.47485e-19,3.54307e-19,kenya pen=0.5 phi=0.5 tou
310,420,300,100,True,1.81866,True,5.47485e-19,3.54307e-19,kenya pen=0.5 phi=0.5 tou
310,440,300,100,True,1.83399,True,5.47485e-19,3.54307e-19,kenya pen=0.5 phi=0.5 tou
310,460,300,100,True,1.84932,True,5.47485e-19,3.54307e-19,kenya pen=0.5 phi=0.5 tou
310,480,300,100,True,1.86465,True,5.47485e-19,3.54307e-19,kenya pen=0.5 phi=0.5 tou
310,500,300,100,True,1.87999,True,5.47485e-19,3.54307e-19,kenya pen=0.5 phi=0.5 tou
310,520,300,100,True,1.89532,True,5.47485e-19,3.54307e-19,kenya pen=0.5 phi=0.5 tou
310,540,300,100,True,1.91065,True,5.47485e-19,3.54307e-19,kenya pen=0.5 phi=0.5 tou
310,560,300,100,True,1.92599,True,5.47485e-19,3.54307e-19,kenya pen=0.5 phi=0.5 tou
310,580,300,100,True,1.94132,True,5.47485e-19,3.54307e-19,kenya pen=0.5 phi=0.5 tou
310,600,300,100,True,1.95665,True,5.47485e-19,3.54307e-19,kenya pen=0.5 phi=0.5 tou
310,620,300,100,True,1.97198,True,5.47485e-19,3.54307e-19,kenya pen=0.5 phi=0.5 tou
310,640,300,100,True,1.98732,True,5.47485e-19,3.54307e-19,kenya pen=0.5 phi=0.5 tou
310,660,300,100,True,2.00265,True,5.47485e-19,3.54307e-19,kenya pen=0.5 phi=0.5 tou
310,680,300,100,True,2.01798,True,5.47485e-19,3.54307e-19,kenya pen=0.5 phi=0.5 tou
310,700,300,100,True,2.03331,True,5.47485e-19,3.54307e-19,kenya pen=0.5 phi=0.5 tou
310,720,300,100,True,2.04865,True,5.47485e-19,3.54307e-19,kenya pen=0.5 phi=0.5 tou
310,740,300,100,True,2.06398,True,5.47485e-19,3.54307e-19,kenya pen=0.5 phi=0.5 tou
310,760,300,100,True,2.07931,True,5.47485e-19,3.54307e-19,kenya pen=0.5 phi=0.5 tou
310,780,300,100,True,2.09465,True,5.47485e-19,3.54307e-19,kenya pen=0.5 phi=0.5 tou
310,800,300,100,True,2.10998,True,5.47485e-19,3.54307e-19,kenya pen=0.5 phi=0.5 tou
310,820,300,100,True,2.12531,True,5.47485e-19,3.54307e-19,kenya pen=0.5 phi=0.5 tou
310,840,300,100,True,2.14064,True,5.47485e-19,3.54307e-19,kenya pen=0.5 phi=0.5 tou
310,860,300,100,True,2.15598,True,5.47485e-19,3.54307e-19,kenya pen=0.5 phi=0.5 tou
310,880,300,100,True,2.17131,True,5.47485e-19,3.54307e-19,kenya pen=0.5 phi=0.5 tou
310,900,300,100,True,2.18664,True,5.47485e-19,3.54307e-19,kenya pen=0.5 phi=0.5 tou
310,920,300,100,True,2.20197,True,5.47485e-19,3.54307e-19,kenya pen=0.5 phi=0.5 tou
310,940,300,100,True,2.21731,True,5.47485e-19,3.54307e-19,kenya pen=0.5 phi=0.5 tou
310,960,300,100,True,2.23264,True,5.47485e-19,3.54307e-19,kenya pen=0.5 phi=0.5 tou
310,980,300,100,True,2.24797,True,5.47485e-19,3.54307e-19,kenya pen=0.5 phi=0.5 tou
310,1000,300,100,True,2.26331,True,5.47485e-19,3.54307e-19,kenya pen=0.5 phi=0.5 tou
310,1020,300,100,True,2.27864,True,5.47485e-19,3.54307e-19,kenya pen=0.5 phi=0.5 tou
310,1040,300,100,True,2.29397,True,5.47485e-19,3.54307e-19,kenya pen=0.5 phi=0.5 tou
310,1060,300,100,True,2.3093,True,5.47485e-19,3.54307e-19,kenya pen=0.5 phi=0.5 tou
310,1080,300,100,True,2.32464,True,5.47485e-19,3.54307e-19,kenya pen=0.5 phi=0.5 tou
310,1100,300,100,True,2.33997,True,5.47485e-19,3.54307e-19,kenya pen=0.5 phi=0.5 tou
310,1120,300,100,True,2.3553,True,5.47485e-19,3.54307e-19,kenya pen=0.5 phi=0.5 tou
310,1140,300,100,True,2.37063,True,5.47485e-19,3.54307e-19,kenya pen=0.5 phi=0.5 tou
310,1160,300,100,True,2.38597,True,5.47485e-19,3.54307e-19,kenya pen=0.5 phi=0.5 tou
310,1180,300,100,True,2.4013,True,5.47485e-19,3.54307e-19,kenya pen=0.5 phi=0.5 tou
310,1200,300,100,True,2.41663,True,5.47485e-19,3.54307e-19,kenya pen=0.5 phi=0.5 tou
310,1220,300,100,True,2.43197,True,5.47485e-19,3.54307e-19,kenya pen=0.5 phi=0.5 tou
310,1240,300,100,True,2.4473,True,5.47485e-19,3.54307e-19,kenya pen=0.5 phi=0.5 tou
310,1260,300,100,True,2.46263,True,5.47485e-19,3.54307e-19,kenya pen=0.5 phi=0.5 tou
310,1280,300,100,True,2.47796,True,5.47485e-19,3.54307e-19,kenya pen=0.5 phi=0.5 tou
310,1300,300,100,True,2.4933,True,5.47485e-19,3.54307e-19,kenya pen=0.5 phi=0.5 tou
310,1320,300,100,True,2.50863,True,5.47485e-19,3.54307e-19,kenya pen=0.5 phi=0.5 tou
310,1340,300,100,True,2.52396,True,5.47485e-19,3.54307e-19,kenya pen=0.5 phi=0.5 tou
310,1360,300,100,True,2.53929,True,5.47485e-19,3.54307e-19,kenya pen=0.5 phi=0.5 tou
310,1380,300,100,True,2.55463,True,5.47485e-19,3.54307e-19,kenya pen=0.5 phi=0.5 tou
310,1400,300,100,True,2.56996,True,5.47485e-19,3.54307e-19,kenya pen=0.5 phi=0.5 tou
315,0,300,100,True,2.13116,False,0.314688,0.298109,kenya pen=0.5 phi=0.5 tou
315,20,300,100,True,1.99344,False,0.286915,0.251527,kenya pen=0.5 phi=0.5 tou
315,40,300,100,True,1.87489,False,0.259508,0.205087,kenya pen=0.5 phi=0.5 tou
315,60,300,100,True,1.77188,False,0.232161,0.158702,kenya pen=0.5 phi=0.5 tou
315,80,300,100,True,1.69701,False,0.204813,0.115418,kenya pen=0.5 phi=0.5 tou
315,100,300,100,True,1.65774,False,0.177455,0.0796008,kenya pen=0.5 phi=0.5 tou
315,120,300,100,True,1.64101,False,0.149794,0.05215,kenya pen=0.5 phi=0.5 tou
315,140,300,100,True,1.63929,False,0.121095,0.0330971,kenya pen=0.5 phi=0.5 tou
315,160,300,100,True,1.64434,False,0.091032,0.0193389,kenya pen=0.5 phi=0.5 tou
315,180,300,100,True,1.65327,False,0.0597752,0.00977113,kenya pen=0.5 phi=0.5 tou
315,200,300,100,True,1.66502,True,0.0305441,0.00400492,kenya pen=0.5 phi=0.5 tou
315,220,300,100,True,1.67877,True,0.0114936,0.00136214,kenya pen=0.5 phi=0.5 tou
315,240,300,100,True,1.69358,True,0.00411856,0.000471725,kenya pen=0.5 phi=0.5 tou
315,260,300,100,True,1.70875,True,0.00184363,0.000196066,kenya pen=0.5 phi=0.5 tou
315,280,300,100,True,1.72402,True,0.000931917,9.08526e-05,kenya pen=0.5 phi=0.5 tou
315,300,300,100,True,1.73932,True,0.000492354,4.48274e-05,kenya pen=0.5 phi=0.5 tou
315,320,300,100,True,1.75464,True,0.00030297,2.32337e-05,kenya pen=0.5 phi=0.5 tou
315,340,300,100,True,1.76997,True,0.000120592,9.21583e-06,kenya pen=0.5 phi=0.5 tou
315,360,300,100,True,1.7853,True,2.74173e-05,2.09527e-06,kenya pen=0.5 phi=0.5 tou
315,380,300,100,True,1.80063,True,5.29218e-19,3.44404e-19,kenya pen=0.5 phi=0.5 tou
315,400,300,100,True,1.81596,True,5.29218e-19,3.44404e-19,kenya pen=0.5 phi=0.5 tou
315,420,300,100,True,1.83129,True,5.29218e-19,3.44404e-19,kenya pen=0.5 phi=0.5 tou
315,440,300,100,True,1.84663,True,5.29218e-19,3.44404e-19,kenya pen=0.5 phi=0.5 tou
315,460,300,100,True,1.86196,True,5.29218e-19,3.44404e-19,kenya pen=0.5 phi=0.5 tou
315,480,300,100,True,1.87729,True,5.29218e-19,3.44404e-19,kenya pen=0.5 phi=0.5 tou
315,500,300,100,True,1.89262,True,5.29218e-19,3.44404e-19,kenya pen=0.5 phi=0.5 tou
315,520,300,100,True,1.90796,True,5.29218e-19,3.44404e-19,kenya pen=0.5 phi=0.5 tou
315,540,300,100,True,1.92329,True,5.29218e-19,3.44404e-19,kenya pen=0.5 phi=0.5 tou
315,560,300,100,True,1.93862,True,5.29218e-19,3.44404e-19,kenya pen=0.5 phi=0.5 tou
315,580,300,100,True,1.95396,True,5.29218e-19,3.44404e-19,kenya pen=0.5 phi=0.5 tou
315,600,300,100,True,1.96929,True,5.29218e-19,3.44404e-19,kenya pen=0.5 phi=0.5 tou
315,620,300,100,True,1.98462,True,5.29218e-19,3.44404e-19,kenya pen=0.5 phi=0.5 tou
315,640,300,100,True,1.99995,True,5.29218e-19,3.44404e-19,kenya pen=0.5 phi=0.5 tou
315,660,300,100,True,2.01529,True,5.29218e-19,3.44404e-19,kenya pen=0.5 phi=0.5 tou
315,680,300,100,True,2.03062,True,5.29218e-19,3.44404e-19,kenya pen=0.5 phi=0.5 tou
315,700,300,100,True,2.04595,True,5.29218e-19,3.44404e-19,kenya pen=0.5 phi=0.5 tou
315,720,300,100,True,2.06128,True,5.29218e-19,3.44404e-19,kenya pen=0.5 phi=0.5 tou
315,740,300,100,True,2.07662,True,5.29218e-19,3.44404e-19,kenya pen=0.5 phi=0.5 tou
315,760,300,100,True,2.09195,True,5.29218e-19,3.44404e-19,kenya pen=0.5 phi=0.5 tou
315,780,300,100,True,2.10728,True,5.29218e-19,3.44404e-19,kenya pen=0.5 phi=0.5 tou
315,800,300,100,True,2.12262,True,5.29218e-19,3.44404e-19,kenya pen=0.5 phi=0.5 tou
315,820,300,100,True,2.13795,True,5.29218e-19,3.44404e-19,kenya pen=0.5 phi=0.5 tou
315,840,300,100,True,2.15328,True,5.29218e-19,3.44404e-19,kenya pen=0.5 phi=0.5 tou
315,860,300,100,True,2.16861,True,5.29218e-19,3.44404e-19,kenya pen=0.5 phi=0.5 tou
315,880,300,100,True,2.18395,True,5.29218e-19,3.44404e-19,kenya pen=0.5 phi=0.5 tou
315,900,300,100,True,2.19928,True,5.29218e-19,3.44404e-19,kenya pen=0.5 phi=0.5 tou
315,920,300,100,True,2.21461,True,5.29218e-19,3.44404e-19,kenya pen=0.5 phi=0.5 tou
315,940,300,100,True,2.22995,True,5.29218e-19,3.44404e-19,kenya pen=0.5 phi=0.5 tou
315,960,300,100,True,2.24528,True,5.29218e-19,3.44404e-19,kenya pen=0.5 phi=0.5 tou
315,980,300,100,True,2.26061,True,5.29218e-19,3.44404e-19,kenya pen=0.5 phi=0.5 tou
315,1000,300,100,True,2.27594,True,5.29218e-19,3.44404e-19,kenya pen=0.5 phi=0.5 tou
315,1020,300,100,True,2.29128,True,5.29218e-19,3.44404e-19,kenya pen=0.5 phi=0.5 tou
315,1040,300,100,True,2.30661,True,5.29218e-19,3.44404e-19,kenya pen=0.5 phi=0.5 tou
315,1060,300,100,True,2.32194,True,5.29218e-19,3.44404e-19,kenya pen=0.5 phi=0.5 tou
315,1080,300,100,True,2.33727,True,5.29218e-19,3.44404e-19,kenya pen=0.5 phi=0.5 tou
315,1100,300,100,True,2.35261,True,5.29218e-19,3.44404e-19,kenya pen=0.5 phi=0.5 tou
315,1120,300,100,True,2.36794,True,5.29218e-19,3.44404e-19,kenya pen=0.5 phi=0.5 tou
315,1140,300,100,True,2.38327,True,5.29218e-19,3.44404e-19,kenya pen=0.5 phi=0.5 tou
315,1160,300,100,True,2.39861,True,5.29218e-19,3.44404e-19,kenya pen=0.5 phi=0.5 tou
315,1180,300,100,True,2.41394,True,5.29218e-19,3.44404e-19,kenya pen=0.5 phi=0.5 tou
315,1200,300,100,True,2.42927,True,5.29218e-19,3.44404e-19,kenya pen=0.5 phi=0.5 tou
315,1220,300,100,True,2.4446,True,5.29218e-19,3.44404e-19,kenya pen=0.5 phi=0.5 tou
315,1240,300,100,True,2.45994,True,5.29218e-19,3.44404e-19,kenya pen=0.5 phi=0.5 tou
315,1260,300,100,True,2.47527,True,5.29218e-19,3.44404e-19,kenya pen=0.5 phi=0.5 tou
315,1280,300,100,True,2.4906,True,5.29218e-19,3.44404e-19,kenya pen=0.5 phi=0.5 tou
315,1300,300,100,True,2.50593,True,5.29218e-19,3.44404e-19,kenya pen=0.5 phi=0.5 tou
315,1320,300,100,True,2.52127,True,5.29218e-19,3.44404e-19,kenya pen=0.5 phi=0.5 tou
315,1340,300,100,True,2.5366,True,5.29218e-19,3.44404e-19,kenya pen=0.5 phi=0.5 tou
315,1360,300,100,True,2.55193,True,5.29218e-19,3.44404e-19,kenya pen=0.5 phi=0.5 tou
315,1380,300,100,True,2.56727,True,5.29218e-19,3.44404e-19,kenya pen=0.5 phi=0.5 tou
315,1400,300,100,True,2.5826,True,5.29218e-19,3.44404e-19,kenya pen=0.5 phi=0.5 tou
320,0,300,100,True,2.14774,False,0.313917,0.297587,kenya pen=0.5 phi=0.5 tou
320,20,300,100,True,2.00888,False,0.286164,0.251013,kenya pen=0.5 phi=0.5 tou
320,40,300,100,True,1.88933,False,0.258759,0.204574,kenya pen=0.5 phi=0.5 tou
320,60,300,100,True,1.78545,False,0.231412,0.15819,kenya pen=0.5 phi=0.5 tou
320,80,300,100,True,1.71,False,0.204065,0.114924,kenya pen=0.5 phi=0.5 tou
320,100,300,100,True,1.67044,False,0.176706,0.0791446,kenya pen=0.5 phi=0.5 tou
320,120,300,100,True,1.6536,False,0.149038,0.0517635,kenya pen=0.5 phi=0.5 tou
320,140,300,100,True,1.65186,False,0.120262,0.03278,kenya pen=0.5 phi=0.5 tou
320,160,300,100,True,1.6569,False,0.090183,0.0190798,kenya pen=0.5 phi=0.5 tou
320,180,300,100,True,1.66583,False,0.0588958,0.00957249,kenya pen=0.5 phi=0.5 tou
320,200,300,100,True,1.67759,True,0.0297851,0.00387613,kenya pen=0.5 phi=0.5 tou
320,220,300,100,True,1.69137,True,0.0110153,0.00129385,kenya pen=0.5 phi=0.5 tou
320,240,300,100,True,1.7062,True,0.00385852,0.000435412,kenya pen=0.5 phi=0.5 tou
320,260,300,100,True,1.72137,True,0.00168584,0.000174341,kenya pen=0.5 phi=0.5 tou
320,280,300,100,True,1.73665,True,0.000799779,7.52298e-05,kenya pen=0.5 phi=0.5 tou
320,300,300,100,True,1.75196,True,0.000417902,3.65013e-05,kenya pen=0.5 phi=0.5 tou
320,320,300,100,True,1.76728,True,0.000231273,1.76742e-05,kenya pen=0.5 phi=0.5 tou
320,340,300,100,True,1.7826,True,8.63212e-05,6.5968e-06,kenya pen=0.5 phi=0.5 tou
320,360,300,100,True,1.79793,True,4.86712e-19,3.43649e-19,kenya pen=0.5 phi=0.5 tou
320,380,300,100,True,1.81327,True,4.86712e-19,3.43649e-19,kenya pen=0.5 phi=0.5 tou
320,400,300,100,True,1.8286,True,4.86712e-19,3.43649e-19,kenya pen=0.5 phi=0.5 tou
320,420,300,100,True,1.84393,True,4.86712e-19,3.43649e-19,kenya pen=0.5 phi=0.5 tou
320,440,300,100,True,1.85926,True,4.86712e-19,3.43649e-19,kenya pen=0.5 phi=0.5 tou
320,460,300,100,True,1.8746,True,4.86712e-19,3.43649e-19,kenya pen=0.5 phi=0.5 tou
320,480,300,100,True,1.88993,True,4.86712e-19,3.43649e-19,kenya pen=0.5 phi=0.5 tou
320,500,300,100,True,1.90526,True,4.86712e-19,3.43649e-19,kenya pen=0.5 phi=0.5 tou
320,520,300,100,True,1.9206,True,4.86712e-19,3.43649e-19,kenya pen=0.5 phi=0.5 tou
320,540,300,100,True,1.93593,True,4.86712e-19,3.43649e-19,kenya pen=0.5 phi=0.5 tou
320,560,300,100,True,1.95126,True,4.86712e-19,3.43649e-19,kenya pen=0.5 phi=0.5 tou
320,580,300,100,True,1.96659,True,4.86712e-19,3.43649e-19,kenya pen=0.5 phi=0.5 tou
320,600,300,100,True,1.98193,True,4.86712e-19,3.43649e-19,kenya pen=0.5 phi=0.5 tou
320,620,300,100,True,1.99726,True,4.86712e-19,3.43649e-19,kenya pen=0.5 phi=0.5 tou
320,640,300,100,True,2.01259,True,4.86712e-19,3.43649e-19,kenya pen=0.5 phi=0.5 tou
320,660,300,100,True,2.02792,True,4.86712e-19,3.43649e-19,kenya pen=0.5 phi=0.5 tou
320,680,300,100,True,2.04326,True,4.86712e-19,3.43649e-19,kenya pen=0.5 phi=0.5 tou
320,700,300,100,True,2.05859,True,4.86712e-19,3.43649e-19,kenya pen=0.5 phi=0.5 tou
320,720,300,100,True,2.07392,True,4.86712e-19,3.43649e-19,kenya pen=0.5 phi=0.5 tou
320,740,300,100,True,2.08926,True,4.86712e-19,3.43649e-19,kenya pen=0.5 phi=0.5 tou
320,760,300,100,True,2.10459,True,4.86712e-19,3.43649e-19,kenya pen=0.5 phi=0.5 tou
320,780,300,100,True,2.11992,True,4.86712e-19,3.43649e-19,kenya pen=0.5 phi=0.5 tou
320,800,300,100,True,2.13525,True,4.86712e-19,3.43649e-19,kenya pen=0.5 phi=0.5 tou
320,820,300,100,True,2.15059,True,4.86712e-19,3.43649e-19,kenya pen=0.5 phi=0.5 tou
320,840,300,100,True,2.16592,True,4.86712e-19,3.43649e-19,kenya pen=0.5 phi=0.5 tou
320,860,300,100,True,2.18125,True,4.86712e-19,3.43649e-19,kenya pen=0.5 phi=0.5 tou
320,880,300,100,True,2.19658,True,4.86712e-19,3.43649e-19,kenya pen=0.5 phi=0.5 tou
320,900,300,100,True,2.21192,True,4.86712e-19,3.43649e-19,kenya pen=0.5 phi=0.5 tou
320,920,300,100,True,2.22725,True,4.86712e-19,3.43649e-19,kenya pen=0.5 phi=0.5 tou
320,940,300,100,True,2.24258,True,4.86712e-19,3.43649e-19,kenya pen=0.5 phi=0.5 tou
320,960,300,100,True,2.25792,True,4.86712e-19,3.43649e-19,kenya pen=0.5 phi=0.5 tou
320,980,300,100,True,2.27325,True,4.86712e-19,3.43649e-19,kenya pen=0.5 phi=0.5 tou
320,1000,300,100,True,2.28858,True,4.86712e-19,3.43649e-19,kenya pen=0.5 phi=0.5 tou
320,1020,300,100,True,2.30391,True,4.86712e-19,3.43649e-19,kenya pen=0.5 phi=0.5 tou
320,1040,300,100,True,2.31925,True,4.86712e-19,3.43649e-19,kenya pen=0.5 phi=0.5 tou
320,1060,300,100,True,2.33458,True,4.86712e-19,3.43649e-19,kenya pen=0.5 phi=0.5 tou
320,1080,300,100,True,2.34991,True,4.86712e-19,3.43649e-19,kenya pen=0.5 phi=0.5 tou
320,1100,300,100,True,2.36524,True,4.86712e-19,3.43649e-19,kenya pen=0.5 phi=0.5 tou
320,1120,300,100,True,2.38058,True,4.86712e-19,3.43649e-19,kenya pen=0.5 phi=0.5 tou
320,1140,300,100,True,2.39591,True,4.86712e-19,3.43649e-19,kenya pen=0.5 phi=0.5 tou
320,1160,300,100,True,2.41124,True,4.86712e-19,3.43649e-19,kenya pen=0.5 phi=0.5 tou
320,1180,300,100,True,2.42658,True,4.86712e-19,3.43649e-19,kenya pen=0.5 phi=0.5 tou
320,1200,300,100,True,2.44191,True,4.86712e-19,3.43649e-19,kenya pen=0.5 phi=0.5 tou
320,1220,300,100,True,2.45724,True,4.86712e-19,3.43649e-19,kenya pen=0.5 phi=0.5 tou
320,1240,300,100,True,2.47257,True,4.86712e-19,3.43649e-19,kenya pen=0.5 phi=0.5 tou
320,1260,300,100,True,2.48791,True,4.86712e-19,3.43649e-19,kenya pen=0.5 phi=0.5 tou
320,1280,300,100,True,2.50324,True,4.86712e-19,3.43649e-19,kenya pen=0.5 phi=0.5 tou
320,1300,300,100,True,2.51857,True,4.86712e-19,3.43649e-19,kenya pen=0.5 phi=0.5 tou
320,1320,300,100,True,2.5339,True,4.86712e-19,3.43649e-19,kenya pen=0.5 phi=0.5 tou
320,1340,300,100,True,2.54924,True,4.86712e-19,3.43649e-19,kenya pen=0.5 phi=0.5 tou
320,1360,300,100,True,2.56457,True,4.86712e-19,3.43649e-19,kenya pen=0.5 phi=0.5 tou
320,1380,300,100,True,2.5799,True,4.86712e-19,3.43649e-19,kenya pen=0.5 phi=0.5 tou
320,1400,300,100,True,2.59524,True,4.86712e-19,3.43649e-19,kenya pen=0.5 phi=0.5 tou
325,0,300,100,True,2.16435,False,0.313174,0.29708,kenya pen=0.5 phi=0.5 tou
325,20,300,100,True,2.02434,False,0.285441,0.250514,kenya pen=0.5 phi=0.5 tou
325,40,300,100,True,1.90379,False,0.25804,0.204076,kenya pen=0.5 phi=0.5 tou
325,60,300,100,True,1.79903,False,0.230693,0.157693,kenya pen=0.5 phi=0.5 tou
325,80,300,100,True,1.723,False,0.203345,0.114444,kenya pen=0.5 phi=0.5 tou
325,100,300,100,True,1.68315,False,0.175986,0.0787011,kenya pen=0.5 phi=0.5 tou
325,120,300,100,True,1.6662,False,0.148312,0.0513874,kenya pen=0.5 phi=0.5 tou
325,140,300,100,True,1.66443,False,0.119478,0.032474,kenya pen=0.5 phi=0.5 tou
325,160,300,100,True,1.66945,False,0.0893636,0.0188307,kenya pen=0.5 phi=0.5 tou
325,180,300,100,True,1.67838,False,0.0580698,0.00938181,kenya pen=0.5 phi=0.5 tou
325,200,300,100,True,1.69017,True,0.0290536,0.0037547,kenya pen=0.5 phi=0.5 tou
325,220,300,100,True,1.70398,True,0.0105593,0.00122851,kenya pen=0.5 phi=0.5 tou
325,240,300,100,True,1.71882,True,0.00362074,0.000403149,kenya pen=0.5 phi=0.5 tou
325,260,300,100,True,1.734,True,0.00153094,0.000153483,kenya pen=0.5 phi=0.5 tou
325,280,300,100,True,1.74928,True,0.000677022,6.10217e-05,kenya pen=0.5 phi=0.5 tou
325,300,300,100,True,1.76459,True,0.000345933,2.83654e-05,kenya pen=0.5 phi=0.5 tou
325,320,300,100,True,1.77991,True,0.000159592,1.21963e-05,kenya pen=0.5 phi=0.5 tou
325,340,300,100,True,1.79524,True,5.20582e-05,3.97837e-06,kenya pen=0.5 phi=0.5 tou
325,360,300,100,True,1.81057,True,5.05682e-19,3.42852e-19,kenya pen=0.5 phi=0.5 tou
325,380,300,100,True,1.8259,True,5.05682e-19,3.42852e-19,kenya pen=0.5 phi=0.5 tou
325,400,300,100,True,1.84124,True,5.05682e-19,3.42852e-19,kenya pen=0.5 phi=0.5 tou
325,420,300,100,True,1.85657,True,5.05682e-19,3.42852e-19,kenya pen=0.5 phi=0.5 tou
325,440,300,100,True,1.8719,True,5.05682e-19,3.42852e-19,kenya pen=0.5 phi=0.5 tou
325,460,300,100,True,1.88724,True,5.05682e-19,3.42852e-19,kenya pen=0.5 phi=0.5 tou
325,480,300,100,True,1.90257,True,5.05682e-19,3.42852e-19,kenya pen=0.5 phi=0.5 tou
325,500,300,100,True,1.9179,True,5.05682e-19,3.42852e-19,kenya pen=0.5 phi=0.5 tou
325,520,300,100,True,1.93323,True,5.05682e-19,3.42852e-19,kenya pen=0.5 phi=0.5 tou
325,540,300,100,True,1.94857,True,5.05682e-19,3.42852e-19,kenya pen=0.5 phi=0.5 tou
325,560,300,100,True,1.9639,True,5.05682e-19,3.42852e-19,kenya pen=0.5 phi=0.5 tou
325,580,300,100,True,1.97923,True,5.05682e-19,3.42852e-19,kenya pen=0.5 phi=0.5 tou
325,600,300,100,True,1.99456,True,5.05682e-19,3.42852e-19,kenya pen=0.5 phi=0.5 tou
325,620,300,100,True,2.0099,True,5.05682e-19,3.42852e-19,kenya pen=0.5 phi=0.5 tou
325,640,300,100,True,2.02523,True,5.05682e-19,3.42852e-19,kenya pen=0.5 phi=0.5 tou
325,660,300,100,True,2.04056,True,5.05682e-19,3.42852e-19,kenya pen=0.5 phi=0.5 tou
325,680,300,100,True,2.0559,True,5.05682e-19,3.42852e-19,kenya pen=0.5 phi=0.5 tou
325,700,300,100,True,2.07123,True,5.05682e-19,3.42852e-19,kenya pen=0.5 phi=0.5 tou
325,720,300,100,True,2.08656,True,5.05682e-19,3.42852e-19,kenya pen=0.5 phi=0.5 tou
325,740,300,100,True,2.10189,True,5.05682e-19,3.42852e-19,kenya pen=0.5 phi=0.5 tou
325,760,300,100,True,2.11723,True,5.05682e-19,3.42852e-19,kenya pen=0.5 phi=0.5 tou
325,780,300,100,True,2.13256,True,5.05682e-19,3.42852e-19,kenya pen=0.5 phi=0.5 tou
325,800,300,100,True,2.14789,True,5.05682e-19,3.42852e-19,kenya pen=0.5 phi=0.5 tou
325,820,300,100,True,2.16322,True,5.05682e-19,3.42852e-19,kenya pen=0.5 phi=0.5 tou
325,840,300,100,True,2.17856,True,5.05682e-19,3.42852e-19,kenya pen=0.5 phi=0.5 tou
325,860,300,100,True,2.19389,True,5.05682e-19,3.42852e-19,kenya pen=0.5 phi=0.5 tou
325,880,300,100,True,2.20922,True,5.05682e-19,3.42852e-19,kenya pen=0.5 phi=0.5 tou
325,900,300,100,True,2.22456,True,5.05682e-19,3.42852e-19,kenya pen=0.5 phi=0.5 tou
325,920,300,100,True,2.23989,True,5.05682e-19,3.42852e-19,kenya pen=0.5 phi=0.5 tou
325,940,300,100,True,2.25522,True,5.05682e-19,3.42852e-19,kenya pen=0.5 phi=0.5 tou
325,960,300,100,True,2.27055,True,5.05682e-19,3.42852e-19,kenya pen=0.5 phi=0.5 tou
325,980,300,100,True,2.28589,True,5.05682e-19,3.42852e-19,kenya pen=0.5 phi=0.5 tou
325,1000,300,100,True,2.30122,True,5.05682e-19,3.42852e-19,kenya pen=0.5 phi=0.5 tou
325,1020,300,100,True,2.31655,True,5.05682e-19,3.42852e-19,kenya pen=0.5 phi=0.5 tou
325,1040,300,100,True,2.33188,True,5.05682e-19,3.42852e-19,kenya pen=0.5 phi=0.5 tou
325,1060,300,100,True,2.34722,True,5.05682e-19,3.42852e-19,kenya pen=0.5 phi=0.5 tou
325,1080,300,100,True,2.36255,True,5.05682e-19,3.42852e-19,kenya pen=0.5 phi=0.5 tou
325,1100,300,100,True,2.37788,True,5.05682e-19,3.42852e-19,kenya pen=0.5 phi=0.5 tou
325,1120,300,100,True,2.39322,True,5.05682e-19,3.42852e-19,kenya pen=0.5 phi=0.5 tou
325,1140,300,100,True,2.40855,True,5.05682e-19,3.42852e-19,kenya pen=0.5 phi=0.5 tou
325,1160,300,100,True,2.42388,True,5.05682e-19,3.42852e-19,kenya pen=0.5 phi=0.5 tou
325,1180,300,100,True,2.43921,True,5.05682e-19,3.42852e-19,kenya pen=0.5 phi=0.5 tou
325,1200,300,100,True,2.45455,True,5.05682e-19,3.42852e-19,kenya pen=0.5 phi=0.5 tou
325,1220,300,100,True,2.46988,True,5.05682e-19,3.42852e-19,kenya pen=0.5 phi=0.5 tou
325,1240,300,100,True,2.48521,True,5.05682e-19,3.42852e-19,kenya pen=0.5 phi=0.5 tou
325,1260,300,100,True,2.50054,True,5.05682e-19,3.42852e-19,kenya pen=0.5 phi=0.5 tou
325,1280,300,100,True,2.51588,True,5.05682e-19,3.42852e-19,kenya pen=0.5 phi=0.5 tou
325,1300,300,100,True,2.53121,True,5.05682e-19,3.42852e-19,kenya pen=0.5 phi=0.5 tou
325,1320,300,100,True,2.54654,True,5.05682e-19,3.42852e-19,kenya pen=0.5 phi=0.5 tou
325,1340,300,100,True,2.56188,True,5.05682e-19,3.42852e-19,kenya pen=0.5 phi=0.5 tou
325,1360,300,100,True,2.57721,True,5.05682e-19,3.42852e-19,kenya pen=0.5 phi=0.5 tou
325,1380,300,100,True,2.59254,True,5.05682e-19,3.42852e-19,kenya pen=0.5 phi=0.5 tou
325,1400,300,100,True,2.60787,True,5.05682e-19,3.42852e-19,kenya pen=0.5 phi=0.5 tou
330,0,300,100,True,2.18098,False,0.312456,0.296591,kenya pen=0.5 phi=0.5 tou
330,20,300,100,True,2.03983,False,0.284745,0.250031,kenya pen=0.5 phi=0.5 tou
330,40,300,100,True,1.91827,False,0.257346,0.203594,kenya pen=0.5 phi=0.5 tou
330,60,300,100,True,1.81263,False,0.229999,0.157212,kenya pen=0.5 phi=0.5 tou
330,80,300,100,True,1.73601,False,0.202651,0.11398,kenya pen=0.5 phi=0.5 tou
330,100,300,100,True,1.69586,False,0.175292,0.0782724,kenya pen=0.5 phi=0.5 tou
330,120,300,100,True,1.6788,False,0.147612,0.0510247,kenya pen=0.5 phi=0.5 tou
330,140,300,100,True,1.67701,False,0.11874,0.0321801,kenya pen=0.5 phi=0.5 tou
330,160,300,100,True,1.68202,False,0.0885697,0.0185931,kenya pen=0.5 phi=0.5 tou
330,180,300,100,True,1.69095,False,0.0572697,0.00920099,kenya pen=0.5 phi=0.5 tou
330,200,300,100,True,1.70275,True,0.0283436,0.00364071,kenya pen=0.5 phi=0.5 tou
330,220,300,100,True,1.71658,True,0.0101212,0.00116884,kenya pen=0.5 phi=0.5 tou
330,240,300,100,True,1.73144,True,0.00339916,0.000373817,kenya pen=0.5 phi=0.5 tou
330,260,300,100,True,1.74663,True,0.00138026,0.000134875,kenya pen=0.5 phi=0.5 tou
330,280,300,100,True,1.76191,True,0.000584949,5.11745e-05,kenya pen=0.5 phi=0.5 tou
330,300,300,100,True,1.77722,True,0.000275966,2.10898e-05,kenya pen=0.5 phi=0.5 tou
330,320,300,100,True,1.79255,True,0.00011098,8.48126e-06,kenya pen=0.5 phi=0.5 tou
330,340,300,100,True,1.80788,True,1.78052e-05,1.3607e-06,kenya pen=0.5 phi=0.5 tou
330,360,300,100,True,1.82321,True,4.91279e-19,3.42055e-19,kenya pen=0.5 phi=0.5 tou
330,380,300,100,True,1.83854,True,4.91279e-19,3.42055e-19,kenya pen=0.5 phi=0.5 tou
330,400,300,100,True,1.85387,True,4.91279e-19,3.42055e-19,kenya pen=0.5 phi=0.5 tou
330,420,300,100,True,1.86921,True,4.91279e-19,3.42055e-19,kenya pen=0.5 phi=0.5 tou
330,440,300,100,True,1.88454,True,4.91279e-19,3.42055e-19,kenya pen=0.5 phi=0.5 tou
330,460,300,100,True,1.89987,True,4.91279e-19,3.42055e-19,kenya pen=0.5 phi=0.5 tou
330,480,300,100,True,1.91521,True,4.91279e-19,3.42055e-19,kenya pen=0.5 phi=0.5 tou
330,500,300,100,True,1.93054,True,4.91279e-19,3.42055e-19,kenya pen=0.5 phi=0.5 tou
330,520,300,100,True,1.94587,True,4.91279e-19,3.42055e-19,kenya pen=0.5 phi=0.5 tou
330,540,300,100,True,1.9612,True,4.91279e-19,3.42055e-19,kenya pen=0.5 phi=0.5 tou
330,560,300,100,True,1.97654,True,4.91279e-19,3.42055e-19,kenya pen=0.5 phi=0.5 tou
330,580,300,100,True,1.99187,True,4.91279e-19,3.42055e-19,kenya pen=0.5 phi=0.5 tou
330,600,300,100,True,2.0072,True,4.91279e-19,3.42055e-19,kenya pen=0.5 phi=0.5 tou
330,620,300,100,True,2.02254,True,4.91279e-19,3.42055e-19,kenya pen=0.5 phi=0.5 tou
330,640,300,100,True,2.03787,True,4.91279e-19,3.42055e-19,kenya pen=0.5 phi=0.5 tou
330,660,300,100,True,2.0532,True,4.91279e-19,3.42055e-19,kenya pen=0.5 phi=0.5 tou
330,680,300,100,True,2.06853,True,4.91279e-19,3.42055e-19,kenya pen=0.5 phi=0.5 tou
330,700,300,100,True,2.08387,True,4.91279e-19,3.42055e-19,kenya pen=0.5 phi=0.5 tou
330,720,300,100,True,2.0992,True,4.91279e-19,3.42055e-19,kenya pen=0.5 phi=0.5 tou
330,740,300,100,True,2.11453,True,4.91279e-19,3.42055e-19,kenya pen=0.5 phi=0.5 tou
330,760,300,100,True,2.12986,True,4.91279e-19,3.42055e-19,kenya pen=0.5 phi=0.5 tou
330,780,300,100,True,2.1452,True,4.91279e-19,3.42055e-19,kenya pen=0.5 phi=0.5 tou
330,800,300,100,True,2.16053,True,4.91279e-19,3.42055e-19,kenya pen=0.5 phi=0.5 tou
330,820,300,100,True,2.17586,True,4.91279e-19,3.42055e-19,kenya pen=0.5 phi=0.5 tou
330,840,300,100,True,2.1912,True,4.91279e-19,3.42055e-19,kenya pen=0.5 phi=0.5 tou
330,860,300,100,True,2.20653,True,4.91279e-19,3.42055e-19,kenya pen=0.5 phi=0.5 tou
330,880,300,100,True,2.22186,True,4.91279e-19,3.42055e-19,kenya pen=0.5 phi=0.5 tou
330,900,300,100,True,2.23719,True,4.91279e-19,3.42055e-19,kenya pen=0.5 phi=0.5 tou
330,920,300,100,True,2.25253,True,4.91279e-19,3.42055e-19,kenya pen=0.5 phi=0.5 tou
330,940,300,100,True,2.26786,True,4.91279e-19,3.42055e-19,kenya pen=0.5 phi=0.5 tou
330,960,300,100,True,2.28319,True,4.91279e-19,3.42055e-19,kenya pen=0.5 phi=0.5 tou
330,980,300,100,True,2.29852,True,4.91279e-19,3.42055e-19,kenya pen=0.5 phi=0.5 tou
330,1000,300,100,True,2.31386,True,4.91279e-19,3.42055e-19,kenya pen=0.5 phi=0.5 tou
330,1020,300,100,True,2.32919,True,4.91279e-19,3.42055e-19,kenya pen=0.5 phi=0.5 tou
330,1040,300,100,True,2.34452,True,4.91279e-19,3.42055e-19,kenya pen=0.5 phi=0.5 tou
330,1060,300,100,True,2.35986,True,4.91279e-19,3.42055e-19,kenya pen=0.5 phi=0.5 tou
330,1080,300,100,True,2.37519,True,4.91279e-19,3.42055e-19,kenya pen=0.5 phi=0.5 tou
330,1100,300,100,True,2.39052,True,4.91279e-19,3.42055e-19,kenya pen=0.5 phi=0.5 tou
330,1120,300,100,True,2.40585,True,4.91279e-19,3.42055e-19,kenya pen=0.5 phi=0.5 tou
330,1140,300,100,True,2.42119,True,4.91279e-19,3.42055e-19,kenya pen=0.5 phi=0.5 tou
330,1160,300,100,True,2.43652,True,4.91279e-19,3.42055e-19,kenya pen=0.5 phi=0.5 tou
330,1180,300,100,True,2.45185,True,4.91279e-19,3.42055e-19,kenya pen=0.5 phi=0.5 tou
330,1200,300,100,True,2.46718,True,4.91279e-19,3.42055e-19,kenya pen=0.5 phi=0.5 tou
330,1220,300,100,True,2.48252,True,4.91279e-19,3.42055e-19,kenya pen=0.5 phi=0.5 tou
330,1240,300,100,True,2.49785,True,4.91279e-19,3.42055e-19,kenya pen=0.5 phi=0.5 tou
330,1260,300,100,True,2.51318,True,4.91279e-19,3.42055e-19,kenya pen=0.5 phi=0.5 tou
330,1280,300,100,True,2.52852,True,4.91279e-19,3.42055e-19,kenya pen=0.5 phi=0.5 tou
330,1300,300,100,True,2.54385,True,4.91279e-19,3.42055e-19,kenya pen=0.5 phi=0.5 tou
330,1320,300,100,True,2.55918,True,4.91279e-19,3.42055e-19,kenya pen=0.5 phi=0.5 tou
330,1340,300,100,True,2.57451,True,4.91279e-19,3.42055e-19,kenya pen=0.5 phi=0.5 tou
330,1360,300,100,True,2.58985,True,4.91279e-19,3.42055e-19,kenya pen=0.5 phi=0.5 tou
330,1380,300,100,True,2.60518,True,4.91279e-19,3.42055e-19,kenya pen=0.5 phi=0.5 tou
330,1400,300,100,True,2.62051,True,4.91279e-19,3.42055e-19,kenya pen=0.5 phi=0.5 tou
335,0,300,100,True,2.19762,False,0.31175,0.296115,kenya pen=0.5 phi=0.5 tou
335,20,300,100,True,2.05532,False,0.284071,0.249562,kenya pen=0.5 phi=0.5 tou
335,40,300,100,True,1.93275,False,0.256675,0.203126,kenya pen=0.5 phi=0.5 tou
335,60,300,100,True,1.82623,False,0.229328,0.156744,kenya pen=0.5 phi=0.5 tou
335,80,300,100,True,1.74903,False,0.201981,0.113529,kenya pen=0.5 phi=0.5 tou
335,100,300,100,True,1.70858,False,0.174621,0.0778557,kenya pen=0.5 phi=0.5 tou
335,120,300,100,True,1.69141,False,0.146934,0.0506732,kenya pen=0.5 phi=0.5 tou
335,140,300,100,True,1.68959,False,0.118047,0.0318957,kenya pen=0.5 phi=0.5 tou
335,160,300,100,True,1.69458,False,0.0878009,0.0183632,kenya pen=0.5 phi=0.5 tou
335,180,300,100,True,1.70351,False,0.056493,0.00902889,kenya pen=0.5 phi=0.5 tou
335,200,300,100,True,1.71534,True,0.0276506,0.00353343,kenya pen=0.5 phi=0.5 tou
335,220,300,100,True,1.72919,True,0.00971521,0.00111354,kenya pen=0.5 phi=0.5 tou
335,240,300,100,True,1.74406,True,0.00318555,0.000346387,kenya pen=0.5 phi=0.5 tou
335,260,300,100,True,1.75925,True,0.00123997,0.000119058,kenya pen=0.5 phi=0.5 tou
335,280,300,100,True,1.77454,True,0.000506074,4.25252e-05,kenya pen=0.5 phi=0.5 tou
335,300,300,100,True,1.78986,True,0.000206921,1.58132e-05,kenya pen=0.5 phi=0.5 tou
335,320,300,100,True,1.80519,True,7.6735e-05,5.8642e-06,kenya pen=0.5 phi=0.5 tou
335,340,300,100,True,1.82051,True,5.05331e-19,3.40447e-19,kenya pen=0.5 phi=0.5 tou
335,360,300,100,True,1.83585,True,5.05331e-19,3.40447e-19,kenya pen=0.5 phi=0.5 tou
335,380,300,100,True,1.85118,True,5.05331e-19,3.40447e-19,kenya pen=0.5 phi=0.5 tou
335,400,300,100,True,1.86651,True,5.05331e-19,3.40447e-19,kenya pen=0.5 phi=0.5 tou
335,420,300,100,True,1.88185,True,5.05331e-19,3.40447e-19,kenya pen=0.5 phi=0.5 tou
335,440,300,100,True,1.89718,True,5.05331e-19,3.40447e-19,kenya pen=0.5 phi=0.5 tou
335,460,300,100,True,1.91251,True,5.05331e-19,3.40447e-19,kenya pen=0.5 phi=0.5 tou
335,480,300,100,True,1.92784,True,5.05331e-19,3.40447e-19,kenya pen=0.5 phi=0.5 tou
335,500,300,100,True,1.94318,True,5.05331e-19,3.40447e-19,kenya pen=0.5 phi=0.5 tou
335,520,300,100,True,1.95851,True,5.05331e-19,3.40447e-19,kenya pen=0.5 phi=0.5 tou
335,540,300,100,True,1.97384,True,5.05331e-19,3.40447e-19,kenya pen=0.5 phi=0.5 tou
335,560,300,100,True,1.98917,True,5.05331e-19,3.40447e-19,kenya pen=0.5 phi=0.5 tou
335,580,300,100,True,2.00451,True,5.05331e-19,3.40447e-19,kenya pen=0.5 phi=0.5 tou
335,600,300,100,True,2.01984,True,5.05331e-19,3.40447e-19,kenya pen=0.5 phi=0.5 tou
335,620,300,100,True,2.03517,True,5.05331e-19,3.40447e-19,kenya pen=0.5 phi=0.5 tou
335,640,300,100,True,2.05051,True,5.05331e-19,3.40447e-19,kenya pen=0.5 phi=0.5 tou
335,660,300,100,True,2.06584,True,5.05331e-19,3.40447e-19,kenya pen=0.5 phi=0.5 tou
335,680,300,100,True,2.08117,True,5.05331e-19,3.40447e-19,kenya pen=0.5 phi=0.5 tou
335,700,300,100,True,2.0965,True,5.05331e-19,3.40447e-19,kenya pen=0.5 phi=0.5 tou
335,720,300,100,True,2.11184,True,5.05331e-19,3.40447e-19,kenya pen=0.5 phi=0.5 tou
335,740,300,100,True,2.12717,True,5.05331e-19,3.40447e-19,kenya pen=0.5 phi=0.5 tou
335,760,300,100,True,2.1425,True,5.05331e-19,3.40447e-19,kenya pen=0.5 phi=0.5 tou
335,780,300,100,True,2.15783,True,5.05331e-19,3.40447e-19,kenya pen=0.5 phi=0.5 tou
335,800,300,100,True,2.17317,True,5.05331e-19,3.40447e-19,kenya pen=0.5 phi=0.5 tou
335,820,300,100,True,2.1885,True,5.05331e-19,3.40447e-19,kenya pen=0.5 phi=0.5 tou
335,840,300,100,True,2.20383,True,5.05331e-19,3.40447e-19,kenya pen=0.5 phi=0.5 tou
335,860,300,100,True,2.21917,True,5.05331e-19,3.40447e-19,kenya pen=0.5 phi=0.5 tou
335,880,300,100,True,2.2345,True,5.05331e-19,3.40447e-19,kenya pen=0.5 phi=0.5 tou
335,900,300,100,True,2.24983,True,5.05331e-19,3.40447e-19,kenya pen=0.5 phi=0.5 tou
335,920,300,100,True,2.26516,True,5.05331e-19,3.40447e-19,kenya pen=0.5 phi=0.5 tou
335,940,300,100,True,2.2805,True,5.05331e-19,3.40447e-19,kenya pen=0.5 phi=0.5 tou
335,960,300,100,True,2.29583,True,5.05331e-19,3.40447e-19,kenya pen=0.5 phi=0.5 tou
335,980,300,100,True,2.31116,True,5.05331e-19,3.40447e-19,kenya pen=0.5 phi=0.5 tou
335,1000,300,100,True,2.32649,True,5.05331e-19,3.40447e-19,kenya pen=0.5 phi=0.5 tou
335,1020,300,100,True,2.34183,True,5.05331e-19,3.40447e-19,kenya pen=0.5 phi=0.5 tou
335,1040,300,100,True,2.35716,True,5.05331e-19,3.40447e-19,kenya pen=0.5 phi=0.5 tou
335,1060,300,100,True,2.37249,True,5.05331e-19,3.40447e-19,kenya pen=0.5 phi=0.5 tou
335,1080,300,100,True,2.38783,True,5.05331e-19,3.40447e-19,kenya pen=0.5 phi=0.5 tou
335,1100,300,100,True,2.40316,True,5.05331e-19,3.40447e-19,kenya pen=0.5 phi=0.5 tou
335,1120,300,100,True,2.41849,True,5.05331e-19,3.40447e-19,kenya pen=0.5 phi=0.5 tou
335,1140,300,100,True,2.43382,True,5.05331e-19,3.40447e-19,kenya pen=0.5 phi=0.5 tou
335,1160,300,100,True,2.44916,True,5.05331e-19,3.40447e-19,kenya pen=0.5 phi=0.5 tou
335,1180,300,100,True,2.46449,True,5.05331e-19,3.40447e-19,kenya pen=0.5 phi=0.5 tou
335,1200,300,100,True,2.47982,True,5.05331e-19,3.40447e-19,kenya pen=0.5 phi=0.5 tou
335,1220,300,100,True,2.49516,True,5.05331e-19,3.40447e-19,kenya pen=0.5 phi=0.5 tou
335,1240,300,100,True,2.51049,True,5.05331e-19,3.40447e-19,kenya pen=0.5 phi=0.5 tou
335,1260,300,100,True,2.52582,True,5.05331e-19,3.40447e-19,kenya pen=0.5 phi=0.5 tou
335,1280,300,100,True,2.54115,True,5.05331e-19,3.40447e-19,kenya pen=0.5 phi=0.5 tou
335,1300,300,100,True,2.55649,True,5.05331e-19,3.40447e-19,kenya pen=0.5 phi=0.5 tou
335,1320,300,100,True,2.57182,True,5.05331e-19,3.40447e-19,kenya pen=0.5 phi=0.5 tou
335,1340,300,100,True,2.58715,True,5.05331e-19,3.40447e-19,kenya pen=0.5 phi=0.5 tou
335,1360,300,100,True,2.60248,True,5.05331e-19,3.40447e-19,kenya pen=0.5 phi=0.5 tou
335,1380,300,100,True,2.61782,True,5.05331e-19,3.40447e-19,kenya pen=0.5 phi=0.5 tou
335,1400,300,100,True,2.63315,True,5.05331e-19,3.40447e-19,kenya pen=0.5 phi=0.5 tou
340,0,300,100,True,2.21429,False,0.311056,0.295653,kenya pen=0.5 phi=0.5 tou
340,20,300,100,True,2.07083,False,0.283409,0.249107,kenya pen=0.5 phi=0.5 tou
340,40,300,100,True,1.94726,False,0.256016,0.202671,kenya pen=0.5 phi=0.5 tou
340,60,300,100,True,1.83986,False,0.228669,0.156291,kenya pen=0.5 phi=0.5 tou
340,80,300,100,True,1.76206,False,0.201321,0.113092,kenya pen=0.5 phi=0.5 tou
340,100,300,100,True,1.72131,False,0.173961,0.077451,kenya pen=0.5 phi=0.5 tou
340,120,300,100,True,1.70403,False,0.146268,0.0503318,kenya pen=0.5 phi=0.5 tou
340,140,300,100,True,1.70218,False,0.117365,0.03162,kenya pen=0.5 phi=0.5 tou
340,160,300,100,True,1.70715,False,0.0870753,0.0181433,kenya pen=0.5 phi=0.5 tou
340,180,300,100,True,1.71609,False,0.0557301,0.00886412,kenya pen=0.5 phi=0.5 tou
340,200,300,100,True,1.72793,True,0.0269856,0.00343078,kenya pen=0.5 phi=0.5 tou
340,220,300,100,True,1.7418,True,0.00931731,0.00106291,kenya pen=0.5 phi=0.5 tou
340,240,300,100,True,1.75668,True,0.00297942,0.000320647,kenya pen=0.5 phi=0.5 tou
340,260,300,100,True,1.77189,True,0.00111891,0.00010578,kenya pen=0.5 phi=0.5 tou
340,280,300,100,True,1.78717,True,0.000427237,3.39045e-05,kenya pen=0.5 phi=0.5 tou
340,300,300,100,True,1.80249,True,0.000137891,1.05378e-05,kenya pen=0.5 phi=0.5 tou
340,320,300,100,True,1.81782,True,4.24977e-05,3.24774e-06,kenya pen=0.5 phi=0.5 tou
340,340,300,100,True,1.83315,True,4.99007e-19,3.40592e-19,kenya pen=0.5 phi=0.5 tou
340,360,300,100,True,1.84849,True,4.99007e-19,3.40592e-19,kenya pen=0.5 phi=0.5 tou
340,380,300,100,True,1.86382,True,4.99007e-19,3.40592e-19,kenya pen=0.5 phi=0.5 tou
340,400,300,100,True,1.87915,True,4.99007e-19,3.40592e-19,kenya pen=0.5 phi=0.5 tou
340,420,300,100,True,1.89448,True,4.99007e-19,3.40592e-19,kenya pen=0.5 phi=0.5 tou
340,440,300,100,True,1.90982,True,4.99007e-19,3.40592e-19,kenya pen=0.5 phi=0.5 tou
340,460,300,100,True,1.92515,True,4.99007e-19,3.40592e-19,kenya pen=0.5 phi=0.5 tou
340,480,300,100,True,1.94048,True,4.99007e-19,3.40592e-19,kenya pen=0.5 phi=0.5 tou
340,500,300,100,True,1.95581,True,4.99007e-19,3.40592e-19,kenya pen=0.5 phi=0.5 tou
340,520,300,100,True,1.97115,True,4.99007e-19,3.40592e-19,kenya pen=0.5 phi=0.5 tou
340,540,300,100,True,1.98648,True,4.99007e-19,3.40592e-19,kenya pen=0.5 phi=0.5 tou
340,560,300,100,True,2.00181,True,4.99007e-19,3.40592e-19,kenya pen=0.5 phi=0.5 tou
340,580,300,100,True,2.01715,True,4.99007e-19,3.40592e-19,kenya pen=0.5 phi=0.5 tou
340,600,300,100,True,2.03248,True,4.99007e-19,3.40592e-19,kenya pen=0.5 phi=0.5 tou
340,620,300,100,True,2.04781,True,4.99007e-19,3.40592e-19,kenya pen=0.5 phi=0.5 tou
340,640,300,100,True,2.06314,True,4.99007e-19,3.40592e-19,kenya pen=0.5 phi=0.5 tou
340,660,300,100,True,2.07848,True,4.99007e-19,3.40592e-19,kenya pen=0.5 phi=0.5 tou
340,680,300,100,True,2.09381,True,4.99007e-19,3.40592e-19,kenya pen=0.5 phi=0.5 tou
340,700,300,100,True,2.10914,True,4.99007e-19,3.40592e-19,kenya pen=0.5 phi=0.5 tou
340,720,300,100,True,2.12447,True,4.99007e-19,3.40592e-19,kenya pen=0.5 phi=0.5 tou
340,740,300,100,True,2.13981,True,4.99007e-19,3.40592e-19,kenya pen=0.5 phi=0.5 tou
340,760,300,100,True,2.15514,True,4.99007e-19,3.40592e-19,kenya pen=0.5 phi=0.5 tou
340,780,300,100,True,2.17047,True,4.99007e-19,3.40592e-19,kenya pen=0.5 phi=0.5 tou
340,800,300,100,True,2.18581,True,4.99007e-19,3.40592e-19,kenya pen=0.5 phi=0.5 tou
340,820,300,100,True,2.20114,True,4.99007e-19,3.40592e-19,kenya pen=0.5 phi=0.5 tou
340,840,300,100,True,2.21647,True,4.99007e-19,3.40592e-19,kenya pen=0.5 phi=0.5 tou
340,860,300,100,True,2.2318,True,4.99007e-19,3.40592e-19,kenya pen=0.5 phi=0.5 tou
340,880,300,100,True,2.24714,True,4.99007e-19,3.40592e-19,kenya pen=0.5 phi=0.5 tou
340,900,300,100,True,2.26247,True,4.99007e-19,3.40592e-19,kenya pen=0.5 phi=0.5 tou
340,920,300,100,True,2.2778,True,4.99007e-19,3.40592e-19,kenya pen=0.5 phi=0.5 tou
340,940,300,100,True,2.29313,True,4.99007e-19,3.40592e-19,kenya pen=0.5 phi=0.5 tou
340,960,300,100,True,2.30847,True,4.99007e-19,3.40592e-19,kenya pen=0.5 phi=0.5 tou
340,980,300,100,True,2.3238,True,4.99007e-19,3.40592e-19,kenya pen=0.5 phi=0.5 tou
340,1000,300,100,True,2.33913,True,4.99007e-19,3.40592e-19,kenya pen=0.5 phi=0.5 tou
340,1020,300,100,True,2.35447,True,4.99007e-19,3.40592e-19,kenya pen=0.5 phi=0.5 tou
340,1040,300,100,True,2.3698,True,4.99007e-19,3.40592e-19,kenya pen=0.5 phi=0.5 tou
340,1060,300,100,True,2.38513,True,4.99007e-19,3.40592e-19,kenya pen=0.5 phi=0.5 tou
340,1080,300,100,True,2.40046,True,4.99007e-19,3.40592e-19,kenya pen=0.5 phi=0.5 tou
340,1100,300,100,True,2.4158,True,4.99007e-19,3.40592e-19,kenya pen=0.5 phi=0.5 tou
340,1120,300,100,True,2.43113,True,4.99007e-19,3.40592e-19,kenya pen=0.5 phi=0.5 tou
340,1140,300,100,True,2.44646,True,4.99007e-19,3.40592e-19,kenya pen=0.5 phi=0.5 tou
340,1160,300,100,True,2.46179,True,4.99007e-19,3.40592e-19,kenya pen=0.5 phi=0.5 tou
340,1180,300,100,True,2.47713,True,4.99007e-19,3.40592e-19,kenya pen=0.5 phi=0.5 tou
340,1200,300,100,True,2.49246,True,4.99007e-19,3.40592e-19,kenya pen=0.5 phi=0.5 tou
340,1220,300,100,True,2.50779,True,4.99007e-19,3.40592e-19,kenya pen=0.5 phi=0.5 tou
340,1240,300,100,True,2.52313,True,4.99007e-19,3.40592e-19,kenya pen=0.5 phi=0.5 tou
340,1260,300,100,True,2.53846,True,4.99007e-19,3.40592e-19,kenya pen=0.5 phi=0.5 tou
340,1280,300,100,True,2.55379,True,4.99007e-19,3.40592e-19,kenya pen=0.5 phi=0.5 tou
340,1300,300,100,True,2.56912,True,4.99007e-19,3.40592e-19,kenya pen=0.5 phi=0.5 tou
340,1320,300,100,True,2.58446,True,4.99007e-19,3.40592e-19,kenya pen=0.5 phi=0.5 tou
340,1340,300,100,True,2.59979,True,4.99007e-19,3.40592e-19,kenya pen=0.5 phi=0.5 tou
340,1360,300,100,True,2.61512,True,4.99007e-19,3.40592e-19,kenya pen=0.5 phi=0.5 tou
340,1380,300,100,True,2.63045,True,4.99007e-19,3.40592e-19,kenya pen=0.5 phi=0.5 tou
340,1400,300,100,True,2.64579,True,4.99007e-19,3.40592e-19,kenya pen=0.5 phi=0.5 tou
345,0,300,100,True,2.23097,False,0.310389,0.295203,kenya pen=0.5 phi=0.5 tou
345,20,300,100,True,2.08636,False,0.282769,0.248663,kenya pen=0.5 phi=0.5 tou
345,40,300,100,True,1.96177,False,0.255378,0.202228,kenya pen=0.5 phi=0.5 tou
345,60,300,100,True,1.85349,False,0.228031,0.155848,kenya pen=0.5 phi=0.5 tou
345,80,300,100,True,1.7751,False,0.200683,0.112665,kenya pen=0.5 phi=0.5 tou
345,100,300,100,True,1.73405,False,0.173323,0.0770561,kenya pen=0.5 phi=0.5 tou
345,120,300,100,True,1.71665,False,0.145624,0.0499991,kenya pen=0.5 phi=0.5 tou
345,140,300,100,True,1.71477,False,0.116705,0.0313508,kenya pen=0.5 phi=0.5 tou
345,160,300,100,True,1.71973,False,0.0863778,0.0179296,kenya pen=0.5 phi=0.5 tou
345,180,300,100,True,1.72866,False,0.054989,0.008706,kenya pen=0.5 phi=0.5 tou
345,200,300,100,True,1.74052,True,0.0263582,0.00333258,kenya pen=0.5 phi=0.5 tou
345,220,300,100,True,1.75442,True,0.00892626,0.0010143,kenya pen=0.5 phi=0.5 tou
345,240,300,100,True,1.76931,True,0.00277721,0.000297822,kenya pen=0.5 phi=0.5 tou
345,260,300,100,True,1.78452,True,0.00101355,9.37055e-05,kenya pen=0.5 phi=0.5 tou
345,280,300,100,True,1.79981,True,0.000348447,2.66288e-05,kenya pen=0.5 phi=0.5 tou
345,300,300,100,True,1.81513,True,0.000101464,7.75401e-06,kenya pen=0.5 phi=0.5 tou
345,320,300,100,True,1.83046,True,8.28885e-06,6.33447e-07,kenya pen=0.5 phi=0.5 tou
345,340,300,100,True,1.84579,True,5.0252e-19,3.44169e-19,kenya pen=0.5 phi=0.5 tou
345,360,300,100,True,1.86112,True,5.0252e-19,3.44169e-19,kenya pen=0.5 phi=0.5 tou
345,380,300,100,True,1.87646,True,5.0252e-19,3.44169e-19,kenya pen=0.5 phi=0.5 tou
345,400,300,100,True,1.89179,True,5.0252e-19,3.44169e-19,kenya pen=0.5 phi=0.5 tou
345,420,300,100,True,1.90712,True,5.0252e-19,3.44169e-19,kenya pen=0.5 phi=0.5 tou
345,440,300,100,True,1.92245,True,5.0252e-19,3.44169e-19,kenya pen=0.5 phi=0.5 tou
345,460,300,100,True,1.93779,True,5.0252e-19,3.44169e-19,kenya pen=0.5 phi=0.5 tou
345,480,300,100,True,1.95312,True,5.0252e-19,3.44169e-19,kenya pen=0.5 phi=0.5 tou
345,500,300,100,True,1.96845,True,5.0252e-19,3.44169e-19,kenya pen=0.5 phi=0.5 tou
345,520,300,100,True,1.98379,True,5.0252e-19,3.44169e-19,kenya pen=0.5 phi=0.5 tou
345,540,300,100,True,1.99912,True,5.0252e-19,3.44169e-19,kenya pen=0.5 phi=0.5 tou
345,560,300,100,True,2.01445,True,5.0252e-19,3.44169e-19,kenya pen=0.5 phi=0.5 tou
345,580,300,100,True,2.02978,True,5.0252e-19,3.44169e-19,kenya pen=0.5 phi=0.5 tou
345,600,300,100,True,2.04512,True,5.0252e-19,3.44169e-19,kenya pen=0.5 phi=0.5 tou
345,620,300,100,True,2.06045,True,5.0252e-19,3.44169e-19,kenya pen=0.5 phi=0.5 tou
345,640,300,100,True,2.07578,True,5.0252e-19,3.44169e-19,kenya pen=0.5 phi=0.5 tou
345,660,300,100,True,2.09111,True,5.0252e-19,3.44169e-19,kenya pen=0.5 phi=0.5 tou
345,680,300,100,True,2.10645,True,5.0252e-19,3.44169e-19,kenya pen=0.5 phi=0.5 tou
345,700,300,100,True,2.12178,True,5.0252e-19,3.44169e-19,kenya pen=0.5 phi=0.5 tou
345,720,300,100,True,2.13711,True,5.0252e-19,3.44169e-19,kenya pen=0.5 phi=0.5 tou
345,740,300,100,True,2.15245,True,5.0252e-19,3.44169e-19,kenya pen=0.5 phi=0.5 tou
345,760,300,100,True,2.16778,True,5.0252e-19,3.44169e-19,kenya pen=0.5 phi=0.5 tou
345,780,300,100,True,2.18311,True,5.0252e-19,3.44169e-19,kenya pen=0.5 phi=0.5 tou
345,800,300,100,True,2.19844,True,5.0252e-19,3.44169e-19,kenya pen=0.5 phi=0.5 tou
345,820,300,100,True,2.21378,True,5.0252e-19,3.44169e-19,kenya pen=0.5 phi=0.5 tou
345,840,300,100,True,2.22911,True,5.0252e-19,3.44169e-19,kenya pen=0.5 phi=0.5 tou
345,860,300,100,True,2.24444,True,5.0252e-19,3.44169e-19,kenya pen=0.5 phi=0.5 tou
345,880,300,100,True,2.25977,True,5.0252e-19,3.44169e-19,kenya pen=0.5 phi=0.5 tou
345,900,300,100,True,2.27511,True,5.0252e-19,3.44169e-19,kenya pen=0.5 phi=0.5 tou
345,920,300,100,True,2.29044,True,5.0252e-19,3.44169e-19,kenya pen=0.5 phi=0.5 tou
345,940,300,100,True,2.30577,True,5.0252e-19,3.44169e-19,kenya pen=0.5 phi=0.5 tou
345,960,300,100,True,2.32111,True,5.0252e-19,3.44169e-19,kenya pen=0.5 phi=0.5 tou
345,980,300,100,True,2.33644,True,5.0252e-19,3.44169e-19,kenya pen=0.5 phi=0.5 tou
345,1000,300,100,True,2.35177,True,5.0252e-19,3.44169e-19,kenya pen=0.5 phi=0.5 tou
345,1020,300,100,True,2.3671,True,5.0252e-19,3.44169e-19,kenya pen=0.5 phi=0.5 tou
345,1040,300,100,True,2.38244,True,5.0252e-19,3.44169e-19,kenya pen=0.5 phi=0.5 tou
345,1060,300,100,True,2.39777,True,5.0252e-19,3.44169e-19,kenya pen=0.5 phi=0.5 tou
345,1080,300,100,True,2.4131,True,5.0252e-19,3.44169e-19,kenya pen=0.5 phi=0.5 tou
345,1100,300,100,True,2.42843,True,5.0252e-19,3.44169e-19,kenya pen=0.5 phi=0.5 tou
345,1120,300,100,True,2.44377,True,5.0252e-19,3.44169e-19,kenya pen=0.5 phi=0.5 tou
345,1140,300,100,True,2.4591,True,5.0252e-19,3.44169e-19,kenya pen=0.5 phi=0.5 tou
345,1160,300,100,True,2.47443,True,5.0252e-19,3.44169e-19,kenya pen=0.5 phi=0.5 tou
345,1180,300,100,True,2.48977,True,5.0252e-19,3.44169e-19,kenya pen=0.5 phi=0.5 tou
345,1200,300,100,True,2.5051,True,5.0252e-19,3.44169e-19,kenya pen=0.5 phi=0.5 tou
345,1220,300,100,True,2.52043,True,5.0252e-19,3.44169e-19,kenya pen=0.5 phi=0.5 tou
345,1240,300,100,True,2.53576,True,5.0252e-19,3.44169e-19,kenya pen=0.5 phi=0.5 tou
345,1260,300,100,True,2.5511,True,5.0252e-19,3.44169e-19,kenya pen=0.5 phi=0.5 tou
345,1280,300,100,True,2.56643,True,5.0252e-19,3.44169e-19,kenya pen=0.5 phi=0.5 tou
345,1300,300,100,True,2.58176,True,5.0252e-19,3.44169e-19,kenya pen=0.5 phi=0.5 tou
345,1320,300,100,True,2.59709,True,5.0252e-19,3.44169e-19,kenya pen=0.5 phi=0.5 tou
345,1340,300,100,True,2.61243,True,5.0252e-19,3.44169e-19,kenya pen=0.5 phi=0.5 tou
345,1360,300,100,True,2.62776,True,5.0252e-19,3.44169e-19,kenya pen=0.5 phi=0.5 tou
345,1380,300,100,True,2.64309,True,5.0252e-19,3.44169e-19,kenya pen=0.5 phi=0.5 tou
345,1400,300,100,True,2.65843,True,5.0252e-19,3.44169e-19,kenya pen=0.5 phi=0.5 tou
350,0,300,100,True,2.24767,False,0.309747,0.294768,kenya pen=0.5 phi=0.5 tou
350,20,300,100,True,2.1019,False,0.282149,0.248233,kenya pen=0.5 phi=0.5 tou
350,40,300,100,True,1.9763,False,0.254759,0.201799,kenya pen=0.5 phi=0.5 tou
350,60,300,100,True,1.86713,False,0.227412,0.15542,kenya pen=0.5 phi=0.5 tou
350,80,300,100,True,1.78815,False,0.200064,0.112252,kenya pen=0.5 phi=0.5 tou
350,100,300,100,True,1.74679,False,0.172703,0.0766737,kenya pen=0.5 phi=0.5 tou
350,120,300,100,True,1.72928,False,0.144999,0.0496765,kenya pen=0.5 phi=0.5 tou
350,140,300,100,True,1.72736,False,0.116064,0.0310903,kenya pen=0.5 phi=0.5 tou
350,160,300,100,True,1.73231,False,0.0857214,0.0177246,kenya pen=0.5 phi=0.5 tou
350,180,300,100,True,1.74124,False,0.0542817,0.00855566,kenya pen=0.5 phi=0.5 tou
350,200,300,100,True,1.75312,True,0.0257445,0.00324133,kenya pen=0.5 phi=0.5 tou
350,220,300,100,True,1.76703,True,0.00854384,0.00096873,kenya pen=0.5 phi=0.5 tou
350,240,300,100,True,1.78193,True,0.00257704,0.000275183,kenya pen=0.5 phi=0.5 tou
350,260,300,100,True,1.79715,True,0.000911251,8.19179e-05,kenya pen=0.5 phi=0.5 tou
350,280,300,100,True,1.81244,True,0.000270166,2.06465e-05,kenya pen=0.5 phi=0.5 tou
350,300,300,100,True,1.82777,True,6.77386e-05,5.17668e-06,kenya pen=0.5 phi=0.5 tou
350,320,300,100,True,1.8431,True,5.12356e-19,3.43689e-19,kenya pen=0.5 phi=0.5 tou
350,340,300,100,True,1.85843,True,5.12356e-19,3.43689e-19,kenya pen=0.5 phi=0.5 tou
350,360,300,100,True,1.87376,True,5.12356e-19,3.43689e-19,kenya pen=0.5 phi=0.5 tou
350,380,300,100,True,1.88909,True,5.12356e-19,3.43689e-19,kenya pen=0.5 phi=0.5 tou
350,400,300,100,True,1.90443,True,5.12356e-19,3.43689e-19,kenya pen=0.5 phi=0.5 tou
350,420,300,100,True,1.91976,True,5.12356e-19,3.43689e-19,kenya pen=0.5 phi=0.5 tou
350,440,300,100,True,1.93509,True,5.12356e-19,3.43689e-19,kenya pen=0.5 phi=0.5 tou
350,460,300,100,True,1.95042,True,5.12356e-19,3.43689e-19,kenya pen=0.5 phi=0.5 tou
350,480,300,100,True,1.96576,True,5.12356e-19,3.43689e-19,kenya pen=0.5 phi=0.5 tou
350,500,300,100,True,1.98109,True,5.12356e-19,3.43689e-19,kenya pen=0.5 phi=0.5 tou
350,520,300,100,True,1.99642,True,5.12356e-19,3.43689e-19,kenya pen=0.5 phi=0.5 tou
350,540,300,100,True,2.01176,True,5.12356e-19,3.43689e-19,kenya pen=0.5 phi=0.5 tou
350,560,300,100,True,2.02709,True,5.12356e-19,3.43689e-19,kenya pen=0.5 phi=0.5 tou
350,580,300,100,True,2.04242,True,5.12356e-19,3.43689e-19,kenya pen=0.5 phi=0.5 tou
350,600,300,100,True,2.05775,True,5.12356e-19,3.43689e-19,kenya pen=0.5 phi=0.5 tou
350,620,300,100,True,2.07309,True,5.12356e-19,3.43689e-19,kenya pen=0.5 phi=0.5 tou
350,640,300,100,True,2.08842,True,5.12356e-19,3.43689e-19,kenya pen=0.5 phi=0.5 tou
350,660,300,100,True,2.10375,True,5.12356e-19,3.43689e-19,kenya pen=0.5 phi=0.5 tou
350,680,300,100,True,2.11908,True,5.12356e-19,3.43689e-19,kenya pen=0.5 phi=0.5 tou
350,700,300,100,True,2.13442,True,5.12356e-19,3.43689e-19,kenya pen=0.5 phi=0.5 tou
350,720,300,100,True,2.14975,True,5.12356e-19,3.43689e-19,kenya pen=0.5 phi=0.5 tou
350,740,300,100,True,2.16508,True,5.12356e-19,3.43689e-19,kenya pen=0.5 phi=0.5 tou
350,760,300,100,True,2.18042,True,5.12356e-19,3.43689e-19,kenya pen=0.5 phi=0.5 tou
350,780,300,100,True,2.19575,True,5.12356e-19,3.43689e-19,kenya pen=0.5 phi=0.5 tou
350,800,300,100,True,2.21108,True,5.12356e-19,3.43689e-19,kenya pen=0.5 phi=0.5 tou
350,820,300,100,True,2.22641,True,5.12356e-19,3.43689e-19,kenya pen=0.5 phi=0.5 tou
350,840,300,100,True,2.24175,True,5.12356e-19,3.43689e-19,kenya pen=0.5 phi=0.5 tou
350,860,300,100,True,2.25708,True,5.12356e-19,3.43689e-19,kenya pen=0.5 phi=0.5 tou
350,880,300,100,True,2.27241,True,5.12356e-19,3.43689e-19,kenya pen=0.5 phi=0.5 tou
350,900,300,100,True,2.28775,True,5.12356e-19,3.43689e-19,kenya pen=0.5 phi=0.5 tou
350,920,300,100,True,2.30308,True,5.12356e-19,3.43689e-19,kenya pen=0.5 phi=0.5 tou
350,940,300,100,True,2.31841,True,5.12356e-19,3.43689e-19,kenya pen=0.5 phi=0.5 tou
350,960,300,100,True,2.33374,True,5.12356e-19,3.43689e-19,kenya pen=0.5 phi=0.5 tou
350,980,300,100,True,2.34908,True,5.12356e-19,3.43689e-19,kenya pen=0.5 phi=0.5 tou
350,1000,300,100,True,2.36441,True,5.12356e-19,3.43689e-19,kenya pen=0.5 phi=0.5 tou
350,1020,300,100,True,2.37974,True,5.12356e-19,3.43689e-19,kenya pen=0.5 phi=0.5 tou
350,1040,300,100,True,2.39507,True,5.12356e-19,3.43689e-19,kenya pen=0.5 phi=0.5 tou
350,1060,300,100,True,2.41041,True,5.12356e-19,3.43689e-19,kenya pen=0.5 phi=0.5 tou
350,1080,300,100,True,2.42574,True,5.12356e-19,3.43689e-19,kenya pen=0.5 phi=0.5 tou
350,1100,300,100,True,2.44107,True,5.12356e-19,3.43689e-19,kenya pen=0.5 phi=0.5 tou
350,1120,300,100,True,2.45641,True,5.12356e-19,3.43689e-19,kenya pen=0.5 phi=0.5 tou
350,1140,300,100,True,2.47174,True,5.12356e-19,3.43689e-19,kenya pen=0.5 phi=0.5 tou
350,1160,300,100,True,2.48707,True,5.12356e-19,3.43689e-19,kenya pen=0.5 phi=0.5 tou
350,1180,300,100,True,2.5024,True,5.12356e-19,3.43689e-19,kenya pen=0.5 phi=0.5 tou
350,1200,300,100,True,2.51774,True,5.12356e-19,3.43689e-19,kenya pen=0.5 phi=0.5 tou
350,1220,300,100,True,2.53307,True,5.12356e-19,3.43689e-19,kenya pen=0.5 phi=0.5 tou
350,1240,300,100,True,2.5484,True,5.12356e-19,3.43689e-19,kenya pen=0.5 phi=0.5 tou
350,1260,300,100,True,2.56373,True,5.12356e-19,3.43689e-19,kenya pen=0.5 phi=0.5 tou
350,1280,300,100,True,2.57907,True,5.12356e-19,3.43689e-19,kenya pen=0.5 phi=0.5 tou
350,1300,300,100,True,2.5944,True,5.12356e-19,3.43689e-19,kenya pen=0.5 phi=0.5 tou
350,1320,300,100,True,2.60973,True,5.12356e-19,3.43689e-19,kenya pen=0.5 phi=0.5 tou
350,1340,300,100,True,2.62507,True,5.12356e-19,3.43689e-19,kenya pen=0.5 phi=0.5 tou
350,1360,300,100,True,2.6404,True,5.12356e-19,3.43689e-19,kenya pen=0.5 phi=0.5 tou
350,1380,300,100,True,2.65573,True,5.12356e-19,3.43689e-19,kenya pen=0.5 phi=0.5 tou
350,1400,300,100,True,2.67106,True,5.12356e-19,3.43689e-19,kenya pen=0.5 phi=0.5 tou
355,0,300,100,True,2.26439,False,0.309129,0.294346,kenya pen=0.5 phi=0.5 tou
355,20,300,100,True,2.11746,False,0.281547,0.247815,kenya pen=0.5 phi=0.5 tou
355,40,300,100,True,1.99084,False,0.254159,0.201381,kenya pen=0.5 phi=0.5 tou
355,60,300,100,True,1.88079,False,0.226812,0.155003,kenya pen=0.5 phi=0.5 tou
355,80,300,100,True,1.80121,False,0.199464,0.11185,kenya pen=0.5 phi=0.5 tou
355,100,300,100,True,1.75954,False,0.172103,0.0763011,kenya pen=0.5 phi=0.5 tou
355,120,300,100,True,1.74191,False,0.144393,0.0493621,kenya pen=0.5 phi=0.5 tou
355,140,300,100,True,1.73996,False,0.115444,0.0308366,kenya pen=0.5 phi=0.5 tou
355,160,300,100,True,1.74488,False,0.0850847,0.0175252,kenya pen=0.5 phi=0.5 tou
355,180,300,100,True,1.75382,False,0.0536136,0.00841255,kenya pen=0.5 phi=0.5 tou
355,200,300,100,True,1.76571,True,0.0251461,0.00315351,kenya pen=0.5 phi=0.5 tou
355,220,300,100,True,1.77965,True,0.00819136,0.000926892,kenya pen=0.5 phi=0.5 tou
355,240,300,100,True,1.79456,True,0.00243573,0.00025825,kenya pen=0.5 phi=0.5 tou
355,260,300,100,True,1.80978,True,0.000831416,7.20527e-05,kenya pen=0.5 phi=0.5 tou
355,280,300,100,True,1.82508,True,0.000212476,1.62378e-05,kenya pen=0.5 phi=0.5 tou
355,300,300,100,True,1.8404,True,3.40204e-05,2.59989e-06,kenya pen=0.5 phi=0.5 tou
355,320,300,100,True,1.85573,True,4.98305e-19,3.38719e-19,kenya pen=0.5 phi=0.5 tou
355,340,300,100,True,1.87107,True,4.98305e-19,3.38719e-19,kenya pen=0.5 phi=0.5 tou
355,360,300,100,True,1.8864,True,4.98305e-19,3.38719e-19,kenya pen=0.5 phi=0.5 tou
355,380,300,100,True,1.90173,True,4.98305e-19,3.38719e-19,kenya pen=0.5 phi=0.5 tou
355,400,300,100,True,1.91706,True,4.98305e-19,3.38719e-19,kenya pen=0.5 phi=0.5 tou
355,420,300,100,True,1.9324,True,4.98305e-19,3.38719e-19,kenya pen=0.5 phi=0.5 tou
355,440,300,100,True,1.94773,True,4.98305e-19,3.38719e-19,kenya pen=0.5 phi=0.5 tou
355,460,300,100,True,1.96306,True,4.98305e-19,3.38719e-19,kenya pen=0.5 phi=0.5 tou
355,480,300,100,True,1.9784,True,4.98305e-19,3.38719e-19,kenya pen=0.5 phi=0.5 tou
355,500,300,100,True,1.99373,True,4.98305e-19,3.38719e-19,kenya pen=0.5 phi=0.5 tou
355,520,300,100,True,2.00906,True,4.98305e-19,3.38719e-19,kenya pen=0.5 phi=0.5 tou
355,540,300,100,True,2.02439,True,4.98305e-19,3.38719e-19,kenya pen=0.5 phi=0.5 tou
355,560,300,100,True,2.03973,True,4.98305e-19,3.38719e-19,kenya pen=0.5 phi=0.5 tou
355,580,300,100,True,2.05506,True,4.98305e-19,3.38719e-19,kenya pen=0.5 phi=0.5 tou
355,600,300,100,True,2.07039,True,4.98305e-19,3.38719e-19,kenya pen=0.5 phi=0.5 tou
355,620,300,100,True,2.08572,True,4.98305e-19,3.38719e-19,kenya pen=0.5 phi=0.5 tou
355,640,300,100,True,2.10106,True,4.98305e-19,3.38719e-19,kenya pen=0.5 phi=0.5 tou
355,660,300,100,True,2.11639,True,4.98305e-19,3.38719e-19,kenya pen=0.5 phi=0.5 tou
355,680,300,100,True,2.13172,True,4.98305e-19,3.38719e-19,kenya pen=0.5 phi=0.5 tou
355,700,300,100,True,2.14706,True,4.98305e-19,3.38719e-19,kenya pen=0.5 phi=0.5 tou
355,720,300,100,True,2.16239,True,4.98305e-19,3.38719e-19,kenya pen=0.5 phi=0.5 tou
355,740,300,100,True,2.17772,True,4.98305e-19,3.38719e-19,kenya pen=0.5 phi=0.5 tou
355,760,300,100,True,2.19305,True,4.98305e-19,3.38719e-19,kenya pen=0.5 phi=0.5 tou
355,780,300,100,True,2.20839,True,4.98305e-19,3.38719e-19,kenya pen=0.5 phi=0.5 tou
355,800,300,100,True,2.22372,True,4.98305e-19,3.38719e-19,kenya pen=0.5 phi=0.5 tou
355,820,300,100,True,2.23905,True,4.98305e-19,3.38719e-19,kenya pen=0.5 phi=0.5 tou
355,840,300,100,True,2.25438,True,4.98305e-19,3.38719e-19,kenya pen=0.5 phi=0.5 tou
355,860,300,100,True,2.26972,True,4.98305e-19,3.38719e-19,kenya pen=0.5 phi=0.5 tou
355,880,300,100,True,2.28505,True,4.98305e-19,3.38719e-19,kenya pen=0.5 phi=0.5 tou
355,900,300,100,True,2.30038,True,4.98305e-19,3.38719e-19,kenya pen=0.5 phi=0.5 tou
355,920,300,100,True,2.31572,True,4.98305e-19,3.38719e-19,kenya pen=0.5 phi=0.5 tou
355,940,300,100,True,2.33105,True,4.98305e-19,3.38719e-19,kenya pen=0.5 phi=0.5 tou
355,960,300,100,True,2.34638,True,4.98305e-19,3.38719e-19,kenya pen=0.5 phi=0.5 tou
355,980,300,100,True,2.36171,True,4.98305e-19,3.38719e-19,kenya pen=0.5 phi=0.5 tou
355,1000,300,100,True,2.37705,True,4.98305e-19,3.38719e-19,kenya pen=0.5 phi=0.5 tou
355,1020,300,100,True,2.39238,True,4.98305e-19,3.38719e-19,kenya pen=0.5 phi=0.5 tou
355,1040,300,100,True,2.40771,True,4.98305e-19,3.38719e-19,kenya pen=0.5 phi=0.5 tou
355,1060,300,100,True,2.42304,True,4.98305e-19,3.38719e-19,kenya pen=0.5 phi=0.5 tou
355,1080,300,100,True,2.43838,True,4.98305e-19,3.38719e-19,kenya pen=0.5 phi=0.5 tou
355,1100,300,100,True,2.45371,True,4.98305e-19,3.38719e-19,kenya pen=0.5 phi=0.5 tou
355,1120,300,100,True,2.46904,True,4.98305e-19,3.38719e-19,kenya pen=0.5 phi=0.5 tou
355,1140,300,100,True,2.48438,True,4.98305e-19,3.38719e-19,kenya pen=0.5 phi=0.5 tou
355,1160,300,100,True,2.49971,True,4.98305e-19,3.38719e-19,kenya pen=0.5 phi=0.5 tou
355,1180,300,100,True,2.51504,True,4.98305e-19,3.38719e-19,kenya pen=0.5 phi=0.5 tou
355,1200,300,100,True,2.53037,True,4.98305e-19,3.38719e-19,kenya pen=0.5 phi=0.5 tou
355,1220,300,100,True,2.54571,True,4.98305e-19,3.38719e-19,kenya pen=0.5 phi=0.5 tou
355,1240,300,100,True,2.56104,True,4.98305e-19,3.38719e-19,kenya pen=0.5 phi=0.5 tou
355,1260,300,100,True,2.57637,True,4.98305e-19,3.38719e-19,kenya pen=0.5 phi=0.5 tou
355,1280,300,100,True,2.5917,True,4.98305e-19,3.38719e-19,kenya pen=0.5 phi=0.5 tou
355,1300,300,100,True,2.60704,True,4.98305e-19,3.38719e-19,kenya pen=0.5 phi=0.5 tou
355,1320,300,100,True,2.62237,True,4.98305e-19,3.38719e-19,kenya pen=0.5 phi=0.5 tou
355,1340,300,100,True,2.6377,True,4.98305e-19,3.38719e-19,kenya pen=0.5 phi=0.5 tou
355,1360,300,100,True,2.65304,True,4.98305e-19,3.38719e-19,kenya pen=0.5 phi=0.5 tou
355,1380,300,100,True,2.66837,True,4.98305e-19,3.38719e-19,kenya pen=0.5 phi=0.5 tou
355,1400,300,100,True,2.6837,True,4.98305e-19,3.38719e-19,kenya pen=0.5 phi=0.5 tou
360,0,300,100,True,2.28112,False,0.308524,0.293935,kenya pen=0.5 phi=0.5 tou
360,20,300,100,True,2.13303,False,0.280958,0.247408,kenya pen=0.5 phi=0.5 tou
360,40,300,100,True,2.00539,False,0.25357,0.200975,kenya pen=0.5 phi=0.5 tou
360,60,300,100,True,1.89445,False,0.226223,0.154598,kenya pen=0.5 phi=0.5 tou
360,80,300,100,True,1.81429,False,0.198876,0.11146,kenya pen=0.5 phi=0.5 tou
360,100,300,100,True,1.7723,False,0.171514,0.0759392,kenya pen=0.5 phi=0.5 tou
360,120,300,100,True,1.75454,False,0.143798,0.0490563,kenya pen=0.5 phi=0.5 tou
360,140,300,100,True,1.75256,False,0.114835,0.0305899,kenya pen=0.5 phi=0.5 tou
360,160,300,100,True,1.75747,False,0.0844607,0.0173317,kenya pen=0.5 phi=0.5 tou
360,180,300,100,True,1.7664,False,0.0529593,0.00827388,kenya pen=0.5 phi=0.5 tou
360,200,300,100,True,1.77831,True,0.0245598,0.00306813,kenya pen=0.5 phi=0.5 tou
360,220,300,100,True,1.79226,True,0.00785976,0.000887056,kenya pen=0.5 phi=0.5 tou
360,240,300,100,True,1.80719,True,0.0023176,0.000243208,kenya pen=0.5 phi=0.5 tou
360,260,300,100,True,1.82241,True,0.000762459,6.51075e-05,kenya pen=0.5 phi=0.5 tou
360,280,300,100,True,1.83771,True,0.000171558,1.31107e-05,kenya pen=0.5 phi=0.5 tou
360,300,300,100,True,1.85304,True,3.09349e-07,2.36409e-08,kenya pen=0.5 phi=0.5 tou
360,320,300,100,True,1.86837,True,5.04628e-19,3.4386e-19,kenya pen=0.5 phi=0.5 tou
360,340,300,100,True,1.8837,True,5.04628e-19,3.4386e-19,kenya pen=0.5 phi=0.5 tou
360,360,300,100,True,1.89904,True,5.04628e-19,3.4386e-19,kenya pen=0.5 phi=0.5 tou
360,380,300,100,True,1.91437,True,5.04628e-19,3.4386e-19,kenya pen=0.5 phi=0.5 tou
360,400,300,100,True,1.9297,True,5.04628e-19,3.4386e-19,kenya pen=0.5 phi=0.5 tou
360,420,300,100,True,1.94504,True,5.04628e-19,3.4386e-19,kenya pen=0.5 phi=0.5 tou
360,440,300,100,True,1.96037,True,5.04628e-19,3.4386e-19,kenya pen=0.5 phi=0.5 tou
360,460,300,100,True,1.9757,True,5.04628e-19,3.4386e-19,kenya pen=0.5 phi=0.5 tou
360,480,300,100,True,1.99103,True,5.04628e-19,3.4386e-19,kenya pen=0.5 phi=0.5 tou
360,500,300,100,True,2.00637,True,5.04628e-19,3.4386e-19,kenya pen=0.5 phi=0.5 tou
360,520,300,100,True,2.0217,True,5.04628e-19,3.4386e-19,kenya pen=0.5 phi=0.5 tou
360,540,300,100,True,2.03703,True,5.04628e-19,3.4386e-19,kenya pen=0.5 phi=0.5 tou
360,560,300,100,True,2.05236,True,5.04628e-19,3.4386e-19,kenya pen=0.5 phi=0.5 tou
360,580,300,100,True,2.0677,True,5.04628e-19,3.4386e-19,kenya pen=0.5 phi=0.5 tou
360,600,300,100,True,2.08303,True,5.04628e-19,3.4386e-19,kenya pen=0.5 phi=0.5 tou
360,620,300,100,True,2.09836,True,5.04628e-19,3.4386e-19,kenya pen=0.5 phi=0.5 tou
360,640,300,100,True,2.1137,True,5.04628e-19,3.4386e-19,kenya pen=0.5 phi=0.5 tou
360,660,300,100,True,2.12903,True,5.04628e-19,3.4386e-19,kenya pen=0.5 phi=0.5 tou
360,680,300,100,True,2.14436,True,5.04628e-19,3.4386e-19,kenya pen=0.5 phi=0.5 tou
360,700,300,100,True,2.15969,True,5.04628e-19,3.4386e-19,kenya pen=0.5 phi=0.5 tou
360,720,300,100,True,2.17503,True,5.04628e-19,3.4386e-19,kenya pen=0.5 phi=0.5 tou
360,740,300,100,True,2.19036,True,5.04628e-19,3.4386e-19,kenya pen=0.5 phi=0.5 tou
360,760,300,100,True,2.20569,True,5.04628e-19,3.4386e-19,kenya pen=0.5 phi=0.5 tou
360,780,300,100,True,2.22102,True,5.04628e-19,3.4386e-19,kenya pen=0.5 phi=0.5 tou
360,800,300,100,True,2.23636,True,5.04628e-19,3.4386e-19,kenya pen=0.5 phi=0.5 tou
360,820,300,100,True,2.25169,True,5.04628e-19,3.4386e-19,kenya pen=0.5 phi=0.5 tou
360,840,300,100,True,2.26702,True,5.04628e-19,3.4386e-19,kenya pen=0.5 phi=0.5 tou
360,860,300,100,True,2.28236,True,5.04628e-19,3.4386e-19,kenya pen=0.5 phi=0.5 tou
360,880,300,100,True,2.29769,True,5.04628e-19,3.4386e-19,kenya pen=0.5 phi=0.5 tou
360,900,300,100,True,2.31302,True,5.04628e-19,3.4386e-19,kenya pen=0.5 phi=0.5 tou
360,920,300,100,True,2.32835,True,5.04628e-19,3.4386e-19,kenya pen=0.5 phi=0.5 tou
360,940,300,100,True,2.34369,True,5.04628e-19,3.4386e-19,kenya pen=0.5 phi=0.5 tou
360,960,300,100,True,2.35902,True,5.04628e-19,3.4386e-19,kenya pen=0.5 phi=0.5 tou
360,980,300,100,True,2.37435,True,5.04628e-19,3.4386e-19,kenya pen=0.5 phi=0.5 tou
360,1000,300,100,True,2.38968,True,5.04628e-19,3.4386e-19,kenya pen=0.5 phi=0.5 tou
360,1020,300,100,True,2.40502,True,5.04628e-19,3.4386e-19,kenya pen=0.5 phi=0.5 tou
360,1040,300,100,True,2.42035,True,5.04628e-19,3.4386e-19,kenya pen=0.5 phi=0.5 tou
360,1060,300,100,True,2.43568,True,5.04628e-19,3.4386e-19,kenya pen=0.5 phi=0.5 tou
360,1080,300,100,True,2.45102,True,5.04628e-19,3.4386e-19,kenya pen=0.5 phi=0.5 tou
360,1100,300,100,True,2.46635,True,5.04628e-19,3.4386e-19,kenya pen=0.5 phi=0.5 tou
360,1120,300,100,True,2.48168,True,5.04628e-19,3.4386e-19,kenya pen=0.5 phi=0.5 tou
360,1140,300,100,True,2.49701,True,5.04628e-19,3.4386e-19,kenya pen=0.5 phi=0.5 tou
360,1160,300,100,True,2.51235,True,5.04628e-19,3.4386e-19,kenya pen=0.5 phi=0.5 tou
360,1180,300,100,True,2.52768,True,5.04628e-19,3.4386e-19,kenya pen=0.5 phi=0.5 tou
360,1200,300,100,True,2.54301,True,5.04628e-19,3.4386e-19,kenya pen=0.5 phi=0.5 tou
360,1220,300,100,True,2.55834,True,5.04628e-19,3.4386e-19,kenya pen=0.5 phi=0.5 tou
360,1240,300,100,True,2.57368,True,5.04628e-19,3.4386e-19,kenya pen=0.5 phi=0.5 tou
360,1260,300,100,True,2.58901,True,5.04628e-19,3.4386e-19,kenya pen=0.5 phi=0.5 tou
360,1280,300,100,True,2.60434,True,5.04628e-19,3.4386e-19,kenya pen=0.5 phi=0.5 tou
360,1300,300,100,True,2.61968,True,5.04628e-19,3.4386e-19,kenya pen=0.5 phi=0.5 tou
360,1320,300,100,True,2.63501,True,5.04628e-19,3.4386e-19,kenya pen=0.5 phi=0.5 tou
360,1340,300,100,True,2.65034,True,5.04628e-19,3.4386e-19,kenya pen=0.5 phi=0.5 tou
360,1360,300,100,True,2.66567,True,5.04628e-19,3.4386e-19,kenya pen=0.5 phi=0.5 tou
360,1380,300,100,True,2.68101,True,5.04628e-19,3.4386e-19,kenya pen=0.5 phi=0.5 tou
360,1400,300,100,True,2.69634,True,5.04628e-19,3.4386e-19,kenya pen=0.5 phi=0.5 tou
365,0,300,100,True,2.29787,False,0.307931,0.293534,kenya pen=0.5 phi=0.5 tou
365,20,300,100,True,2.14861,False,0.280375,0.247011,kenya pen=0.5 phi=0.5 tou
365,40,300,100,True,2.01995,False,0.25299,0.200578,kenya pen=0.5 phi=0.5 tou
365,60,300,100,True,1.90813,False,0.225642,0.154202,kenya pen=0.5 phi=0.5 tou
365,80,300,100,True,1.82736,False,0.198295,0.111079,kenya pen=0.5 phi=0.5 tou
365,100,300,100,True,1.78506,False,0.170933,0.0755854,kenya pen=0.5 phi=0.5 tou
365,120,300,100,True,1.76718,False,0.143212,0.0487575,kenya pen=0.5 phi=0.5 tou
365,140,300,100,True,1.76516,False,0.114234,0.0303492,kenya pen=0.5 phi=0.5 tou
365,160,300,100,True,1.77005,False,0.0838448,0.0171421,kenya pen=0.5 phi=0.5 tou
365,180,300,100,True,1.77899,False,0.0523417,0.00814042,kenya pen=0.5 phi=0.5 tou
365,200,300,100,True,1.79091,True,0.0240053,0.00298624,kenya pen=0.5 phi=0.5 tou
365,220,300,100,True,1.80488,True,0.00754426,0.000849113,kenya pen=0.5 phi=0.5 tou
365,240,300,100,True,1.81982,True,0.00220262,0.000228411,kenya pen=0.5 phi=0.5 tou
365,260,300,100,True,1.83505,True,0.000702531,5.96552e-05,kenya pen=0.5 phi=0.5 tou
365,280,300,100,True,1.85035,True,0.000130655,9.98488e-06,kenya pen=0.5 phi=0.5 tou
365,300,300,100,True,1.86568,True,4.88469e-19,3.46165e-19,kenya pen=0.5 phi=0.5 tou
365,320,300,100,True,1.88101,True,4.88469e-19,3.46165e-19,kenya pen=0.5 phi=0.5 tou
365,340,300,100,True,1.89634,True,4.88469e-19,3.46165e-19,kenya pen=0.5 phi=0.5 tou
365,360,300,100,True,1.91167,True,4.88469e-19,3.46165e-19,kenya pen=0.5 phi=0.5 tou
365,380,300,100,True,1.92701,True,4.88469e-19,3.46165e-19,kenya pen=0.5 phi=0.5 tou
365,400,300,100,True,1.94234,True,4.88469e-19,3.46165e-19,kenya pen=0.5 phi=0.5 tou
365,420,300,100,True,1.95767,True,4.88469e-19,3.46165e-19,kenya pen=0.5 phi=0.5 tou
365,440,300,100,True,1.97301,True,4.88469e-19,3.46165e-19,kenya pen=0.5 phi=0.5 tou
365,460,300,100,True,1.98834,True,4.88469e-19,3.46165e-19,kenya pen=0.5 phi=0.5 tou
365,480,300,100,True,2.00367,True,4.88469e-19,3.46165e-19,kenya pen=0.5 phi=0.5 tou
365,500,300,100,True,2.019,True,4.88469e-19,3.46165e-19,kenya pen=0.5 phi=0.5 tou
365,520,300,100,True,2.03434,True,4.88469e-19,3.46165e-19,kenya pen=0.5 phi=0.5 tou
365,540,300,100,True,2.04967,True,4.88469e-19,3.46165e-19,kenya pen=0.5 phi=0.5 tou
365,560,300,100,True,2.065,True,4.88469e-19,3.46165e-19,kenya pen=0.5 phi=0.5 tou
365,580,300,100,True,2.08034,True,4.88469e-19,3.46165e-19,kenya pen=0.5 phi=0.5 tou
365,600,300,100,True,2.09567,True,4.88469e-19,3.46165e-19,kenya pen=0.5 phi=0.5 tou
365,620,300,100,True,2.111,True,4.88469e-19,3.46165e-19,kenya pen=0.5 phi=0.5 tou
365,640,300,100,True,2.12633,True,4.88469e-19,3.46165e-19,kenya pen=0.5 phi=0.5 tou
365,660,300,100,True,2.14167,True,4.88469e-19,3.46165e-19,kenya pen=0.5 phi=0.5 tou
365,680,300,100,True,2.157,True,4.88469e-19,3.46165e-19,kenya pen=0.5 phi=0.5 tou
365,700,300,100,True,2.17233,True,4.88469e-19,3.46165e-19,kenya pen=0.5 phi=0.5 tou
365,720,300,100,True,2.18766,True,4.88469e-19,3.46165e-19,kenya pen=0.5 phi=0.5 tou
365,740,300,100,True,2.203,True,4.88469e-19,3.46165e-19,kenya pen=0.5 phi=0.5 tou
365,760,300,100,True,2.21833,True,4.88469e-19,3.46165e-19,kenya pen=0.5 phi=0.5 tou
365,780,300,100,True,2.23366,True,4.88469e-19,3.46165e-19,kenya pen=0.5 phi=0.5 tou
365,800,300,100,True,2.249,True,4.88469e-19,3.46165e-19,kenya pen=0.5 phi=0.5 tou
365,820,300,100,True,2.26433,True,4.88469e-19,3.46165e-19,kenya pen=0.5 phi=0.5 tou
365,840,300,100,True,2.27966,True,4.88469e-19,3.46165e-19,kenya pen=0.5 phi=0.5 tou
365,860,300,100,True,2.29499,True,4.88469e-19,3.46165e-19,kenya pen=0.5 phi=0.5 tou
365,880,300,100,True,2.31033,True,4.88469e-19,3.46165e-19,kenya pen=0.5 phi=0.5 tou
365,900,300,100,True,2.32566,True,4.88469e-19,3.46165e-19,kenya pen=0.5 phi=0.5 tou
365,920,300,100,True,2.34099,True,4.88469e-19,3.46165e-19,kenya pen=0.5 phi=0.5 tou
365,940,300,100,True,2.35632,True,4.88469e-19,3.46165e-19,kenya pen=0.5 phi=0.5 tou
365,960,300,100,True,2.37166,True,4.88469e-19,3.46165e-19,kenya pen=0.5 phi=0.5 tou
365,980,300,100,True,2.38699,True,4.88469e-19,3.46165e-19,kenya pen=0.5 phi=0.5 tou
365,1000,300,100,True,2.40232,True,4.88469e-19,3.46165e-19,kenya pen=0.5 phi=0.5 tou
365,1020,300,100,True,2.41766,True,4.88469e-19,3.46165e-19,kenya pen=0.5 phi=0.5 tou
365,1040,300,100,True,2.43299,True,4.88469e-19,3.46165e-19,kenya pen=0.5 phi=0.5 tou
365,1060,300,100,True,2.44832,True,4.88469e-19,3.46165e-19,kenya pen=0.5 phi=0.5 tou
365,1080,300,100,True,2.46365,True,4.88469e-19,3.46165e-19,kenya pen=0.5 phi=0.5 tou
365,1100,300,100,True,2.47899,True,4.88469e-19,3.46165e-19,kenya pen=0.5 phi=0.5 tou
365,1120,300,100,True,2.49432,True,4.88469e-19,3.46165e-19,kenya pen=0.5 phi=0.5 tou
365,1140,300,100,True,2.50965,True,4.88469e-19,3.46165e-19,kenya pen=0.5 phi=0.5 tou
365,1160,300,100,True,2.52498,True,4.88469e-19,3.46165e-19,kenya pen=0.5 phi=0.5 tou
365,1180,300,100,True,2.54032,True,4.88469e-19,3.46165e-19,kenya pen=0.5 phi=0.5 tou
365,1200,300,100,True,2.55565,True,4.88469e-19,3.46165e-19,kenya pen=0.5 phi=0.5 tou
365,1220,300,100,True,2.57098,True,4.88469e-19,3.46165e-19,kenya pen=0.5 phi=0.5 tou
365,1240,300,100,True,2.58632,True,4.88469e-19,3.46165e-19,kenya pen=0.5 phi=0.5 tou
365,1260,300,100,True,2.60165,True,4.88469e-19,3.46165e-19,kenya pen=0.5 phi=0.5 tou
365,1280,300,100,True,2.61698,True,4.88469e-19,3.46165e-19,kenya pen=0.5 phi=0.5 tou
365,1300,300,100,True,2.63231,True,4.88469e-19,3.46165e-19,kenya pen=0.5 phi=0.5 tou
365,1320,300,100,True,2.64765,True,4.88469e-19,3.46165e-19,kenya pen=0.5 phi=0.5 tou
365,1340,300,100,True,2.66298,True,4.88469e-19,3.46165e-19,kenya pen=0.5 phi=0.5 tou
365,1360,300,100,True,2.67831,True,4.88469e-19,3.46165e-19,kenya pen=0.5 phi=0.5 tou
365,1380,300,100,True,2.69364,True,4.88469e-19,3.46165e-19,kenya pen=0.5 phi=0.5 tou
365,1400,300,100,True,2.70898,True,4.88469e-19,3.46165e-19,kenya pen=0.5 phi=0.5 tou
370,0,300,100,True,2.31463,False,0.307354,0.293146,kenya pen=0.5 phi=0.5 tou
370,20,300,100,True,2.1642,False,0.279808,0.246626,kenya pen=0.5 phi=0.5 tou
370,40,300,100,True,2.03453,False,0.252424,0.200194,kenya pen=0.5 phi=0.5 tou
370,60,300,100,True,1.92181,False,0.225077,0.153818,kenya pen=0.5 phi=0.5 tou
370,80,300,100,True,1.84045,False,0.197729,0.110709,kenya pen=0.5 phi=0.5 tou
370,100,300,100,True,1.79783,False,0.170367,0.0752426,kenya pen=0.5 phi=0.5 tou
370,120,300,100,True,1.77983,False,0.142641,0.0484677,kenya pen=0.5 phi=0.5 tou
370,140,300,100,True,1.77776,False,0.113649,0.0301161,kenya pen=0.5 phi=0.5 tou
370,160,300,100,True,1.78263,False,0.0832452,0.0169586,kenya pen=0.5 phi=0.5 tou
370,180,300,100,True,1.79157,False,0.0517405,0.00801188,kenya pen=0.5 phi=0.5 tou
370,200,300,100,True,1.80351,True,0.0234807,0.00291031,kenya pen=0.5 phi=0.5 tou
370,220,300,100,True,1.8175,True,0.00726561,0.00081589,kenya pen=0.5 phi=0.5 tou
370,240,300,100,True,1.83245,True,0.00209113,0.000215076,kenya pen=0.5 phi=0.5 tou
370,260,300,100,True,1.84768,True,0.000647938,5.50132e-05,kenya pen=0.5 phi=0.5 tou
370,280,300,100,True,1.86299,True,9.23278e-05,7.05583e-06,kenya pen=0.5 phi=0.5 tou
370,300,300,100,True,1.87831,True,5.14464e-19,3.47939e-19,kenya pen=0.5 phi=0.5 tou
370,320,300,100,True,1.89365,True,5.14464e-19,3.47939e-19,kenya pen=0.5 phi=0.5 tou
370,340,300,100,True,1.90898,True,5.14464e-19,3.47939e-19,kenya pen=0.5 phi=0.5 tou
370,360,300,100,True,1.92431,True,5.14464e-19,3.47939e-19,kenya pen=0.5 phi=0.5 tou
370,380,300,100,True,1.93965,True,5.14464e-19,3.47939e-19,kenya pen=0.5 phi=0.5 tou
370,400,300,100,True,1.95498,True,5.14464e-19,3.47939e-19,kenya pen=0.5 phi=0.5 tou
370,420,300,100,True,1.97031,True,5.14464e-19,3.47939e-19,kenya pen=0.5 phi=0.5 tou
370,440,300,100,True,1.98564,True,5.14464e-19,3.47939e-19,kenya pen=0.5 phi=0.5 tou
370,460,300,100,True,2.00098,True,5.14464e-19,3.47939e-19,kenya pen=0.5 phi=0.5 tou
370,480,300,100,True,2.01631,True,5.14464e-19,3.47939e-19,kenya pen=0.5 phi=0.5 tou
370,500,300,100,True,2.03164,True,5.14464e-19,3.47939e-19,kenya pen=0.5 phi=0.5 tou
370,520,300,100,True,2.04697,True,5.14464e-19,3.47939e-19,kenya pen=0.5 phi=0.5 tou
370,540,300,100,True,2.06231,True,5.14464e-19,3.47939e-19,kenya pen=0.5 phi=0.5 tou
370,560,300,100,True,2.07764,True,5.14464e-19,3.47939e-19,kenya pen=0.5 phi=0.5 tou
370,580,300,100,True,2.09297,True,5.14464e-19,3.47939e-19,kenya pen=0.5 phi=0.5 tou
370,600,300,100,True,2.10831,True,5.14464e-19,3.47939e-19,kenya pen=0.5 phi=0.5 tou
370,620,300,100,True,2.12364,True,5.14464e-19,3.47939e-19,kenya pen=0.5 phi=0.5 tou
370,640,300,100,True,2.13897,True,5.14464e-19,3.47939e-19,kenya pen=0.5 phi=0.5 tou
370,660,300,100,True,2.1543,True,5.14464e-19,3.47939e-19,kenya pen=0.5 phi=0.5 tou
370,680,300,100,True,2.16964,True,5.14464e-19,3.47939e-19,kenya pen=0.5 phi=0.5 tou
370,700,300,100,True,2.18497,True,5.14464e-19,3.47939e-19,kenya pen=0.5 phi=0.5 tou
370,720,300,100,True,2.2003,True,5.14464e-19,3.47939e-19,kenya pen=0.5 phi=0.5 tou
370,740,300,100,True,2.21563,True,5.14464e-19,3.47939e-19,kenya pen=0.5 phi=0.5 tou
370,760,300,100,True,2.23097,True,5.14464e-19,3.47939e-19,kenya pen=0.5 phi=0.5 tou
370,780,300,100,True,2.2463,True,5.14464e-19,3.47939e-19,kenya pen=0.5 phi=0.5 tou
370,800,300,100,True,2.26163,True,5.14464e-19,3.47939e-19,kenya pen=0.5 phi=0.5 tou
370,820,300,100,True,2.27697,True,5.14464e-19,3.47939e-19,kenya pen=0.5 phi=0.5 tou
370,840,300,100,True,2.2923,True,5.14464e-19,3.47939e-19,kenya pen=0.5 phi=0.5 tou
370,860,300,100,True,2.30763,True,5.14464e-19,3.47939e-19,kenya pen=0.5 phi=0.5 tou
370,880,300,100,True,2.32296,True,5.14464e-19,3.47939e-19,kenya pen=0.5 phi=0.5 tou
370,900,300,100,True,2.3383,True,5.14464e-19,3.47939e-19,kenya pen=0.5 phi=0.5 tou
370,920,300,100,True,2.35363,True,5.14464e-19,3.47939e-19,kenya pen=0.5 phi=0.5 tou
370,940,300,100,True,2.36896,True,5.14464e-19,3.47939e-19,kenya pen=0.5 phi=0.5 tou
370,960,300,100,True,2.38429,True,5.14464e-19,3.47939e-19,kenya pen=0.5 phi=0.5 tou
370,980,300,100,True,2.39963,True,5.14464e-19,3.47939e-19,kenya pen=0.5 phi=0.5 tou
370,1000,300,100,True,2.41496,True,5.14464e-19,3.47939e-19,kenya pen=0.5 phi=0.5 tou
370,1020,300,100,True,2.43029,True,5.14464e-19,3.47939e-19,kenya pen=0.5 phi=0.5 tou
370,1040,300,100,True,2.44563,True,5.14464e-19,3.47939e-19,kenya pen=0.5 phi=0.5 tou
370,1060,300,100,True,2.46096,True,5.14464e-19,3.47939e-19,kenya pen=0.5 phi=0.5 tou
370,1080,300,100,True,2.47629,True,5.14464e-19,3.47939e-19,kenya pen=0.5 phi=0.5 tou
370,1100,300,100,True,2.49162,True,5.14464e-19,3.47939e-19,kenya pen=0.5 phi=0.5 tou
370,1120,300,100,True,2.50696,True,5.14464e-19,3.47939e-19,kenya pen=0.5 phi=0.5 tou
370,1140,300,100,True,2.52229,True,5.14464e-19,3.47939e-19,kenya pen=0.5 phi=0.5 tou
370,1160,300,100,True,2.53762,True,5.14464e-19,3.47939e-19,kenya pen=0.5 phi=0.5 tou
370,1180,300,100,True,2.55296,True,5.14464e-19,3.47939e-19,kenya pen=0.5 phi=0.5 tou
370,1200,300,100,True,2.56829,True,5.14464e-19,3.47939e-19,kenya pen=0.5 phi=0.5 tou
370,1220,300,100,True,2.58362,True,5.14464e-19,3.47939e-19,kenya pen=0.5 phi=0.5 tou
370,1240,300,100,True,2.59895,True,5.14464e-19,3.47939e-19,kenya pen=0.5 phi=0.5 tou
370,1260,300,100,True,2.61429,True,5.14464e-19,3.47939e-19,kenya pen=0.5 phi=0.5 tou
370,1280,300,100,True,2.62962,True,5.14464e-19,3.47939e-19,kenya pen=0.5 phi=0.5 tou
370,1300,300,100,True,2.64495,True,5.14464e-19,3.47939e-19,kenya pen=0.5 phi=0.5 tou
370,1320,300,100,True,2.66028,True,5.14464e-19,3.47939e-19,kenya pen=0.5 phi=0.5 tou
370,1340,300,100,True,2.67562,True,5.14464e-19,3.47939e-19,kenya pen=0.5 phi=0.5 tou
370,1360,300,100,True,2.69095,True,5.14464e-19,3.47939e-19,kenya pen=0.5 phi=0.5 tou
370,1380,300,100,True,2.70628,True,5.14464e-19,3.47939e-19,kenya pen=0.5 phi=0.5 tou
370,1400,300,100,True,2.72162,True,5.14464e-19,3.47939e-19,kenya pen=0.5 phi=0.5 tou
375,0,300,100,True,2.33141,False,0.306785,0.292768,kenya pen=0.5 phi=0.5 tou
375,20,300,100,True,2.17981,False,0.279249,0.246251,kenya pen=0.5 phi=0.5 tou
375,40,300,100,True,2.04911,False,0.251866,0.199818,kenya pen=0.5 phi=0.5 tou
375,60,300,100,True,1.93551,False,0.224519,0.153444,kenya pen=0.5 phi=0.5 tou
375,80,300,100,True,1.85354,False,0.197171,0.110349,kenya pen=0.5 phi=0.5 tou
375,100,300,100,True,1.81061,False,0.169809,0.0749079,kenya pen=0.5 phi=0.5 tou
375,120,300,100,True,1.79247,False,0.142077,0.0481845,kenya pen=0.5 phi=0.5 tou
375,140,300,100,True,1.79037,False,0.113072,0.0298884,kenya pen=0.5 phi=0.5 tou
375,160,300,100,True,1.79522,False,0.0826537,0.0167796,kenya pen=0.5 phi=0.5 tou
375,180,300,100,True,1.80416,False,0.051147,0.00788726,kenya pen=0.5 phi=0.5 tou
375,200,300,100,True,1.81611,True,0.0229686,0.00283796,kenya pen=0.5 phi=0.5 tou
375,220,300,100,True,1.83012,True,0.00700152,0.000785746,kenya pen=0.5 phi=0.5 tou
375,240,300,100,True,1.84508,True,0.00198528,0.000203302,kenya pen=0.5 phi=0.5 tou
375,260,300,100,True,1.86032,True,0.000593387,5.06401e-05,kenya pen=0.5 phi=0.5 tou
375,280,300,100,True,1.87562,True,6.35649e-05,4.85773e-06,kenya pen=0.5 phi=0.5 tou
375,300,300,100,True,1.89095,True,4.99886e-19,3.45934e-19,kenya pen=0.5 phi=0.5 tou
375,320,300,100,True,1.90629,True,4.99886e-19,3.45934e-19,kenya pen=0.5 phi=0.5 tou
375,340,300,100,True,1.92162,True,4.99886e-19,3.45934e-19,kenya pen=0.5 phi=0.5 tou
375,360,300,100,True,1.93695,True,4.99886e-19,3.45934e-19,kenya pen=0.5 phi=0.5 tou
375,380,300,100,True,1.95228,True,4.99886e-19,3.45934e-19,kenya pen=0.5 phi=0.5 tou
375,400,300,100,True,1.96762,True,4.99886e-19,3.45934e-19,kenya pen=0.5 phi=0.5 tou
375,420,300,100,True,1.98295,True,4.99886e-19,3.45934e-19,kenya pen=0.5 phi=0.5 tou
375,440,300,100,True,1.99828,True,4.99886e-19,3.45934e-19,kenya pen=0.5 phi=0.5 tou
375,460,300,100,True,2.01361,True,4.99886e-19,3.45934e-19,kenya pen=0.5 phi=0.5 tou
375,480,300,100,True,2.02895,True,4.99886e-19,3.45934e-19,kenya pen=0.5 phi=0.5 tou
375,500,300,100,True,2.04428,True,4.99886e-19,3.45934e-19,kenya pen=0.5 phi=0.5 tou
375,520,300,100,True,2.05961,True,4.99886e-19,3.45934e-19,kenya pen=0.5 phi=0.5 tou
375,540,300,100,True,2.07495,True,4.99886e-19,3.45934e-19,kenya pen=0.5 phi=0.5 tou
375,560,300,100,True,2.09028,True,4.99886e-19,3.45934e-19,kenya pen=0.5 phi=0.5 tou
375,580,300,100,True,2.10561,True,4.99886e-19,3.45934e-19,kenya pen=0.5 phi=0.5 tou
375,600,300,100,True,2.12094,True,4.99886e-19,3.45934e-19,kenya pen=0.5 phi=0.5 tou
375,620,300,100,True,2.13628,True,4.99886e-19,3.45934e-19,kenya pen=0.5 phi=0.5 tou
375,640,300,100,True,2.15161,True,4.99886e-19,3.45934e-19,kenya pen=0.5 phi=0.5 tou
375,660,300,100,True,2.16694,True,4.99886e-19,3.45934e-19,kenya pen=0.5 phi=0.5 tou
375,680,300,100,True,2.18227,True,4.99886e-19,3.45934e-19,kenya pen=0.5 phi=0.5 tou
375,700,300,100,True,2.19761,True,4.99886e-19,3.45934e-19,kenya pen=0.5 phi=0.5 tou
375,720,300,100,True,2.21294,True,4.99886e-19,3.45934e-19,kenya pen=0.5 phi=0.5 tou
375,740,300,100,True,2.22827,True,4.99886e-19,3.45934e-19,kenya pen=0.5 phi=0.5 tou
375,760,300,100,True,2.24361,True,4.99886e-19,3.45934e-19,kenya pen=0.5 phi=0.5 tou
375,780,300,100,True,2.25894,True,4.99886e-19,3.45934e-19,kenya pen=0.5 phi=0.5 tou
375,800,300,100,True,2.27427,True,4.99886e-19,3.45934e-19,kenya pen=0.5 phi=0.5 tou
375,820,300,100,True,2.2896,True,4.99886e-19,3.45934e-19,kenya pen=0.5 phi=0.5 tou
375,840,300,100,True,2.30494,True,4.99886e-19,3.45934e-19,kenya pen=0.5 phi=0.5 tou
375,860,300,100,True,2.32027,True,4.99886e-19,3.45934e-19,kenya pen=0.5 phi=0.5 tou
375,880,300,100,True,2.3356,True,4.99886e-19,3.45934e-19,kenya pen=0.5 phi=0.5 tou
375,900,300,100,True,2.35093,True,4.99886e-19,3.45934e-19,kenya pen=0.5 phi=0.5 tou
375,920,300,100,True,2.36627,True,4.99886e-19,3.45934e-19,kenya pen=0.5 phi=0.5 tou
375,940,300,100,True,2.3816,True,4.99886e-19,3.45934e-19,kenya pen=0.5 phi=0.5 tou
375,960,300,100,True,2.39693,True,4.99886e-19,3.45934e-19,kenya pen=0.5 phi=0.5 tou
375,980,300,100,True,2.41227,True,4.99886e-19,3.45934e-19,kenya pen=0.5 phi=0.5 tou
375,1000,300,100,True,2.4276,True,4.99886e-19,3.45934e-19,kenya pen=0.5 phi=0.5 tou
375,1020,300,100,True,2.44293,True,4.99886e-19,3.45934e-19,kenya pen=0.5 phi=0.5 tou
375,1040,300,100,True,2.45826,True,4.99886e-19,3.45934e-19,kenya pen=0.5 phi=0.5 tou
375,1060,300,100,True,2.4736,True,4.99886e-19,3.45934e-19,kenya pen=0.5 phi=0.5 tou
375,1080,300,100,True,2.48893,True,4.99886e-19,3.45934e-19,kenya pen=0.5 phi=0.5 tou
375,1100,300,100,True,2.50426,True,4.99886e-19,3.45934e-19,kenya pen=0.5 phi=0.5 tou
375,1120,300,100,True,2.51959,True,4.99886e-19,3.45934e-19,kenya pen=0.5 phi=0.5 tou
375,1140,300,100,True,2.53493,True,4.99886e-19,3.45934e-19,kenya pen=0.5 phi=0.5 tou
375,1160,300,100,True,2.55026,True,4.99886e-19,3.45934e-19,kenya pen=0.5 phi=0.5 tou
375,1180,300,100,True,2.56559,True,4.99886e-19,3.45934e-19,kenya pen=0.5 phi=0.5 tou
375,1200,300,100,True,2.58093,True,4.99886e-19,3.45934e-19,kenya pen=0.5 phi=0.5 tou
375,1220,300,100,True,2.59626,True,4.99886e-19,3.45934e-19,kenya pen=0.5 phi=0.5 tou
375,1240,300,100,True,2.61159,True,4.99886e-19,3.45934e-19,kenya pen=0.5 phi=0.5 tou
375,1260,300,100,True,2.62692,True,4.99886e-19,3.45934e-19,kenya pen=0.5 phi=0.5 tou
375,1280,300,100,True,2.64226,True,4.99886e-19,3.45934e-19,kenya pen=0.5 phi=0.5 tou
375,1300,300,100,True,2.65759,True,4.99886e-19,3.45934e-19,kenya pen=0.5 phi=0.5 tou
375,1320,300,100,True,2.67292,True,4.99886e-19,3.45934e-19,kenya pen=0.5 phi=0.5 tou
375,1340,300,100,True,2.68825,True,4.99886e-19,3.45934e-19,kenya pen=0.5 phi=0.5 tou
375,1360,300,100,True,2.70359,True,4.99886e-19,3.45934e-19,kenya pen=0.5 phi=0.5 tou
375,1380,300,100,True,2.71892,True,4.99886e-19,3.45934e-19,kenya pen=0.5 phi=0.5 tou
375,1400,300,100,True,2.73425,True,4.99886e-19,3.45934e-19,kenya pen=0.5 phi=0.5 tou
380,0,300,100,True,2.3482,False,0.306245,0.2924,kenya pen=0.5 phi=0.5 tou
380,20,300,100,True,2.19543,False,0.278707,0.245886,kenya pen=0.5 phi=0.5 tou
380,40,300,100,True,2.06371,False,0.251325,0.199454,kenya pen=0.5 phi=0.5 tou
380,60,300,100,True,1.94921,False,0.223978,0.15308,kenya pen=0.5 phi=0.5 tou
380,80,300,100,True,1.86664,False,0.196631,0.109998,kenya pen=0.5 phi=0.5 tou
380,100,300,100,True,1.82339,False,0.169268,0.074583,kenya pen=0.5 phi=0.5 tou
380,120,300,100,True,1.80512,False,0.141531,0.04791,kenya pen=0.5 phi=0.5 tou
380,140,300,100,True,1.80298,False,0.112513,0.0296676,kenya pen=0.5 phi=0.5 tou
380,160,300,100,True,1.80781,False,0.0820805,0.0166059,kenya pen=0.5 phi=0.5 tou
380,180,300,100,True,1.81675,False,0.0505721,0.00776745,kenya pen=0.5 phi=0.5 tou
380,200,300,100,True,1.82872,True,0.0224928,0.00276978,kenya pen=0.5 phi=0.5 tou
380,220,300,100,True,1.84275,True,0.00674993,0.000756797,kenya pen=0.5 phi=0.5 tou
380,240,300,100,True,1.85772,True,0.00188933,0.00019297,kenya pen=0.5 phi=0.5 tou
380,260,300,100,True,1.87295,True,0.000538884,4.62711e-05,kenya pen=0.5 phi=0.5 tou
380,280,300,100,True,1.88826,True,6.08844e-05,4.65287e-06,kenya pen=0.5 phi=0.5 tou
380,300,300,100,True,1.90359,True,4.94089e-19,3.37239e-19,kenya pen=0.5 phi=0.5 tou
380,320,300,100,True,1.91892,True,4.94089e-19,3.37239e-19,kenya pen=0.5 phi=0.5 tou
380,340,300,100,True,1.93426,True,4.94089e-19,3.37239e-19,kenya pen=0.5 phi=0.5 tou
380,360,300,100,True,1.94959,True,4.94089e-19,3.37239e-19,kenya pen=0.5 phi=0.5 tou
380,380,300,100,True,1.96492,True,4.94089e-19,3.37239e-19,kenya pen=0.5 phi=0.5 tou
380,400,300,100,True,1.98025,True,4.94089e-19,3.37239e-19,kenya pen=0.5 phi=0.5 tou
380,420,300,100,True,1.99559,True,4.94089e-19,3.37239e-19,kenya pen=0.5 phi=0.5 tou
380,440,300,100,True,2.01092,True,4.94089e-19,3.37239e-19,kenya pen=0.5 phi=0.5 tou
380,460,300,100,True,2.02625,True,4.94089e-19,3.37239e-19,kenya pen=0.5 phi=0.5 tou
380,480,300,100,True,2.04159,True,4.94089e-19,3.37239e-19,kenya pen=0.5 phi=0.5 tou
380,500,300,100,True,2.05692,True,4.94089e-19,3.37239e-19,kenya pen=0.5 phi=0.5 tou
380,520,300,100,True,2.07225,True,4.94089e-19,3.37239e-19,kenya pen=0.5 phi=0.5 tou
380,540,300,100,True,2.08758,True,4.94089e-19,3.37239e-19,kenya pen=0.5 phi=0.5 tou
380,560,300,100,True,2.10292,True,4.94089e-19,3.37239e-19,kenya pen=0.5 phi=0.5 tou
380,580,300,100,True,2.11825,True,4.94089e-19,3.37239e-19,kenya pen=0.5 phi=0.5 tou
380,600,300,100,True,2.13358,True,4.94089e-19,3.37239e-19,kenya pen=0.5 phi=0.5 tou
380,620,300,100,True,2.14891,True,4.94089e-19,3.37239e-19,kenya pen=0.5 phi=0.5 tou
380,640,300,100,True,2.16425,True,4.94089e-19,3.37239e-19,kenya pen=0.5 phi=0.5 tou
380,660,300,100,True,2.17958,True,4.94089e-19,3.37239e-19,kenya pen=0.5 phi=0.5 tou
380,680,300,100,True,2.19491,True,4.94089e-19,3.37239e-19,kenya pen=0.5 phi=0.5 tou
380,700,300,100,True,2.21025,True,4.94089e-19,3.37239e-19,kenya pen=0.5 phi=0.5 tou
380,720,300,100,True,2.22558,True,4.94089e-19,3.37239e-19,kenya pen=0.5 phi=0.5 tou
380,740,300,100,True,2.24091,True,4.94089e-19,3.37239e-19,kenya pen=0.5 phi=0.5 tou
380,760,300,100,True,2.25624,True,4.94089e-19,3.37239e-19,kenya pen=0.5 phi=0.5 tou
380,780,300,100,True,2.27158,True,4.94089e-19,3.37239e-19,kenya pen=0.5 phi=0.5 tou
380,800,300,100,True,2.28691,True,4.94089e-19,3.37239e-19,kenya pen=0.5 phi=0.5 tou
380,820,300,100,True,2.30224,True,4.94089e-19,3.37239e-19,kenya pen=0.5 phi=0.5 tou
380,840,300,100,True,2.31757,True,4.94089e-19,3.37239e-19,kenya pen=0.5 phi=0.5 tou
380,860,300,100,True,2.33291,True,4.94089e-19,3.37239e-19,kenya pen=0.5 phi=0.5 tou
380,880,300,100,True,2.34824,True,4.94089e-19,3.37239e-19,kenya pen=0.5 phi=0.5 tou
380,900,300,100,True,2.36357,True,4.94089e-19,3.37239e-19,kenya pen=0.5 phi=0.5 tou
380,920,300,100,True,2.37891,True,4.94089e-19,3.37239e-19,kenya pen=0.5 phi=0.5 tou
380,940,300,100,True,2.39424,True,4.94089e-19,3.37239e-19,kenya pen=0.5 phi=0.5 tou
380,960,300,100,True,2.40957,True,4.94089e-19,3.37239e-19,kenya pen=0.5 phi=0.5 tou
380,980,300,100,True,2.4249,True,4.94089e-19,3.37239e-19,kenya pen=0.5 phi=0.5 tou
380,1000,300,100,True,2.44024,True,4.94089e-19,3.37239e-19,kenya pen=0.5 phi=0.5 tou
380,1020,300,100,True,2.45557,True,4.94089e-19,3.37239e-19,kenya pen=0.5 phi=0.5 tou
380,1040,300,100,True,2.4709,True,4.94089e-19,3.37239e-19,kenya pen=0.5 phi=0.5 tou
380,1060,300,100,True,2.48623,True,4.94089e-19,3.37239e-19,kenya pen=0.5 phi=0.5 tou
380,1080,300,100,True,2.50157,True,4.94089e-19,3.37239e-19,kenya pen=0.5 phi=0.5 tou
380,1100,300,100,True,2.5169,True,4.94089e-19,3.37239e-19,kenya pen=0.5 phi=0.5 tou
380,1120,300,100,True,2.53223,True,4.94089e-19,3.37239e-19,kenya pen=0.5 phi=0.5 tou
380,1140,300,100,True,2.54757,True,4.94089e-19,3.37239e-19,kenya pen=0.5 phi=0.5 tou
380,1160,300,100,True,2.5629,True,4.94089e-19,3.37239e-19,kenya pen=0.5 phi=0.5 tou
380,1180,300,100,True,2.57823,True,4.94089e-19,3.37239e-19,kenya pen=0.5 phi=0.5 tou
380,1200,300,100,True,2.59356,True,4.94089e-19,3.37239e-19,kenya pen=0.5 phi=0.5 tou
380,1220,300,100,True,2.6089,True,4.94089e-19,3.37239e-19,kenya pen=0.5 phi=0.5 tou
380,1240,300,100,True,2.62423,True,4.94089e-19,3.37239e-19,kenya pen=0.5 phi=0.5 tou
380,1260,300,100,True,2.63956,True,4.94089e-19,3.37239e-19,kenya pen=0.5 phi=0.5 tou
380,1280,300,100,True,2.65489,True,4.94089e-19,3.37239e-19,kenya pen=0.5 phi=0.5 tou
380,1300,300,100,True,2.67023,True,4.94089e-19,3.37239e-19,kenya pen=0.5 phi=0.5 tou
380,1320,300,100,True,2.68556,True,4.94089e-19,3.37239e-19,kenya pen=0.5 phi=0.5 tou
380,1340,300,100,True,2.70089,True,4.94089e-19,3.37239e-19,kenya pen=0.5 phi=0.5 tou
380,1360,300,100,True,2.71623,True,4.94089e-19,3.37239e-19,kenya pen=0.5 phi=0.5 tou
380,1380,300,100,True,2.73156,True,4.94089e-19,3.37239e-19,kenya pen=0.5 phi=0.5 tou
380,1400,300,100,True,2.74689,True,4.94089e-19,3.37239e-19,kenya pen=0.5 phi=0.5 tou
385,0,300,100,True,2.365,False,0.305713,0.292041,kenya pen=0.5 phi=0.5 tou
385,20,300,100,True,2.21106,False,0.278171,0.245529,kenya pen=0.5 phi=0.5 tou
385,40,300,100,True,2.07831,False,0.250792,0.199098,kenya pen=0.5 phi=0.5 tou
385,60,300,100,True,1.96293,False,0.223444,0.152725,kenya pen=0.5 phi=0.5 tou
385,80,300,100,True,1.87975,False,0.196097,0.109656,kenya pen=0.5 phi=0.5 tou
385,100,300,100,True,1.83617,False,0.168734,0.0742654,kenya pen=0.5 phi=0.5 tou
385,120,300,100,True,1.81778,False,0.140992,0.0476416,kenya pen=0.5 phi=0.5 tou
385,140,300,100,True,1.8156,False,0.11196,0.0294515,kenya pen=0.5 phi=0.5 tou
385,160,300,100,True,1.8204,False,0.0815148,0.0164357,kenya pen=0.5 phi=0.5 tou
385,180,300,100,True,1.82934,False,0.0500045,0.00765047,kenya pen=0.5 phi=0.5 tou
385,200,300,100,True,1.84133,True,0.0220334,0.00270405,kenya pen=0.5 phi=0.5 tou
385,220,300,100,True,1.85537,True,0.00650855,0.000729106,kenya pen=0.5 phi=0.5 tou
385,240,300,100,True,1.87035,True,0.00179348,0.000183406,kenya pen=0.5 phi=0.5 tou
385,260,300,100,True,1.88559,True,0.000484417,4.19051e-05,kenya pen=0.5 phi=0.5 tou
385,280,300,100,True,1.9009,True,5.82084e-05,4.44837e-06,kenya pen=0.5 phi=0.5 tou
385,300,300,100,True,1.91623,True,5.00413e-19,3.42682e-19,kenya pen=0.5 phi=0.5 tou
385,320,300,100,True,1.93156,True,5.00413e-19,3.42682e-19,kenya pen=0.5 phi=0.5 tou
385,340,300,100,True,1.94689,True,5.00413e-19,3.42682e-19,kenya pen=0.5 phi=0.5 tou
385,360,300,100,True,1.96223,True,5.00413e-19,3.42682e-19,kenya pen=0.5 phi=0.5 tou
385,380,300,100,True,1.97756,True,5.00413e-19,3.42682e-19,kenya pen=0.5 phi=0.5 tou
385,400,300,100,True,1.99289,True,5.00413e-19,3.42682e-19,kenya pen=0.5 phi=0.5 tou
385,420,300,100,True,2.00822,True,5.00413e-19,3.42682e-19,kenya pen=0.5 phi=0.5 tou
385,440,300,100,True,2.02356,True,5.00413e-19,3.42682e-19,kenya pen=0.5 phi=0.5 tou
385,460,300,100,True,2.03889,True,5.00413e-19,3.42682e-19,kenya pen=0.5 phi=0.5 tou
385,480,300,100,True,2.05422,True,5.00413e-19,3.42682e-19,kenya pen=0.5 phi=0.5 tou
385,500,300,100,True,2.06956,True,5.00413e-19,3.42682e-19,kenya pen=0.5 phi=0.5 tou
385,520,300,100,True,2.08489,True,5.00413e-19,3.42682e-19,kenya pen=0.5 phi=0.5 tou
385,540,300,100,True,2.10022,True,5.00413e-19,3.42682e-19,kenya pen=0.5 phi=0.5 tou
385,560,300,100,True,2.11555,True,5.00413e-19,3.42682e-19,kenya pen=0.5 phi=0.5 tou
385,580,300,100,True,2.13089,True,5.00413e-19,3.42682e-19,kenya pen=0.5 phi=0.5 tou
385,600,300,100,True,2.14622,True,5.00413e-19,3.42682e-19,kenya pen=0.5 phi=0.5 tou
385,620,300,100,True,2.16155,True,5.00413e-19,3.42682e-19,kenya pen=0.5 phi=0.5 tou
385,640,300,100,True,2.17688,True,5.00413e-19,3.42682e-19,kenya pen=0.5 phi=0.5 tou
385,660,300,100,True,2.19222,True,5.00413e-19,3.42682e-19,kenya pen=0.5 phi=0.5 tou
385,680,300,100,True,2.20755,True,5.00413e-19,3.42682e-19,kenya pen=0.5 phi=0.5 tou
385,700,300,100,True,2.22288,True,5.00413e-19,3.42682e-19,kenya pen=0.5 phi=0.5 tou
385,720,300,100,True,2.23822,True,5.00413e-19,3.42682e-19,kenya pen=0.5 phi=0.5 tou
385,740,300,100,True,2.25355,True,5.00413e-19,3.42682e-19,kenya pen=0.5 phi=0.5 tou
385,760,300,100,True,2.26888,True,5.00413e-19,3.42682e-19,kenya pen=0.5 phi=0.5 tou
385,780,300,100,True,2.28421,True,5.00413e-19,3.42682e-19,kenya pen=0.5 phi=0.5 tou
385,800,300,100,True,2.29955,True,5.00413e-19,3.42682e-19,kenya pen=0.5 phi=0.5 tou
385,820,300,100,True,2.31488,True,5.00413e-19,3.42682e-19,kenya pen=0.5 phi=0.5 tou
385,840,300,100,True,2.33021,True,5.00413e-19,3.42682e-19,kenya pen=0.5 phi=0.5 tou
385,860,300,100,True,2.34555,True,5.00413e-19,3.42682e-19,kenya pen=0.5 phi=0.5 tou
385,880,300,100,True,2.36088,True,5.00413e-19,3.42682e-19,kenya pen=0.5 phi=0.5 tou
385,900,300,100,True,2.37621,True,5.00413e-19,3.42682e-19,kenya pen=0.5 phi=0.5 tou
385,920,300,100,True,2.39154,True,5.00413e-19,3.42682e-19,kenya pen=0.5 phi=0.5 tou
385,940,300,100,True,2.40688,True,5.00413e-19,3.42682e-19,kenya pen=0.5 phi=0.5 tou
385,960,300,100,True,2.42221,True,5.00413e-19,3.42682e-19,kenya pen=0.5 phi=0.5 tou
385,980,300,100,True,2.43754,True,5.00413e-19,3.42682e-19,kenya pen=0.5 phi=0.5 tou
385,1000,300,100,True,2.45287,True,5.00413e-19,3.42682e-19,kenya pen=0.5 phi=0.5 tou
385,1020,300,100,True,2.46821,True,5.00413e-19,3.42682e-19,kenya pen=0.5 phi=0.5 tou
385,1040,300,100,True,2.48354,True,5.00413e-19,3.42682e-19,kenya pen=0.5 phi=0.5 tou
385,1060,300,100,True,2.49887,True,5.00413e-19,3.42682e-19,kenya pen=0.5 phi=0.5 tou
385,1080,300,100,True,2.51421,True,5.00413e-19,3.42682e-19,kenya pen=0.5 phi=0.5 tou
385,1100,300,100,True,2.52954,True,5.00413e-19,3.42682e-19,kenya pen=0.5 phi=0.5 tou
385,1120,300,100,True,2.54487,True,5.00413e-19,3.42682e-19,kenya pen=0.5 phi=0.5 tou
385,1140,300,100,True,2.5602,True,5.00413e-19,3.42682e-19,kenya pen=0.5 phi=0.5 tou
385,1160,300,100,True,2.57554,True,5.00413e-19,3.42682e-19,kenya pen=0.5 phi=0.5 tou
385,1180,300,100,True,2.59087,True,5.00413e-19,3.42682e-19,kenya pen=0.5 phi=0.5 tou
385,1200,300,100,True,2.6062,True,5.00413e-19,3.42682e-19,kenya pen=0.5 phi=0.5 tou
385,1220,300,100,True,2.62153,True,5.00413e-19,3.42682e-19,kenya pen=0.5 phi=0.5 tou
385,1240,300,100,True,2.63687,True,5.00413e-19,3.42682e-19,kenya pen=0.5 phi=0.5 tou
385,1260,300,100,True,2.6522,True,5.00413e-19,3.42682e-19,kenya pen=0.5 phi=0.5 tou
385,1280,300,100,True,2.66753,True,5.00413e-19,3.42682e-19,kenya pen=0.5 phi=0.5 tou
385,1300,300,100,True,2.68287,True,5.00413e-19,3.42682e-19,kenya pen=0.5 phi=0.5 tou
385,1320,300,100,True,2.6982,True,5.00413e-19,3.42682e-19,kenya pen=0.5 phi=0.5 tou
385,1340,300,100,True,2.71353,True,5.00413e-19,3.42682e-19,kenya pen=0.5 phi=0.5 tou
385,1360,300,100,True,2.72886,True,5.00413e-19,3.42682e-19,kenya pen=0.5 phi=0.5 tou
385,1380,300,100,True,2.7442,True,5.00413e-19,3.42682e-19,kenya pen=0.5 phi=0.5 tou
385,1400,300,100,True,2.75953,True,5.00413e-19,3.42682e-19,kenya pen=0.5 phi=0.5 tou
390,0,300,100,True,2.38182,False,0.305195,0.291691,kenya pen=0.5 phi=0.5 tou
390,20,300,100,True,2.2267,False,0.277649,0.245182,kenya pen=0.5 phi=0.5 tou
390,40,300,100,True,2.09292,False,0.250271,0.198752,kenya pen=0.5 phi=0.5 tou
390,60,300,100,True,1.97665,False,0.222923,0.15238,kenya pen=0.5 phi=0.5 tou
390,80,300,100,True,1.89287,False,0.195576,0.109324,kenya pen=0.5 phi=0.5 tou
390,100,300,100,True,1.84897,False,0.168212,0.0739568,kenya pen=0.5 phi=0.5 tou
390,120,300,100,True,1.83044,False,0.140466,0.0473812,kenya pen=0.5 phi=0.5 tou
390,140,300,100,True,1.82821,False,0.111421,0.0292417,kenya pen=0.5 phi=0.5 tou
390,160,300,100,True,1.83299,False,0.0809624,0.0162708,kenya pen=0.5 phi=0.5 tou
390,180,300,100,True,1.84194,True,0.049452,0.00753746,kenya pen=0.5 phi=0.5 tou
390,200,300,100,True,1.85393,True,0.0215899,0.00264142,kenya pen=0.5 phi=0.5 tou
390,220,300,100,True,1.86799,True,0.0062889,0.000704239,kenya pen=0.5 phi=0.5 tou
390,240,300,100,True,1.88298,True,0.00170478,0.000174746,kenya pen=0.5 phi=0.5 tou
390,260,300,100,True,1.89823,True,0.000445509,3.87285e-05,kenya pen=0.5 phi=0.5 tou
390,280,300,100,True,1.91354,True,5.5538e-05,4.2443e-06,kenya pen=0.5 phi=0.5 tou
390,300,300,100,True,1.92887,True,4.8601e-19,3.39053e-19,kenya pen=0.5 phi=0.5 tou
390,320,300,100,True,1.9442,True,4.8601e-19,3.39053e-19,kenya pen=0.5 phi=0.5 tou
390,340,300,100,True,1.95953,True,4.8601e-19,3.39053e-19,kenya pen=0.5 phi=0.5 tou
390,360,300,100,True,1.97486,True,4.8601e-19,3.39053e-19,kenya pen=0.5 phi=0.5 tou
390,380,300,100,True,1.9902,True,4.8601e-19,3.39053e-19,kenya pen=0.5 phi=0.5 tou
390,400,300,100,True,2.00553,True,4.8601e-19,3.39053e-19,kenya pen=0.5 phi=0.5 tou
390,420,300,100,True,2.02086,True,4.8601e-19,3.39053e-19,kenya pen=0.5 phi=0.5 tou
390,440,300,100,True,2.0362,True,4.8601e-19,3.39053e-19,kenya pen=0.5 phi=0.5 tou
390,460,300,100,True,2.05153,True,4.8601e-19,3.39053e-19,kenya pen=0.5 phi=0.5 tou
390,480,300,100,True,2.06686,True,4.8601e-19,3.39053e-19,kenya pen=0.5 phi=0.5 tou
390,500,300,100,True,2.08219,True,4.8601e-19,3.39053e-19,kenya pen=0.5 phi=0.5 tou
390,520,300,100,True,2.09753,True,4.8601e-19,3.39053e-19,kenya pen=0.5 phi=0.5 tou
390,540,300,100,True,2.11286,True,4.8601e-19,3.39053e-19,kenya pen=0.5 phi=0.5 tou
390,560,300,100,True,2.12819,True,4.8601e-19,3.39053e-19,kenya pen=0.5 phi=0.5 tou
390,580,300,100,True,2.14352,True,4.8601e-19,3.39053e-19,kenya pen=0.5 phi=0.5 tou
390,600,300,100,True,2.15886,True,4.8601e-19,3.39053e-19,kenya pen=0.5 phi=0.5 tou
390,620,300,100,True,2.17419,True,4.8601e-19,3.39053e-19,kenya pen=0.5 phi=0.5 tou
390,640,300,100,True,2.18952,True,4.8601e-19,3.39053e-19,kenya pen=0.5 phi=0.5 tou
390,660,300,100,True,2.20486,True,4.8601e-19,3.39053e-19,kenya pen=0.5 phi=0.5 tou
390,680,300,100,True,2.22019,True,4.8601e-19,3.39053e-19,kenya pen=0.5 phi=0.5 tou
390,700,300,100,True,2.23552,True,4.8601e-19,3.39053e-19,kenya pen=0.5 phi=0.5 tou
390,720,300,100,True,2.25085,True,4.8601e-19,3.39053e-19,kenya pen=0.5 phi=0.5 tou
390,740,300,100,True,2.26619,True,4.8601e-19,3.39053e-19,kenya pen=0.5 phi=0.5 tou
390,760,300,100,True,2.28152,True,4.8601e-19,3.39053e-19,kenya pen=0.5 phi=0.5 tou
390,780,300,100,True,2.29685,True,4.8601e-19,3.39053e-19,kenya pen=0.5 phi=0.5 tou
390,800,300,100,True,2.31218,True,4.8601e-19,3.39053e-19,kenya pen=0.5 phi=0.5 tou
390,820,300,100,True,2.32752,True,4.8601e-19,3.39053e-19,kenya pen=0.5 phi=0.5 tou
390,840,300,100,True,2.34285,True,4.8601e-19,3.39053e-19,kenya pen=0.5 phi=0.5 tou
390,860,300,100,True,2.35818,True,4.8601e-19,3.39053e-19,kenya pen=0.5 phi=0.5 tou
390,880,300,100,True,2.37352,True,4.8601e-19,3.39053e-19,kenya pen=0.5 phi=0.5 tou
390,900,300,100,True,2.38885,True,4.8601e-19,3.39053e-19,kenya pen=0.5 phi=0.5 tou
390,920,300,100,True,2.40418,True,4.8601e-19,3.39053e-19,kenya pen=0.5 phi=0.5 tou
390,940,300,100,True,2.41951,True,4.8601e-19,3.39053e-19,kenya pen=0.5 phi=0.5 tou
390,960,300,100,True,2.43485,True,4.8601e-19,3.39053e-19,kenya pen=0.5 phi=0.5 tou
390,980,300,100,True,2.45018,True,4.8601e-19,3.39053e-19,kenya pen=0.5 phi=0.5 tou
390,1000,300,100,True,2.46551,True,4.8601e-19,3.39053e-19,kenya pen=0.5 phi=0.5 tou
390,1020,300,100,True,2.48084,True,4.8601e-19,3.39053e-19,kenya pen=0.5 phi=0.5 tou
390,1040,300,100,True,2.49618,True,4.8601e-19,3.39053e-19,kenya pen=0.5 phi=0.5 tou
390,1060,300,100,True,2.51151,True,4.8601e-19,3.39053e-19,kenya pen=0.5 phi=0.5 tou
390,1080,300,100,True,2.52684,True,4.8601e-19,3.39053e-19,kenya pen=0.5 phi=0.5 tou
390,1100,300,100,True,2.54218,True,4.8601e-19,3.39053e-19,kenya pen=0.5 phi=0.5 tou
390,1120,300,100,True,2.55751,True,4.8601e-19,3.39053e-19,kenya pen=0.5 phi=0.5 tou
390,1140,300,100,True,2.57284,True,4.8601e-19,3.39053e-19,kenya pen=0.5 phi=0.5 tou
390,1160,300,100,True,2.58817,True,4.8601e-19,3.39053e-19,kenya pen=0.5 phi=0.5 tou
390,1180,300,100,True,2.60351,True,4.8601e-19,3.39053e-19,kenya pen=0.5 phi=0.5 tou
390,1200,300,100,True,2.61884,True,4.8601e-19,3.39053e-19,kenya pen=0.5 phi=0.5 tou
390,1220,300,100,True,2.63417,True,4.8601e-19,3.39053e-19,kenya pen=0.5 phi=0.5 tou
390,1240,300,100,True,2.6495,True,4.8601e-19,3.39053e-19,kenya pen=0.5 phi=0.5 tou
390,1260,300,100,True,2.66484,True,4.8601e-19,3.39053e-19,kenya pen=0.5 phi=0.5 tou
390,1280,300,100,True,2.68017,True,4.8601e-19,3.39053e-19,kenya pen=0.5 phi=0.5 tou
390,1300,300,100,True,2.6955,True,4.8601e-19,3.39053e-19,kenya pen=0.5 phi=0.5 tou
390,1320,300,100,True,2.71084,True,4.8601e-19,3.39053e-19,kenya pen=0.5 phi=0.5 tou
390,1340,300,100,True,2.72617,True,4.8601e-19,3.39053e-19,kenya pen=0.5 phi=0.5 tou
390,1360,300,100,True,2.7415,True,4.8601e-19,3.39053e-19,kenya pen=0.5 phi=0.5 tou
390,1380,300,100,True,2.75683,True,4.8601e-19,3.39053e-19,kenya pen=0.5 phi=0.5 tou
390,1400,300,100,True,2.77217,True,4.8601e-19,3.39053e-19,kenya pen=0.5 phi=0.5 tou
395,0,300,100,True,2.39865,False,0.304691,0.291352,kenya pen=0.5 phi=0.5 tou
395,20,300,100,True,2.24235,False,0.277141,0.244845,kenya pen=0.5 phi=0.5 tou
395,40,300,100,True,2.10755,False,0.249765,0.198415,kenya pen=0.5 phi=0.5 tou
395,60,300,100,True,1.99038,False,0.222417,0.152044,kenya pen=0.5 phi=0.5 tou
395,80,300,100,True,1.90599,False,0.19507,0.109,kenya pen=0.5 phi=0.5 tou
395,100,300,100,True,1.86176,False,0.167706,0.0736569,kenya pen=0.5 phi=0.5 tou
395,120,300,100,True,1.8431,False,0.139955,0.0471278,kenya pen=0.5 phi=0.5 tou
395,140,300,100,True,1.84083,False,0.110898,0.0290371,kenya pen=0.5 phi=0.5 tou
395,160,300,100,True,1.84559,False,0.0804262,0.0161101,kenya pen=0.5 phi=0.5 tou
395,180,300,100,True,1.85453,True,0.0489171,0.0074276,kenya pen=0.5 phi=0.5 tou
395,200,300,100,True,1.86654,True,0.0211673,0.00258169,kenya pen=0.5 phi=0.5 tou
395,220,300,100,True,1.88062,True,0.00610038,0.000682354,kenya pen=0.5 phi=0.5 tou
395,240,300,100,True,1.89562,True,0.00164483,0.000168305,kenya pen=0.5 phi=0.5 tou
395,260,300,100,True,1.91086,True,0.000424798,3.6943e-05,kenya pen=0.5 phi=0.5 tou
395,280,300,100,True,1.92617,True,5.28734e-05,4.04066e-06,kenya pen=0.5 phi=0.5 tou
395,300,300,100,True,1.9415,True,4.969e-19,3.38883e-19,kenya pen=0.5 phi=0.5 tou
395,320,300,100,True,1.95684,True,4.969e-19,3.38883e-19,kenya pen=0.5 phi=0.5 tou
395,340,300,100,True,1.97217,True,4.969e-19,3.38883e-19,kenya pen=0.5 phi=0.5 tou
395,360,300,100,True,1.9875,True,4.969e-19,3.38883e-19,kenya pen=0.5 phi=0.5 tou
395,380,300,100,True,2.00284,True,4.969e-19,3.38883e-19,kenya pen=0.5 phi=0.5 tou
395,400,300,100,True,2.01817,True,4.969e-19,3.38883e-19,kenya pen=0.5 phi=0.5 tou
395,420,300,100,True,2.0335,True,4.969e-19,3.38883e-19,kenya pen=0.5 phi=0.5 tou
395,440,300,100,True,2.04883,True,4.969e-19,3.38883e-19,kenya pen=0.5 phi=0.5 tou
395,460,300,100,True,2.06417,True,4.969e-19,3.38883e-19,kenya pen=0.5 phi=0.5 tou
395,480,300,100,True,2.0795,True,4.969e-19,3.38883e-19,kenya pen=0.5 phi=0.5 tou
395,500,300,100,True,2.09483,True,4.969e-19,3.38883e-19,kenya pen=0.5 phi=0.5 tou
395,520,300,100,True,2.11016,True,4.969e-19,3.38883e-19,kenya pen=0.5 phi=0.5 tou
395,540,300,100,True,2.1255,True,4.969e-19,3.38883e-19,kenya pen=0.5 phi=0.5 tou
395,560,300,100,True,2.14083,True,4.969e-19,3.38883e-19,kenya pen=0.5 phi=0.5 tou
395,580,300,100,True,2.15616,True,4.969e-19,3.38883e-19,kenya pen=0.5 phi=0.5 tou
395,600,300,100,True,2.1715,True,4.969e-19,3.38883e-19,kenya pen=0.5 phi=0.5 tou
395,620,300,100,True,2.18683,True,4.969e-19,3.38883e-19,kenya pen=0.5 phi=0.5 tou
395,640,300,100,True,2.20216,True,4.969e-19,3.38883e-19,kenya pen=0.5 phi=0.5 tou
395,660,300,100,True,2.21749,True,4.969e-19,3.38883e-19,kenya pen=0.5 phi=0.5 tou
395,680,300,100,True,2.23283,True,4.969e-19,3.38883e-19,kenya pen=0.5 phi=0.5 tou
395,700,300,100,True,2.24816,True,4.969e-19,3.38883e-19,kenya pen=0.5 phi=0.5 tou
395,720,300,100,True,2.26349,True,4.969e-19,3.38883e-19,kenya pen=0.5 phi=0.5 tou
395,740,300,100,True,2.27882,True,4.969e-19,3.38883e-19,kenya pen=0.5 phi=0.5 tou
395,760,300,100,True,2.29416,True,4.969e-19,3.38883e-19,kenya pen=0.5 phi=0.5 tou
395,780,300,100,True,2.30949,True,4.969e-19,3.38883e-19,kenya pen=0.5 phi=0.5 tou
395,800,300,100,True,2.32482,True,4.969e-19,3.38883e-19,kenya pen=0.5 phi=0.5 tou
395,820,300,100,True,2.34016,True,4.969e-19,3.38883e-19,kenya pen=0.5 phi=0.5 tou
395,840,300,100,True,2.35549,True,4.969e-19,3.38883e-19,kenya pen=0.5 phi=0.5 tou
395,860,300,100,True,2.37082,True,4.969e-19,3.38883e-19,kenya pen=0.5 phi=0.5 tou
395,880,300,100,True,2.38615,True,4.969e-19,3.38883e-19,kenya pen=0.5 phi=0.5 tou
395,900,300,100,True,2.40149,True,4.969e-19,3.38883e-19,kenya pen=0.5 phi=0.5 tou
395,920,300,100,True,2.41682,True,4.969e-19,3.38883e-19,kenya pen=0.5 phi=0.5 tou
395,940,300,100,True,2.43215,True,4.969e-19,3.38883e-19,kenya pen=0.5 phi=0.5 tou
395,960,300,100,True,2.44748,True,4.969e-19,3.38883e-19,kenya pen=0.5 phi=0.5 tou
395,980,300,100,True,2.46282,True,4.969e-19,3.38883e-19,kenya pen=0.5 phi=0.5 tou
395,1000,300,100,True,2.47815,True,4.969e-19,3.38883e-19,kenya pen=0.5 phi=0.5 tou
395,1020,300,100,True,2.49348,True,4.969e-19,3.38883e-19,kenya pen=0.5 phi=0.5 tou
395,1040,300,100,True,2.50882,True,4.969e-19,3.38883e-19,kenya pen=0.5 phi=0.5 tou
395,1060,300,100,True,2.52415,True,4.969e-19,3.38883e-19,kenya pen=0.5 phi=0.5 tou
395,1080,300,100,True,2.53948,True,4.969e-19,3.38883e-19,kenya pen=0.5 phi=0.5 tou
395,1100,300,100,True,2.55481,True,4.969e-19,3.38883e-19,kenya pen=0.5 phi=0.5 tou
395,1120,300,100,True,2.57015,True,4.969e-19,3.38883e-19,kenya pen=0.5 phi=0.5 tou
395,1140,300,100,True,2.58548,True,4.969e-19,3.38883e-19,kenya pen=0.5 phi=0.5 tou
395,1160,300,100,True,2.60081,True,4.969e-19,3.38883e-19,kenya pen=0.5 phi=0.5 tou
395,1180,300,100,True,2.61614,True,4.969e-19,3.38883e-19,kenya pen=0.5 phi=0.5 tou
395,1200,300,100,True,2.63148,True,4.969e-19,3.38883e-19,kenya pen=0.5 phi=0.5 tou
395,1220,300,100,True,2.64681,True,4.969e-19,3.38883e-19,kenya pen=0.5 phi=0.5 tou
395,1240,300,100,True,2.66214,True,4.969e-19,3.38883e-19,kenya pen=0.5 phi=0.5 tou
395,1260,300,100,True,2.67748,True,4.969e-19,3.38883e-19,kenya pen=0.5 phi=0.5 tou
395,1280,300,100,True,2.69281,True,4.969e-19,3.38883e-19,kenya pen=0.5 phi=0.5 tou
395,1300,300,100,True,2.70814,True,4.969e-19,3.38883e-19,kenya pen=0.5 phi=0.5 tou
395,1320,300,100,True,2.72347,True,4.969e-19,3.38883e-19,kenya pen=0.5 phi=0.5 tou
395,1340,300,100,True,2.73881,True,4.969e-19,3.38883e-19,kenya pen=0.5 phi=0.5 tou
395,1360,300,100,True,2.75414,True,4.969e-19,3.38883e-19,kenya pen=0.5 phi=0.5 tou
395,1380,300,100,True,2.76947,True,4.969e-19,3.38883e-19,kenya pen=0.5 phi=0.5 tou
395,1400,300,100,True,2.7848,True,4.969e-19,3.38883e-19,kenya pen=0.5 phi=0.5 tou
400,0,300,100,True,2.41549,False,0.304196,0.291021,kenya pen=0.5 phi=0.5 tou
400,20,300,100,True,2.25801,False,0.276644,0.244516,kenya pen=0.5 phi=0.5 tou
400,40,300,100,True,2.12218,False,0.249269,0.198087,kenya pen=0.5 phi=0.5 tou
400,60,300,100,True,2.00411,False,0.221922,0.151716,kenya pen=0.5 phi=0.5 tou
400,80,300,100,True,1.91912,False,0.194574,0.108685,kenya pen=0.5 phi=0.5 tou
400,100,300,100,True,1.87457,False,0.16721,0.0733645,kenya pen=0.5 phi=0.5 tou
400,120,300,100,True,1.85577,False,0.139454,0.0468803,kenya pen=0.5 phi=0.5 tou
400,140,300,100,True,1.85345,False,0.110385,0.0288373,kenya pen=0.5 phi=0.5 tou
400,160,300,100,True,1.85818,False,0.0799007,0.0159535,kenya pen=0.5 phi=0.5 tou
400,180,300,100,True,1.86713,True,0.0483957,0.00732098,kenya pen=0.5 phi=0.5 tou
400,200,300,100,True,1.87915,True,0.0207573,0.0025245,kenya pen=0.5 phi=0.5 tou
400,220,300,100,True,1.89325,True,0.00592094,0.000661376,kenya pen=0.5 phi=0.5 tou
400,240,300,100,True,1.90825,True,0.00159816,0.000162882,kenya pen=0.5 phi=0.5 tou
400,260,300,100,True,1.9235,True,0.000404121,3.51603e-05,kenya pen=0.5 phi=0.5 tou
400,280,300,100,True,1.93881,True,5.02135e-05,3.83739e-06,kenya pen=0.5 phi=0.5 tou
400,300,300,100,True,1.95414,True,4.78633e-19,3.39538e-19,kenya pen=0.5 phi=0.5 tou
400,320,300,100,True,1.96948,True,4.78633e-19,3.39538e-19,kenya pen=0.5 phi=0.5 tou
400,340,300,100,True,1.98481,True,4.78633e-19,3.39538e-19,kenya pen=0.5 phi=0.5 tou
400,360,300,100,True,2.00014,True,4.78633e-19,3.39538e-19,kenya pen=0.5 phi=0.5 tou
400,380,300,100,True,2.01547,True,4.78633e-19,3.39538e-19,kenya pen=0.5 phi=0.5 tou
400,400,300,100,True,2.03081,True,4.78633e-19,3.39538e-19,kenya pen=0.5 phi=0.5 tou
400,420,300,100,True,2.04614,True,4.78633e-19,3.39538e-19,kenya pen=0.5 phi=0.5 tou
400,440,300,100,True,2.06147,True,4.78633e-19,3.39538e-19,kenya pen=0.5 phi=0.5 tou
400,460,300,100,True,2.0768,True,4.78633e-19,3.39538e-19,kenya pen=0.5 phi=0.5 tou
400,480,300,100,True,2.09214,True,4.78633e-19,3.39538e-19,kenya pen=0.5 phi=0.5 tou
400,500,300,100,True,2.10747,True,4.78633e-19,3.39538e-19,kenya pen=0.5 phi=0.5 tou
400,520,300,100,True,2.1228,True,4.78633e-19,3.39538e-19,kenya pen=0.5 phi=0.5 tou
400,540,300,100,True,2.13814,True,4.78633e-19,3.39538e-19,kenya pen=0.5 phi=0.5 tou
400,560,300,100,True,2.15347,True,4.78633e-19,3.39538e-19,kenya pen=0.5 phi=0.5 tou
400,580,300,100,True,2.1688,True,4.78633e-19,3.39538e-19,kenya pen=0.5 phi=0.5 tou
400,600,300,100,True,2.18413,True,4.78633e-19,3.39538e-19,kenya pen=0.5 phi=0.5 tou
400,620,300,100,True,2.19947,True,4.78633e-19,3.39538e-19,kenya pen=0.5 phi=0.5 tou
400,640,300,100,True,2.2148,True,4.78633e-19,3.39538e-19,kenya pen=0.5 phi=0.5 tou
400,660,300,100,True,2.23013,True,4.78633e-19,3.39538e-19,kenya pen=0.5 phi=0.5 tou
400,680,300,100,True,2.24546,True,4.78633e-19,3.39538e-19,kenya pen=0.5 phi=0.5 tou
400,700,300,100,True,2.2608,True,4.78633e-19,3.39538e-19,kenya pen=0.5 phi=0.5 tou
400,720,300,100,True,2.27613,True,4.78633e-19,3.39538e-19,kenya pen=0.5 phi=0.5 tou
400,740,300,100,True,2.29146,True,4.78633e-19,3.39538e-19,kenya pen=0.5 phi=0.5 tou
400,760,300,100,True,2.3068,True,4.78633e-19,3.39538e-19,kenya pen=0.5 phi=0.5 tou
400,780,300,100,True,2.32213,True,4.78633e-19,3.39538e-19,kenya pen=0.5 phi=0.5 tou
400,800,300,100,True,2.33746,True,4.78633e-19,3.39538e-19,kenya pen=0.5 phi=0.5 tou
400,820,300,100,True,2.35279,True,4.78633e-19,3.39538e-19,kenya pen=0.5 phi=0.5 tou
400,840,300,100,True,2.36813,True,4.78633e-19,3.39538e-19,kenya pen=0.5 phi=0.5 tou
400,860,300,100,True,2.38346,True,4.78633e-19,3.39538e-19,kenya pen=0.5 phi=0.5 tou
400,880,300,100,True,2.39879,True,4.78633e-19,3.39538e-19,kenya pen=0.5 phi=0.5 tou
400,900,300,100,True,2.41412,True,4.78633e-19,3.39538e-19,kenya pen=0.5 phi=0.5 tou
400,920,300,100,True,2.42946,True,4.78633e-19,3.39538e-19,kenya pen=0.5 phi=0.5 tou
400,940,300,100,True,2.44479,True,4.78633e-19,3.39538e-19,kenya pen=0.5 phi=0.5 tou
400,960,300,100,True,2.46012,True,4.78633e-19,3.39538e-19,kenya pen=0.5 phi=0.5 tou
400,980,300,100,True,2.47546,True,4.78633e-19,3.39538e-19,kenya pen=0.5 phi=0.5 tou
400,1000,300,100,True,2.49079,True,4.78633e-19,3.39538e-19,kenya pen=0.5 phi=0.5 tou
400,1020,300,100,True,2.50612,True,4.78633e-19,3.39538e-19,kenya pen=0.5 phi=0.5 tou
400,1040,300,100,True,2.52145,True,4.78633e-19,3.39538e-19,kenya pen=0.5 phi=0.5 tou
400,1060,300,100,True,2.53679,True,4.78633e-19,3.39538e-19,kenya pen=0.5 phi=0.5 tou
400,1080,300,100,True,2.55212,True,4.78633e-19,3.39538e-19,kenya pen=0.5 phi=0.5 tou
400,1100,300,100,True,2.56745,True,4.78633e-19,3.39538e-19,kenya pen=0.5 phi=0.5 tou
400,1120,300,100,True,2.58278,True,4.78633e-19,3.39538e-19,kenya pen=0.5 phi=0.5 tou
400,1140,300,100,True,2.59812,True,4.78633e-19,3.39538e-19,kenya pen=0.5 phi=0.5 tou
400,1160,300,100,True,2.61345,True,4.78633e-19,3.39538e-19,kenya pen=0.5 phi=0.5 tou
400,1180,300,100,True,2.62878,True,4.78633e-19,3.39538e-19,kenya pen=0.5 phi=0.5 tou
400,1200,300,100,True,2.64412,True,4.78633e-19,3.39538e-19,kenya pen=0.5 phi=0.5 tou
400,1220,300,100,True,2.65945,True,4.78633e-19,3.39538e-19,kenya pen=0.5 phi=0.5 tou
400,1240,300,100,True,2.67478,True,4.78633e-19,3.39538e-19,kenya pen=0.5 phi=0.5 tou
400,1260,300,100,True,2.69011,True,4.78633e-19,3.39538e-19,kenya pen=0.5 phi=0.5 tou
400,1280,300,100,True,2.70545,True,4.78633e-19,3.39538e-19,kenya pen=0.5 phi=0.5 tou
400,1300,300,100,True,2.72078,True,4.78633e-19,3.39538e-19,kenya pen=0.5 phi=0.5 tou
400,1320,300,100,True,2.73611,True,4.78633e-19,3.39538e-19,kenya pen=0.5 phi=0.5 tou
400,1340,300,100,True,2.75144,True,4.78633e-19,3.39538e-19,kenya pen=0.5 phi=0.5 tou
400,1360,300,100,True,2.76678,True,4.78633e-19,3.39538e-19,kenya pen=0.5 phi=0.5 tou
400,1380,300,100,True,2.78211,True,4.78633e-19,3.39538e-19,kenya pen=0.5 phi=0.5 tou
400,1400,300,100,True,2.79744,True,4.78633e-19,3.39538e-19,kenya pen=0.5 phi=0.5 tou
